"pur_id","pur_slm_id","pur_gold_cost","pur_labor_cost","pur_method","pur_official_invoice","pur_date","pur_billing_date","pur_weight","pur_invoice_no","pur_last_update","pur_created_at","pur_total_trade_in_amt","pur_total_cash_amt","pur_total_amt","pur_payment_status","pur_code"
PUR_100001,SLM_100006,128.0,0,CASH,1,2011-01-01,2011-01-01,0,,2025-04-03 16:06:56.290,2025-04-03 16:06:56.290,,,,PAID,"0111MG"
PUR_100002,SLM_100007,127.5,0,CASH,1,2011-01-01,2011-01-01,0,,2025-04-03 16:06:56.290,2025-04-03 16:06:56.290,,,,PAID,"0111SLG"
PUR_100003,SLM_100008,156.5,0,CASH,1,2012-01-01,2012-01-01,0,,2025-04-03 16:06:56.290,2025-04-03 16:06:56.290,,,,PAID,"0112MH"
PUR_100004,SLM_100009,155.0,0,CASH,1,2012-01-01,2012-01-01,0,,2025-04-03 16:06:56.350,2025-04-03 16:06:56.350,,,,PAID,"0112SH"
PUR_100005,SLM_100007,157.5,0,CASH,1,2012-01-01,2012-01-01,0,,2025-04-03 16:06:56.350,2025-04-03 16:06:56.350,,,,PAID,"0112SLG"
PUR_100006,SLM_100010,157.0,0,CASH,1,2012-01-01,2012-01-01,0,,2025-04-03 16:06:56.350,2025-04-03 16:06:56.350,,,,PAID,"0112YX"
PUR_100007,SLM_100011,155.0,0,CASH,1,2013-01-01,2013-01-01,0,,2025-04-03 16:06:56.406,2025-04-03 16:06:56.406,,,,PAID,"0113GBT"
PUR_100008,SLM_100007,157.0,0,CASH,1,2013-01-01,2013-01-01,0,,2025-04-03 16:06:56.406,2025-04-03 16:06:56.406,,,,PAID,"0113SLG"
PUR_100009,SLM_100010,152.5,0,CASH,1,2013-01-01,2013-01-01,0,,2025-04-03 16:06:56.406,2025-04-03 16:06:56.406,,,,PAID,"0113YX"
PUR_100010,SLM_100012,123.0,0,CASH,1,2014-01-01,2014-01-01,0,,2025-04-03 16:06:56.465,2025-04-03 16:06:56.465,,,,PAID,"0114MGI"
PUR_100011,SLM_100007,123.5,0,CASH,1,2014-01-01,2014-01-01,0,,2025-04-03 16:06:56.465,2025-04-03 16:06:56.465,,,,PAID,"0114SLG"
PUR_100012,SLM_100010,124.0,0,CASH,1,2014-01-01,2014-01-01,0,,2025-04-03 16:06:56.465,2025-04-03 16:06:56.465,,,,PAID,"0114YX"
PUR_100013,SLM_100013,131.2,0,CASH,1,2015-01-01,2015-01-01,0,,2025-04-03 16:06:56.521,2025-04-03 16:06:56.521,,,,PAID,"0115DE"
PUR_100014,SLM_100014,140.8,0,CASH,1,2015-01-01,2015-01-01,0,,2025-04-03 16:06:56.521,2025-04-03 16:06:56.521,,,,PAID,"0115FS"
PUR_100015,SLM_100011,141.6,0,CASH,1,2015-01-01,2015-01-01,0,,2025-04-03 16:06:56.521,2025-04-03 16:06:56.521,,,,PAID,"0115GBT"
PUR_100016,SLM_100012,129.8,0,CASH,1,2015-01-01,2015-01-01,0,,2025-04-03 16:06:56.587,2025-04-03 16:06:56.587,,,,PAID,"0115MGI"
PUR_100017,SLM_100007,134.0,0,CASH,1,2015-01-01,2015-01-01,0,,2025-04-03 16:06:56.587,2025-04-03 16:06:56.587,,,,PAID,"0115SLG"
PUR_100018,SLM_100010,135.0,0,CASH,1,2015-01-01,2015-01-01,0,,2025-04-03 16:06:56.587,2025-04-03 16:06:56.587,,,,PAID,"0115YX"
PUR_100019,SLM_100011,144.8,0,CASH,1,2016-01-01,2016-01-01,0,,2025-04-03 16:06:56.666,2025-04-03 16:06:56.666,,,,PAID,"0116GBT"
PUR_100020,SLM_100012,144.0,0,CASH,1,2016-01-01,2016-01-01,0,,2025-04-03 16:06:56.666,2025-04-03 16:06:56.666,,,,PAID,"0116MGI"
PUR_100021,SLM_100007,148.05,0,CASH,1,2016-01-01,2016-01-01,0,,2025-04-03 16:06:56.666,2025-04-03 16:06:56.666,,,,PAID,"0116SLG"
PUR_100022,SLM_100015,144.3,0,CASH,1,2016-01-01,2016-01-01,0,,2025-04-03 16:06:56.714,2025-04-03 16:06:56.714,,,,PAID,"0116YF"
PUR_100023,SLM_100010,140.6,0,CASH,1,2016-01-01,2016-01-01,0,,2025-04-03 16:06:56.714,2025-04-03 16:06:56.714,,,,PAID,"0116YX"
PUR_100024,SLM_100013,164.2,0,CASH,1,2017-01-01,2017-01-01,0,,2025-04-03 16:06:56.714,2025-04-03 16:06:56.714,,,,PAID,"0117DE"
PUR_100025,SLM_100016,156.2,0,CASH,1,2017-01-01,2017-01-01,0,,2025-04-03 16:06:56.765,2025-04-03 16:06:56.765,,,,PAID,"0117HL"
PUR_100026,SLM_100012,159.5,0,CASH,1,2017-01-01,2017-01-01,0,,2025-04-03 16:06:56.765,2025-04-03 16:06:56.765,,,,PAID,"0117MGI"
PUR_100027,SLM_100007,163.9,0,CASH,1,2017-01-01,2017-01-01,0,,2025-04-03 16:06:56.765,2025-04-03 16:06:56.765,,,,PAID,"0117SLG"
PUR_100028,SLM_100017,162.6,0,CASH,1,2017-01-01,2017-01-01,0,,2025-04-03 16:06:56.815,2025-04-03 16:06:56.815,,,,PAID,"0117XW"
PUR_100029,SLM_100010,163.6,0,CASH,1,2017-01-01,2017-01-01,0,,2025-04-03 16:06:56.815,2025-04-03 16:06:56.815,,,,PAID,"0117YX"
PUR_100030,SLM_100013,159.4,0,CASH,1,2018-01-01,2018-01-01,0,,2025-04-03 16:06:56.815,2025-04-03 16:06:56.815,,,,PAID,"0118DE"
PUR_100031,SLM_100007,160.9,0,CASH,1,2018-01-01,2018-01-01,0,,2025-04-03 16:06:56.869,2025-04-03 16:06:56.869,,,,PAID,"0118SLG"
PUR_100032,SLM_100017,158.6,0,CASH,1,2018-01-01,2018-01-01,0,,2025-04-03 16:06:56.869,2025-04-03 16:06:56.869,,,,PAID,"0118XW"
PUR_100033,SLM_100015,159.7,0,CASH,1,2018-01-01,2018-01-01,0,,2025-04-03 16:06:56.869,2025-04-03 16:06:56.869,,,,PAID,"0118YF"
PUR_100034,SLM_100018,160.5,0,CASH,1,2018-01-01,2018-01-01,0,,2025-04-03 16:06:56.921,2025-04-03 16:06:56.921,,,,PAID,"0118YM"
PUR_100035,SLM_100010,159.1,0,CASH,1,2018-01-01,2018-01-01,0,,2025-04-03 16:06:56.921,2025-04-03 16:06:56.921,,,,PAID,"0118YX"
PUR_100036,SLM_100011,161.53,0,CASH,1,2019-01-01,2019-01-01,0,,2025-04-03 16:06:56.921,2025-04-03 16:06:56.921,,,,PAID,"0119GBT"
PUR_100037,SLM_100007,161.98,0,CASH,1,2019-01-01,2019-01-01,0,,2025-04-03 16:06:56.969,2025-04-03 16:06:56.969,,,,PAID,"0119SLG"
PUR_100038,SLM_100017,160.71,0,CASH,1,2019-01-01,2019-01-01,0,,2025-04-03 16:06:56.969,2025-04-03 16:06:56.969,,,,PAID,"0119XW"
PUR_100039,SLM_100018,160.03,0,CASH,1,2019-01-01,2019-01-01,0,,2025-04-03 16:06:56.969,2025-04-03 16:06:56.969,,,,PAID,"0119YM"
PUR_100040,SLM_100010,163.54,0,CASH,1,2019-01-01,2019-01-01,0,,2025-04-03 16:06:57.028,2025-04-03 16:06:57.028,,,,PAID,"0119YX"
PUR_100041,SLM_100011,191.64,0,CASH,1,2020-01-01,2020-01-01,0,,2025-04-03 16:06:57.028,2025-04-03 16:06:57.028,,,,PAID,"0120GBT"
PUR_100042,SLM_100019,191.69,0,CASH,1,2020-01-01,2020-01-01,0,,2025-04-03 16:06:57.028,2025-04-03 16:06:57.028,,,,PAID,"0120LUX"
PUR_100043,SLM_100007,197.0,0,CASH,1,2020-01-01,2020-01-01,0,,2025-04-03 16:06:57.084,2025-04-03 16:06:57.084,,,,PAID,"0120SLG"
PUR_100044,SLM_100015,193.32,0,CASH,1,2020-01-01,2020-01-01,0,,2025-04-03 16:06:57.084,2025-04-03 16:06:57.084,,,,PAID,"0120YF"
PUR_100045,SLM_100010,197.74,0,CASH,1,2020-01-01,2020-01-01,0,,2025-04-03 16:06:57.084,2025-04-03 16:06:57.084,,,,PAID,"0120YX"
PUR_100046,SLM_100020,229.54,0,CASH,1,2021-01-01,2021-01-01,0,,2025-04-03 16:06:57.131,2025-04-03 16:06:57.131,,,,PAID,"0121JJT"
PUR_100047,SLM_100007,234.04,0,CASH,1,2021-01-01,2021-01-01,0,,2025-04-03 16:06:57.131,2025-04-03 16:06:57.131,,,,PAID,"0121SLG"
PUR_100048,SLM_100018,225.39,0,CASH,1,2021-01-01,2021-01-01,0,,2025-04-03 16:06:57.131,2025-04-03 16:06:57.131,,,,PAID,"0121YM"
PUR_100049,SLM_100010,226.84,0,CASH,1,2021-01-01,2021-01-01,0,,2025-04-03 16:06:57.185,2025-04-03 16:06:57.185,,,,PAID,"0121YX"
PUR_100050,SLM_100020,228.43,0,CASH,1,2022-01-01,2022-01-01,0,,2025-04-03 16:06:57.185,2025-04-03 16:06:57.185,,,,PAID,"0122JJT"
PUR_100051,SLM_100019,229.18,0,CASH,1,2022-01-01,2022-01-01,0,,2025-04-03 16:06:57.185,2025-04-03 16:06:57.185,,,,PAID,"0122LUX"
PUR_100052,SLM_100007,232.21,0,CASH,1,2022-01-01,2022-01-01,0,,2025-04-03 16:06:57.233,2025-04-03 16:06:57.233,,,,PAID,"0122SLG"
PUR_100053,SLM_100015,229.34,0,CASH,1,2022-01-01,2022-01-01,0,,2025-04-03 16:06:57.233,2025-04-03 16:06:57.233,,,,PAID,"0122YF"
PUR_100054,SLM_100018,228.38,0,CASH,1,2022-01-01,2022-01-01,0,,2025-04-03 16:06:57.233,2025-04-03 16:06:57.233,,,,PAID,"0122YM"
PUR_100055,SLM_100010,231.19,0,CASH,1,2022-01-01,2022-01-01,0,,2025-04-03 16:06:57.287,2025-04-03 16:06:57.287,,,,PAID,"0122YX"
PUR_100056,SLM_100021,246.12,0,CASH,1,2023-01-01,2023-01-01,0,,2025-04-03 16:06:57.287,2025-04-03 16:06:57.287,,,,PAID,"0123HJ"
PUR_100057,SLM_100020,247.06,0,CASH,1,2023-01-01,2023-01-01,0,,2025-04-03 16:06:57.287,2025-04-03 16:06:57.287,,,,PAID,"0123JJT"
PUR_100058,SLM_100019,243.78,0,CASH,1,2023-01-01,2023-01-01,0,,2025-04-03 16:06:57.337,2025-04-03 16:06:57.337,,,,PAID,"0123LUX"
PUR_100059,SLM_100022,248.34,0,CASH,1,2023-01-01,2023-01-01,0,,2025-04-03 16:06:57.337,2025-04-03 16:06:57.337,,,,PAID,"0123RB"
PUR_100060,SLM_100007,246.41,0,CASH,1,2023-01-01,2023-01-01,0,,2025-04-03 16:06:57.337,2025-04-03 16:06:57.337,,,,PAID,"0123SLG"
PUR_100061,SLM_100018,245.75,0,CASH,1,2023-01-01,2023-01-01,0,,2025-04-03 16:06:57.389,2025-04-03 16:06:57.389,,,,PAID,"0123YM"
PUR_100062,SLM_100023,287.63,0,CASH,1,2024-01-01,2024-01-01,0,,2025-04-03 16:06:57.389,2025-04-03 16:06:57.389,,,,PAID,"0124CJ"
PUR_100063,SLM_100020,289.0,0,CASH,1,2024-01-01,2024-01-01,0,,2025-04-03 16:06:57.389,2025-04-03 16:06:57.389,,,,PAID,"0124JJT"
PUR_100064,SLM_100024,288.88,0,CASH,1,2024-01-01,2024-01-01,0,,2025-04-03 16:06:57.438,2025-04-03 16:06:57.438,,,,PAID,"0124SF"
PUR_100065,SLM_100007,286.97,0,CASH,1,2024-01-01,2024-01-01,0,,2025-04-03 16:06:57.438,2025-04-03 16:06:57.438,,,,PAID,"0124SLG"
PUR_100066,SLM_100025,286.29,0,CASH,1,2024-01-01,2024-01-01,0,,2025-04-03 16:06:57.438,2025-04-03 16:06:57.438,,,,PAID,"0124TC"
PUR_100067,SLM_100026,284.62,0,CASH,1,2024-01-01,2024-01-01,0,,2025-04-03 16:06:57.512,2025-04-03 16:06:57.512,,,,PAID,"0124WX"
PUR_100068,SLM_100017,289.76,0,CASH,1,2024-01-01,2024-01-01,0,,2025-04-03 16:06:57.512,2025-04-03 16:06:57.512,,,,PAID,"0124XW"
PUR_100069,SLM_100015,287.75,0,CASH,1,2024-01-01,2024-01-01,0,,2025-04-03 16:06:57.512,2025-04-03 16:06:57.512,,,,PAID,"0124YF"
PUR_100070,SLM_100010,289.39,0,CASH,1,2024-01-01,2024-01-01,0,,2025-04-03 16:06:57.606,2025-04-03 16:06:57.606,,,,PAID,"0124YX"
PUR_100071,SLM_100027,358.4,0,CASH,1,2025-01-01,2025-01-01,0,,2025-04-03 16:06:57.606,2025-04-03 16:06:57.606,,,,PAID,"0125CJ7"
PUR_100072,SLM_100020,359.95,0,CASH,1,2025-01-01,2025-01-01,0,,2025-04-03 16:06:57.606,2025-04-03 16:06:57.606,,,,PAID,"0125JJT"
PUR_100073,SLM_100007,368.46,0,CASH,1,2025-01-01,2025-01-01,0,,2025-04-03 16:06:57.658,2025-04-03 16:06:57.658,,,,PAID,"0125SLG"
PUR_100074,SLM_100018,362.71,0,CASH,1,2025-01-01,2025-01-01,0,,2025-04-03 16:06:57.658,2025-04-03 16:06:57.658,,,,PAID,"0125YM"
PUR_100075,SLM_100010,367.76,0,CASH,1,2025-01-01,2025-01-01,0,,2025-04-03 16:06:57.658,2025-04-03 16:06:57.658,,,,PAID,"0125YX"
PUR_100076,SLM_100015,189.71,0,CASH,1,1991-01-01,1991-01-01,0,,2025-04-03 16:06:57.707,2025-04-03 16:06:57.707,,,,PAID,"0191YF"
PUR_100077,SLM_100008,127.0,0,CASH,1,2011-02-01,2011-02-01,0,,2025-04-03 16:06:57.707,2025-04-03 16:06:57.707,,,,PAID,"0211MH"
PUR_100078,SLM_100007,125.5,0,CASH,1,2011-02-01,2011-02-01,0,,2025-04-03 16:06:57.707,2025-04-03 16:06:57.707,,,,PAID,"0211SLG"
PUR_100079,SLM_100011,153.5,0,CASH,1,2012-02-01,2012-02-01,0,,2025-04-03 16:06:57.753,2025-04-03 16:06:57.753,,,,PAID,"0212GBT"
PUR_100080,SLM_100028,158.5,0,CASH,1,2012-02-01,2012-02-01,0,,2025-04-03 16:06:57.753,2025-04-03 16:06:57.753,,,,PAID,"0212KJS"
PUR_100081,SLM_100008,159.5,0,CASH,1,2012-02-01,2012-02-01,0,,2025-04-03 16:06:57.753,2025-04-03 16:06:57.753,,,,PAID,"0212MH"
PUR_100082,SLM_100009,161.0,0,CASH,1,2012-02-01,2012-02-01,0,,2025-04-03 16:06:57.799,2025-04-03 16:06:57.799,,,,PAID,"0212SH"
PUR_100083,SLM_100007,162.0,0,CASH,1,2012-02-01,2012-02-01,0,,2025-04-03 16:06:57.799,2025-04-03 16:06:57.799,,,,PAID,"0212SLG"
PUR_100084,SLM_100010,162.5,0,CASH,1,2012-02-01,2012-02-01,0,,2025-04-03 16:06:57.799,2025-04-03 16:06:57.799,,,,PAID,"0212YX"
PUR_100085,SLM_100029,132.5,0,CASH,1,2014-02-01,2014-02-01,0,,2025-04-03 16:06:57.847,2025-04-03 16:06:57.847,,,,PAID,"0214KP"
PUR_100086,SLM_100012,127.0,0,CASH,1,2014-02-01,2014-02-01,0,,2025-04-03 16:06:57.847,2025-04-03 16:06:57.847,,,,PAID,"0214MGI"
PUR_100087,SLM_100007,131.5,0,CASH,1,2014-02-01,2014-02-01,0,,2025-04-03 16:06:57.847,2025-04-03 16:06:57.847,,,,PAID,"0214SLG"
PUR_100088,SLM_100010,132.0,0,CASH,1,2014-02-01,2014-02-01,0,,2025-04-03 16:06:57.899,2025-04-03 16:06:57.899,,,,PAID,"0214YX"
PUR_100089,SLM_100013,136.5,0,CASH,1,2015-02-01,2015-02-01,0,,2025-04-03 16:06:57.899,2025-04-03 16:06:57.899,,,,PAID,"0215DE"
PUR_100090,SLM_100012,137.0,0,CASH,1,2015-02-01,2015-02-01,0,,2025-04-03 16:06:57.899,2025-04-03 16:06:57.899,,,,PAID,"0215MGI"
PUR_100091,SLM_100007,136.8,0,CASH,1,2015-02-01,2015-02-01,0,,2025-04-03 16:06:57.950,2025-04-03 16:06:57.950,,,,PAID,"0215SLG"
PUR_100092,SLM_100013,143.7,0,CASH,1,2016-02-01,2016-02-01,0,,2025-04-03 16:06:57.950,2025-04-03 16:06:57.950,,,,PAID,"0216DE"
PUR_100093,SLM_100011,158.7,0,CASH,1,2016-02-01,2016-02-01,0,,2025-04-03 16:06:57.950,2025-04-03 16:06:57.950,,,,PAID,"0216GBT"
PUR_100094,SLM_100012,157.9,0,CASH,1,2016-02-01,2016-02-01,0,,2025-04-03 16:06:58.003,2025-04-03 16:06:58.003,,,,PAID,"0216MGI"
PUR_100095,SLM_100007,144.8,0,CASH,1,2016-02-01,2016-02-01,0,,2025-04-03 16:06:58.003,2025-04-03 16:06:58.003,,,,PAID,"0216SLG"
PUR_100096,SLM_100012,166.2,0,CASH,1,2017-02-01,2017-02-01,0,,2025-04-03 16:06:58.003,2025-04-03 16:06:58.003,,,,PAID,"0217MGI"
PUR_100097,SLM_100007,165.4,0,CASH,1,2017-02-01,2017-02-01,0,,2025-04-03 16:06:58.053,2025-04-03 16:06:58.053,,,,PAID,"0217SLG"
PUR_100098,SLM_100007,160.0,0,CASH,1,2018-02-01,2018-02-01,0,,2025-04-03 16:06:58.053,2025-04-03 16:06:58.053,,,,PAID,"0218SLG"
PUR_100099,SLM_100018,157.8,0,CASH,1,2018-02-01,2018-02-01,0,,2025-04-03 16:06:58.053,2025-04-03 16:06:58.053,,,,PAID,"0218YM"
PUR_100100,SLM_100030,162.8,0,CASH,1,2019-02-01,2019-02-01,0,,2025-04-03 16:06:58.111,2025-04-03 16:06:58.111,,,,PAID,"0219KF"
PUR_100101,SLM_100007,162.18,0,CASH,1,2019-02-01,2019-02-01,0,,2025-04-03 16:06:58.111,2025-04-03 16:06:58.111,,,,PAID,"0219SLG"
PUR_100102,SLM_100017,164.72,0,CASH,1,2019-02-01,2019-02-01,0,,2025-04-03 16:06:58.111,2025-04-03 16:06:58.111,,,,PAID,"0219XW"
PUR_100103,SLM_100018,165.3,0,CASH,1,2019-02-01,2019-02-01,0,,2025-04-03 16:06:58.159,2025-04-03 16:06:58.159,,,,PAID,"0219YM"
PUR_100104,SLM_100031,210.07,0,CASH,1,2020-02-01,2020-02-01,0,,2025-04-03 16:06:58.159,2025-04-03 16:06:58.159,,,,PAID,"0220MK"
PUR_100105,SLM_100007,198.25,0,CASH,1,2020-02-01,2020-02-01,0,,2025-04-03 16:06:58.159,2025-04-03 16:06:58.159,,,,PAID,"0220SLG"
PUR_100106,SLM_100017,209.76,0,CASH,1,2020-02-01,2020-02-01,0,,2025-04-03 16:06:58.209,2025-04-03 16:06:58.209,,,,PAID,"0220XW"
PUR_100107,SLM_100018,203.8,0,CASH,1,2020-02-01,2020-02-01,0,,2025-04-03 16:06:58.209,2025-04-03 16:06:58.209,,,,PAID,"0220YM"
PUR_100108,SLM_100007,219.4,0,CASH,1,2021-02-01,2021-02-01,0,,2025-04-03 16:06:58.209,2025-04-03 16:06:58.209,,,,PAID,"0221SLG"
PUR_100109,SLM_100018,223.28,0,CASH,1,2021-02-01,2021-02-01,0,,2025-04-03 16:06:58.265,2025-04-03 16:06:58.265,,,,PAID,"0221YM"
PUR_100110,SLM_100020,234.39,0,CASH,1,2022-02-01,2022-02-01,0,,2025-04-03 16:06:58.265,2025-04-03 16:06:58.265,,,,PAID,"0222JJT"
PUR_100111,SLM_100032,238.87,0,CASH,1,2022-02-01,2022-02-01,0,,2025-04-03 16:06:58.265,2025-04-03 16:06:58.265,,,,PAID,"0222OT"
PUR_100112,SLM_100007,233.41,0,CASH,1,2022-02-01,2022-02-01,0,,2025-04-03 16:06:58.321,2025-04-03 16:06:58.321,,,,PAID,"0222SLG"
PUR_100113,SLM_100033,234.67,0,CASH,1,2022-02-01,2022-02-01,0,,2025-04-03 16:06:58.321,2025-04-03 16:06:58.321,,,,PAID,"0222YK"
PUR_100114,SLM_100018,231.84,0,CASH,1,2022-02-01,2022-02-01,0,,2025-04-03 16:06:58.321,2025-04-03 16:06:58.321,,,,PAID,"0222YM"
PUR_100115,SLM_100010,240.02,0,CASH,1,2022-02-01,2022-02-01,0,,2025-04-03 16:06:58.377,2025-04-03 16:06:58.377,,,,PAID,"0222YX"
PUR_100116,SLM_100020,239.51,0,CASH,1,2023-02-01,2023-02-01,0,,2025-04-03 16:06:58.377,2025-04-03 16:06:58.377,,,,PAID,"0223JJT"
PUR_100117,SLM_100034,244.21,0,CASH,1,2023-02-01,2023-02-01,0,,2025-04-03 16:06:58.377,2025-04-03 16:06:58.377,,,,PAID,"0223JS"
PUR_100118,SLM_100022,248.07,0,CASH,1,2023-02-01,2023-02-01,0,,2025-04-03 16:06:58.431,2025-04-03 16:06:58.431,,,,PAID,"0223RB"
PUR_100119,SLM_100007,249.04,0,CASH,1,2023-02-01,2023-02-01,0,,2025-04-03 16:06:58.431,2025-04-03 16:06:58.431,,,,PAID,"0223SLG"
PUR_100120,SLM_100017,244.29,0,CASH,1,2023-02-01,2023-02-01,0,,2025-04-03 16:06:58.431,2025-04-03 16:06:58.431,,,,PAID,"0223XW"
PUR_100121,SLM_100015,244.44,0,CASH,1,2023-02-01,2023-02-01,0,,2025-04-03 16:06:58.485,2025-04-03 16:06:58.485,,,,PAID,"0223YF"
PUR_100122,SLM_100018,246.61,0,CASH,1,2023-02-01,2023-02-01,0,,2025-04-03 16:06:58.485,2025-04-03 16:06:58.485,,,,PAID,"0223YM"
PUR_100123,SLM_100010,242.88,0,CASH,1,2023-02-01,2023-02-01,0,,2025-04-03 16:06:58.485,2025-04-03 16:06:58.485,,,,PAID,"0223YX"
PUR_100124,SLM_100023,291.66,0,CASH,1,2024-02-01,2024-02-01,0,,2025-04-03 16:06:58.543,2025-04-03 16:06:58.543,,,,PAID,"0224CJ"
PUR_100125,SLM_100020,292.47,0,CASH,1,2024-02-01,2024-02-01,0,,2025-04-03 16:06:58.543,2025-04-03 16:06:58.543,,,,PAID,"0224JJT"
PUR_100126,SLM_100007,294.81,0,CASH,1,2024-02-01,2024-02-01,0,,2025-04-03 16:06:58.543,2025-04-03 16:06:58.543,,,,PAID,"0224SLG"
PUR_100127,SLM_100018,293.52,0,CASH,1,2024-02-01,2024-02-01,0,,2025-04-03 16:06:58.594,2025-04-03 16:06:58.594,,,,PAID,"0224YM"
PUR_100128,SLM_100023,384.54,0,CASH,1,2025-02-01,2025-02-01,0,,2025-04-03 16:06:58.594,2025-04-03 16:06:58.594,,,,PAID,"0225CJ"
PUR_100129,SLM_100020,390.97,0,CASH,1,2025-02-01,2025-02-01,0,,2025-04-03 16:06:58.594,2025-04-03 16:06:58.594,,,,PAID,"0225JJT"
PUR_100130,SLM_100019,394.28,0,CASH,1,2025-02-01,2025-02-01,0,,2025-04-03 16:06:58.647,2025-04-03 16:06:58.647,,,,PAID,"0225LUX"
PUR_100131,SLM_100007,390.18,0,CASH,1,2025-02-01,2025-02-01,0,,2025-04-03 16:06:58.647,2025-04-03 16:06:58.647,,,,PAID,"0225SLG"
PUR_100132,SLM_100017,389.81,0,CASH,1,2025-02-01,2025-02-01,0,,2025-04-03 16:06:58.647,2025-04-03 16:06:58.647,,,,PAID,"0225XW"
PUR_100133,SLM_100018,382.56,0,CASH,1,2025-02-01,2025-02-01,0,,2025-04-03 16:06:58.696,2025-04-03 16:06:58.696,,,,PAID,"0225YM"
PUR_100134,SLM_100010,390.15,0,CASH,1,2025-02-01,2025-02-01,0,,2025-04-03 16:06:58.696,2025-04-03 16:06:58.696,,,,PAID,"0225YX"
PUR_100135,SLM_100011,131.5,0,CASH,1,2011-03-01,2011-03-01,0,,2025-04-03 16:06:58.696,2025-04-03 16:06:58.696,,,,PAID,"0311GBT"
PUR_100136,SLM_100006,130.5,0,CASH,1,2011-03-01,2011-03-01,0,,2025-04-03 16:06:58.748,2025-04-03 16:06:58.748,,,,PAID,"0311MG"
PUR_100137,SLM_100009,131.0,0,CASH,1,2011-03-01,2011-03-01,0,,2025-04-03 16:06:58.748,2025-04-03 16:06:58.748,,,,PAID,"0311SH"
PUR_100138,SLM_100007,132.5,0,CASH,1,2011-03-01,2011-03-01,0,,2025-04-03 16:06:58.748,2025-04-03 16:06:58.748,,,,PAID,"0311SLG"
PUR_100139,SLM_100006,154.0,0,CASH,1,2012-03-01,2012-03-01,0,,2025-04-03 16:06:58.812,2025-04-03 16:06:58.812,,,,PAID,"0312MG"
PUR_100140,SLM_100008,153.5,0,CASH,1,2012-03-01,2012-03-01,0,,2025-04-03 16:06:58.812,2025-04-03 16:06:58.812,,,,PAID,"0312MH"
PUR_100141,SLM_100009,158.5,0,CASH,1,2012-03-01,2012-03-01,0,,2025-04-03 16:06:58.812,2025-04-03 16:06:58.812,,,,PAID,"0312SH"
PUR_100142,SLM_100007,157.5,0,CASH,1,2012-03-01,2012-03-01,0,,2025-04-03 16:06:58.859,2025-04-03 16:06:58.859,,,,PAID,"0312SLG"
PUR_100143,SLM_100010,156.5,0,CASH,1,2012-03-01,2012-03-01,0,,2025-04-03 16:06:58.859,2025-04-03 16:06:58.859,,,,PAID,"0312YX"
PUR_100144,SLM_100011,151.0,0,CASH,1,2013-03-01,2013-03-01,0,,2025-04-03 16:06:58.859,2025-04-03 16:06:58.859,,,,PAID,"0313GBT"
PUR_100145,SLM_100007,150.5,0,CASH,1,2013-03-01,2013-03-01,0,,2025-04-03 16:06:58.912,2025-04-03 16:06:58.912,,,,PAID,"0313SLG"
PUR_100146,SLM_100011,136.8,0,CASH,1,2014-03-01,2014-03-01,0,,2025-04-03 16:06:58.912,2025-04-03 16:06:58.912,,,,PAID,"0314GBT"
PUR_100147,SLM_100035,132.7,0,CASH,1,2014-03-01,2014-03-01,0,,2025-04-03 16:06:58.912,2025-04-03 16:06:58.912,,,,PAID,"0314GC"
PUR_100148,SLM_100029,134.1,0,CASH,1,2014-03-01,2014-03-01,0,,2025-04-03 16:06:58.961,2025-04-03 16:06:58.961,,,,PAID,"0314KP"
PUR_100149,SLM_100012,136.8,0,CASH,1,2014-03-01,2014-03-01,0,,2025-04-03 16:06:58.961,2025-04-03 16:06:58.961,,,,PAID,"0314MGI"
PUR_100150,SLM_100007,134.5,0,CASH,1,2014-03-01,2014-03-01,0,,2025-04-03 16:06:58.961,2025-04-03 16:06:58.961,,,,PAID,"0314SLG"
PUR_100151,SLM_100010,135.2,0,CASH,1,2014-03-01,2014-03-01,0,,2025-04-03 16:06:59.013,2025-04-03 16:06:59.013,,,,PAID,"0314YX"
PUR_100152,SLM_100013,133.4,0,CASH,1,2015-03-01,2015-03-01,0,,2025-04-03 16:06:59.013,2025-04-03 16:06:59.013,,,,PAID,"0315DE"
PUR_100153,SLM_100014,129.1,0,CASH,1,2015-03-01,2015-03-01,0,,2025-04-03 16:06:59.013,2025-04-03 16:06:59.013,,,,PAID,"0315FS"
PUR_100154,SLM_100007,130.2,0,CASH,1,2015-03-01,2015-03-01,0,,2025-04-03 16:06:59.065,2025-04-03 16:06:59.065,,,,PAID,"0315SLG"
PUR_100155,SLM_100010,133.5,0,CASH,1,2015-03-01,2015-03-01,0,,2025-04-03 16:06:59.065,2025-04-03 16:06:59.065,,,,PAID,"0315YX"
PUR_100156,SLM_100036,157.6,0,CASH,1,2016-03-01,2016-03-01,0,,2025-04-03 16:06:59.065,2025-04-03 16:06:59.065,,,,PAID,"0316JF"
PUR_100157,SLM_100037,149.2,0,CASH,1,2016-03-01,2016-03-01,0,,2025-04-03 16:06:59.121,2025-04-03 16:06:59.121,,,,PAID,"0316JX"
PUR_100158,SLM_100012,152.2,0,CASH,1,2016-03-01,2016-03-01,0,,2025-04-03 16:06:59.121,2025-04-03 16:06:59.121,,,,PAID,"0316MGI"
PUR_100159,SLM_100007,158.2,0,CASH,1,2016-03-01,2016-03-01,0,,2025-04-03 16:06:59.121,2025-04-03 16:06:59.121,,,,PAID,"0316SLG"
PUR_100160,SLM_100015,153.9,0,CASH,1,2016-03-01,2016-03-01,0,,2025-04-03 16:06:59.176,2025-04-03 16:06:59.176,,,,PAID,"0316YF"
PUR_100161,SLM_100013,166.6,0,CASH,1,2017-03-01,2017-03-01,0,,2025-04-03 16:06:59.176,2025-04-03 16:06:59.176,,,,PAID,"0317DE"
PUR_100162,SLM_100011,162.2,0,CASH,1,2017-03-01,2017-03-01,0,,2025-04-03 16:06:59.176,2025-04-03 16:06:59.176,,,,PAID,"0317GBT"
PUR_100163,SLM_100016,164.3,0,CASH,1,2017-03-01,2017-03-01,0,,2025-04-03 16:06:59.228,2025-04-03 16:06:59.228,,,,PAID,"0317HL"
PUR_100164,SLM_100038,162.4,0,CASH,1,2017-03-01,2017-03-01,0,,2025-04-03 16:06:59.228,2025-04-03 16:06:59.228,,,,PAID,"0317KDB"
PUR_100165,SLM_100007,169.1,0,CASH,1,2017-03-01,2017-03-01,0,,2025-04-03 16:06:59.228,2025-04-03 16:06:59.228,,,,PAID,"0317SLG"
PUR_100166,SLM_100017,161.4,0,CASH,1,2017-03-01,2017-03-01,0,,2025-04-03 16:06:59.285,2025-04-03 16:06:59.285,,,,PAID,"0317XW"
PUR_100167,SLM_100010,167.1,0,CASH,1,2017-03-01,2017-03-01,0,,2025-04-03 16:06:59.285,2025-04-03 16:06:59.285,,,,PAID,"0317YX"
PUR_100168,SLM_100013,158.0,0,CASH,1,2018-03-01,2018-03-01,0,,2025-04-03 16:06:59.285,2025-04-03 16:06:59.285,,,,PAID,"0318DE"
PUR_100169,SLM_100007,158.4,0,CASH,1,2018-03-01,2018-03-01,0,,2025-04-03 16:06:59.336,2025-04-03 16:06:59.336,,,,PAID,"0318SLG"
PUR_100170,SLM_100017,156.1,0,CASH,1,2018-03-01,2018-03-01,0,,2025-04-03 16:06:59.336,2025-04-03 16:06:59.336,,,,PAID,"0318XW"
PUR_100171,SLM_100018,156.5,0,CASH,1,2018-03-01,2018-03-01,0,,2025-04-03 16:06:59.336,2025-04-03 16:06:59.336,,,,PAID,"0318YM"
PUR_100172,SLM_100031,159.11,0,CASH,1,2019-03-01,2019-03-01,0,,2025-04-03 16:06:59.394,2025-04-03 16:06:59.394,,,,PAID,"0319MK"
PUR_100173,SLM_100007,162.05,0,CASH,1,2019-03-01,2019-03-01,0,,2025-04-03 16:06:59.394,2025-04-03 16:06:59.394,,,,PAID,"0319SLG"
PUR_100174,SLM_100018,161.15,0,CASH,1,2019-03-01,2019-03-01,0,,2025-04-03 16:06:59.394,2025-04-03 16:06:59.394,,,,PAID,"0319YM"
PUR_100175,SLM_100010,161.05,0,CASH,1,2019-03-01,2019-03-01,0,,2025-04-03 16:06:59.444,2025-04-03 16:06:59.444,,,,PAID,"0319YX"
PUR_100176,SLM_100039,199.08,0,CASH,1,2020-03-01,2020-03-01,0,,2025-04-03 16:06:59.444,2025-04-03 16:06:59.444,,,,PAID,"0320RG"
PUR_100177,SLM_100007,197.6,0,CASH,1,2020-03-01,2020-03-01,0,,2025-04-03 16:06:59.444,2025-04-03 16:06:59.444,,,,PAID,"0320SLG"
PUR_100178,SLM_100018,205.37,0,CASH,1,2020-03-01,2020-03-01,0,,2025-04-03 16:06:59.496,2025-04-03 16:06:59.496,,,,PAID,"0320YM"
PUR_100179,SLM_100010,211.79,0,CASH,1,2020-03-01,2020-03-01,0,,2025-04-03 16:06:59.496,2025-04-03 16:06:59.496,,,,PAID,"0320YX"
PUR_100180,SLM_100020,215.84,0,CASH,1,2021-03-01,2021-03-01,0,,2025-04-03 16:06:59.496,2025-04-03 16:06:59.496,,,,PAID,"0321JJT"
PUR_100181,SLM_100007,214.5,0,CASH,1,2021-03-01,2021-03-01,0,,2025-04-03 16:06:59.546,2025-04-03 16:06:59.546,,,,PAID,"0321SLG"
PUR_100182,SLM_100017,215.39,0,CASH,1,2021-03-01,2021-03-01,0,,2025-04-03 16:06:59.546,2025-04-03 16:06:59.546,,,,PAID,"0321XW"
PUR_100183,SLM_100018,217.27,0,CASH,1,2021-03-01,2021-03-01,0,,2025-04-03 16:06:59.546,2025-04-03 16:06:59.546,,,,PAID,"0321YM"
PUR_100184,SLM_100010,213.03,0,CASH,1,2021-03-01,2021-03-01,0,,2025-04-03 16:06:59.596,2025-04-03 16:06:59.596,,,,PAID,"0321YX"
PUR_100185,SLM_100020,246.04,0,CASH,1,2022-03-01,2022-03-01,0,,2025-04-03 16:06:59.596,2025-04-03 16:06:59.596,,,,PAID,"0322JJT"
PUR_100186,SLM_100019,244.75,0,CASH,1,2022-03-01,2022-03-01,0,,2025-04-03 16:06:59.596,2025-04-03 16:06:59.596,,,,PAID,"0322LUX"
PUR_100187,SLM_100007,244.6,0,CASH,1,2022-03-01,2022-03-01,0,,2025-04-03 16:06:59.649,2025-04-03 16:06:59.649,,,,PAID,"0322SLG"
PUR_100188,SLM_100017,243.15,0,CASH,1,2022-03-01,2022-03-01,0,,2025-04-03 16:06:59.649,2025-04-03 16:06:59.649,,,,PAID,"0322XW"
PUR_100189,SLM_100015,244.31,0,CASH,1,2022-03-01,2022-03-01,0,,2025-04-03 16:06:59.649,2025-04-03 16:06:59.649,,,,PAID,"0322YF"
PUR_100190,SLM_100018,245.12,0,CASH,1,2022-03-01,2022-03-01,0,,2025-04-03 16:06:59.697,2025-04-03 16:06:59.697,,,,PAID,"0322YM"
PUR_100191,SLM_100020,261.63,0,CASH,1,2023-03-01,2023-03-01,0,,2025-04-03 16:06:59.697,2025-04-03 16:06:59.697,,,,PAID,"0323JJT"
PUR_100192,SLM_100019,265.77,0,CASH,1,2023-03-01,2023-03-01,0,,2025-04-03 16:06:59.697,2025-04-03 16:06:59.697,,,,PAID,"0323LUX"
PUR_100193,SLM_100022,262.22,0,CASH,1,2023-03-01,2023-03-01,0,,2025-04-03 16:06:59.749,2025-04-03 16:06:59.749,,,,PAID,"0323RB"
PUR_100194,SLM_100007,252.6,0,CASH,1,2023-03-01,2023-03-01,0,,2025-04-03 16:06:59.749,2025-04-03 16:06:59.749,,,,PAID,"0323SLG"
PUR_100195,SLM_100025,247.13,0,CASH,1,2023-03-01,2023-03-01,0,,2025-04-03 16:06:59.749,2025-04-03 16:06:59.749,,,,PAID,"0323TC"
PUR_100196,SLM_100017,261.11,0,CASH,1,2023-03-01,2023-03-01,0,,2025-04-03 16:06:59.799,2025-04-03 16:06:59.799,,,,PAID,"0323XW"
PUR_100197,SLM_100015,259.85,0,CASH,1,2023-03-01,2023-03-01,0,,2025-04-03 16:06:59.799,2025-04-03 16:06:59.799,,,,PAID,"0323YF"
PUR_100198,SLM_100018,248.3,0,CASH,1,2023-03-01,2023-03-01,0,,2025-04-03 16:06:59.799,2025-04-03 16:06:59.799,,,,PAID,"0323YM"
PUR_100199,SLM_100020,309.89,0,CASH,1,2024-03-01,2024-03-01,0,,2025-04-03 16:06:59.855,2025-04-03 16:06:59.855,,,,PAID,"0324JJT"
PUR_100200,SLM_100019,313.07,0,CASH,1,2024-03-01,2024-03-01,0,,2025-04-03 16:06:59.855,2025-04-03 16:06:59.855,,,,PAID,"0324LUX"
PUR_100201,SLM_100022,313.72,0,CASH,1,2024-03-01,2024-03-01,0,,2025-04-03 16:06:59.855,2025-04-03 16:06:59.855,,,,PAID,"0324RB"
PUR_100202,SLM_100007,309.48,0,CASH,1,2024-03-01,2024-03-01,0,,2025-04-03 16:06:59.906,2025-04-03 16:06:59.906,,,,PAID,"0324SLG"
PUR_100203,SLM_100017,313.72,0,CASH,1,2024-03-01,2024-03-01,0,,2025-04-03 16:06:59.906,2025-04-03 16:06:59.906,,,,PAID,"0324XW"
PUR_100204,SLM_100015,305.74,0,CASH,1,2024-03-01,2024-03-01,0,,2025-04-03 16:06:59.906,2025-04-03 16:06:59.906,,,,PAID,"0324YF"
PUR_100205,SLM_100018,307.98,0,CASH,1,2024-03-01,2024-03-01,0,,2025-04-03 16:06:59.961,2025-04-03 16:06:59.961,,,,PAID,"0324YM"
PUR_100206,SLM_100010,307.4,0,CASH,1,2024-03-01,2024-03-01,0,,2025-04-03 16:06:59.961,2025-04-03 16:06:59.961,,,,PAID,"0324YX"
PUR_100207,SLM_100023,384.54,0,CASH,1,2025-03-01,2025-03-01,0,,2025-04-03 16:06:59.961,2025-04-03 16:06:59.961,,,,PAID,"0325CJ"
PUR_100208,SLM_100020,384.29,0,CASH,1,2025-03-01,2025-03-01,0,,2025-04-03 16:07:00.023,2025-04-03 16:07:00.023,,,,PAID,"0325JJT"
PUR_100209,SLM_100022,388.87,0,CASH,1,2025-03-01,2025-03-01,0,,2025-04-03 16:07:00.023,2025-04-03 16:07:00.023,,,,PAID,"0325RB"
PUR_100210,SLM_100007,407.98,0,CASH,1,2025-03-01,2025-03-01,0,,2025-04-03 16:07:00.023,2025-04-03 16:07:00.023,,,,PAID,"0325SLG"
PUR_100211,SLM_100017,386.0,0,CASH,1,2025-03-01,2025-03-01,0,,2025-04-03 16:07:00.078,2025-04-03 16:07:00.078,,,,PAID,"0325XW"
PUR_100212,SLM_100018,391.41,0,CASH,1,2025-03-01,2025-03-01,0,,2025-04-03 16:07:00.078,2025-04-03 16:07:00.078,,,,PAID,"0325YM"
PUR_100213,SLM_100011,134.0,0,CASH,1,2011-04-01,2011-04-01,0,,2025-04-03 16:07:00.078,2025-04-03 16:07:00.078,,,,PAID,"0411GBT"
PUR_100214,SLM_100007,134.5,0,CASH,1,2011-04-01,2011-04-01,0,,2025-04-03 16:07:00.137,2025-04-03 16:07:00.137,,,,PAID,"0411SLG"
PUR_100215,SLM_100007,153.0,0,CASH,1,2012-04-01,2012-04-01,0,,2025-04-03 16:07:00.137,2025-04-03 16:07:00.137,,,,PAID,"0412SLG"
PUR_100216,SLM_100011,136.5,0,CASH,1,2013-04-01,2013-04-01,0,,2025-04-03 16:07:00.137,2025-04-03 16:07:00.137,,,,PAID,"0413GBT"
PUR_100217,SLM_100035,135.0,0,CASH,1,2013-04-01,2013-04-01,0,,2025-04-03 16:07:00.195,2025-04-03 16:07:00.195,,,,PAID,"0413GC"
PUR_100218,SLM_100008,146.5,0,CASH,1,2013-04-01,2013-04-01,0,,2025-04-03 16:07:00.195,2025-04-03 16:07:00.195,,,,PAID,"0413MH"
PUR_100219,SLM_100009,135.5,0,CASH,1,2013-04-01,2013-04-01,0,,2025-04-03 16:07:00.195,2025-04-03 16:07:00.195,,,,PAID,"0413SH"
PUR_100220,SLM_100007,132.0,0,CASH,1,2013-04-01,2013-04-01,0,,2025-04-03 16:07:00.251,2025-04-03 16:07:00.251,,,,PAID,"0413SLG"
PUR_100221,SLM_100011,129.6,0,CASH,1,2014-04-01,2014-04-01,0,,2025-04-03 16:07:00.251,2025-04-03 16:07:00.251,,,,PAID,"0414GBT"
PUR_100222,SLM_100035,129.4,0,CASH,1,2014-04-01,2014-04-01,0,,2025-04-03 16:07:00.251,2025-04-03 16:07:00.251,,,,PAID,"0414GC"
PUR_100223,SLM_100029,126.8,0,CASH,1,2014-04-01,2014-04-01,0,,2025-04-03 16:07:00.380,2025-04-03 16:07:00.380,,,,PAID,"0414KP"
PUR_100224,SLM_100040,130.8,0,CASH,1,2014-04-01,2014-04-01,0,,2025-04-03 16:07:00.380,2025-04-03 16:07:00.380,,,,PAID,"0414MGT"
PUR_100225,SLM_100007,128.0,0,CASH,1,2014-04-01,2014-04-01,0,,2025-04-03 16:07:00.380,2025-04-03 16:07:00.380,,,,PAID,"0414SLG"
PUR_100226,SLM_100010,127.8,0,CASH,1,2014-04-01,2014-04-01,0,,2025-04-03 16:07:00.433,2025-04-03 16:07:00.433,,,,PAID,"0414YX"
PUR_100227,SLM_100013,133.4,0,CASH,1,2015-04-01,2015-04-01,0,,2025-04-03 16:07:00.433,2025-04-03 16:07:00.433,,,,PAID,"0415DE"
PUR_100228,SLM_100014,134.2,0,CASH,1,2015-04-01,2015-04-01,0,,2025-04-03 16:07:00.433,2025-04-03 16:07:00.433,,,,PAID,"0415FS"
PUR_100229,SLM_100011,133.6,0,CASH,1,2015-04-01,2015-04-01,0,,2025-04-03 16:07:00.493,2025-04-03 16:07:00.493,,,,PAID,"0415GBT"
PUR_100230,SLM_100012,133.6,0,CASH,1,2015-04-01,2015-04-01,0,,2025-04-03 16:07:00.493,2025-04-03 16:07:00.493,,,,PAID,"0415MGI"
PUR_100231,SLM_100007,135.0,0,CASH,1,2015-04-01,2015-04-01,0,,2025-04-03 16:07:00.493,2025-04-03 16:07:00.493,,,,PAID,"0415SLG"
PUR_100232,SLM_100010,133.5,0,CASH,1,2015-04-01,2015-04-01,0,,2025-04-03 16:07:00.550,2025-04-03 16:07:00.550,,,,PAID,"0415YX"
PUR_100233,SLM_100014,145.25,0,CASH,1,2016-04-01,2016-04-01,0,,2025-04-03 16:07:00.550,2025-04-03 16:07:00.550,,,,PAID,"0416FS"
PUR_100234,SLM_100011,147.2,0,CASH,1,2016-04-01,2016-04-01,0,,2025-04-03 16:07:00.550,2025-04-03 16:07:00.550,,,,PAID,"0416GBT"
PUR_100235,SLM_100041,145.0,0,CASH,1,2016-04-01,2016-04-01,0,,2025-04-03 16:07:00.601,2025-04-03 16:07:00.601,,,,PAID,"0416KLD"
PUR_100236,SLM_100012,146.5,0,CASH,1,2016-04-01,2016-04-01,0,,2025-04-03 16:07:00.601,2025-04-03 16:07:00.601,,,,PAID,"0416MGI"
PUR_100237,SLM_100007,146.9,0,CASH,1,2016-04-01,2016-04-01,0,,2025-04-03 16:07:00.601,2025-04-03 16:07:00.601,,,,PAID,"0416SLG"
PUR_100238,SLM_100010,146.5,0,CASH,1,2016-04-01,2016-04-01,0,,2025-04-03 16:07:00.656,2025-04-03 16:07:00.656,,,,PAID,"0416YX"
PUR_100239,SLM_100012,170.7,0,CASH,1,2017-04-01,2017-04-01,0,,2025-04-03 16:07:00.656,2025-04-03 16:07:00.656,,,,PAID,"0417MGI"
PUR_100240,SLM_100007,168.45,0,CASH,1,2017-04-01,2017-04-01,0,,2025-04-03 16:07:00.656,2025-04-03 16:07:00.656,,,,PAID,"0417SLG"
PUR_100241,SLM_100007,156.6,0,CASH,1,2018-04-01,2018-04-01,0,,2025-04-03 16:07:00.705,2025-04-03 16:07:00.705,,,,PAID,"0418SLG"
PUR_100242,SLM_100042,157.52,0,CASH,1,2018-04-01,2018-04-01,0,,2025-04-03 16:07:00.705,2025-04-03 16:07:00.705,,,,PAID,"0418WK"
PUR_100243,SLM_100015,158.58,0,CASH,1,2018-04-01,2018-04-01,0,,2025-04-03 16:07:00.705,2025-04-03 16:07:00.705,,,,PAID,"0418YF"
PUR_100244,SLM_100018,157.27,0,CASH,1,2018-04-01,2018-04-01,0,,2025-04-03 16:07:00.761,2025-04-03 16:07:00.761,,,,PAID,"0418YM"
PUR_100245,SLM_100010,155.95,0,CASH,1,2018-04-01,2018-04-01,0,,2025-04-03 16:07:00.761,2025-04-03 16:07:00.761,,,,PAID,"0418YX"
PUR_100246,SLM_100013,160.1,0,CASH,1,2019-04-01,2019-04-01,0,,2025-04-03 16:07:00.761,2025-04-03 16:07:00.761,,,,PAID,"0419DE"
PUR_100247,SLM_100007,162.68,0,CASH,1,2019-04-01,2019-04-01,0,,2025-04-03 16:07:00.818,2025-04-03 16:07:00.818,,,,PAID,"0419SLG"
PUR_100248,SLM_100015,159.8,0,CASH,1,2019-04-01,2019-04-01,0,,2025-04-03 16:07:00.818,2025-04-03 16:07:00.818,,,,PAID,"0419YF"
PUR_100249,SLM_100018,159.95,0,CASH,1,2019-04-01,2019-04-01,0,,2025-04-03 16:07:00.818,2025-04-03 16:07:00.818,,,,PAID,"0419YM"
PUR_100250,SLM_100007,221.19,0,CASH,1,2021-04-01,2021-04-01,0,,2025-04-03 16:07:00.870,2025-04-03 16:07:00.870,,,,PAID,"0421SLG"
PUR_100251,SLM_100015,218.7,0,CASH,1,2021-04-01,2021-04-01,0,,2025-04-03 16:07:00.870,2025-04-03 16:07:00.870,,,,PAID,"0421YF"
PUR_100252,SLM_100018,218.88,0,CASH,1,2021-04-01,2021-04-01,0,,2025-04-03 16:07:00.870,2025-04-03 16:07:00.870,,,,PAID,"0421YM"
PUR_100253,SLM_100010,216.39,0,CASH,1,2021-04-01,2021-04-01,0,,2025-04-03 16:07:00.926,2025-04-03 16:07:00.926,,,,PAID,"0421YX"
PUR_100254,SLM_100020,244.34,0,CASH,1,2022-04-01,2022-04-01,0,,2025-04-03 16:07:00.926,2025-04-03 16:07:00.926,,,,PAID,"0422JJT"
PUR_100255,SLM_100007,248.39,0,CASH,1,2022-04-01,2022-04-01,0,,2025-04-03 16:07:00.926,2025-04-03 16:07:00.926,,,,PAID,"0422SLG"
PUR_100256,SLM_100025,249.75,0,CASH,1,2022-04-01,2022-04-01,0,,2025-04-03 16:07:00.986,2025-04-03 16:07:00.986,,,,PAID,"0422TC"
PUR_100257,SLM_100018,252.85,0,CASH,1,2022-04-01,2022-04-01,0,,2025-04-03 16:07:00.986,2025-04-03 16:07:00.986,,,,PAID,"0422YM"
PUR_100258,SLM_100010,245.75,0,CASH,1,2022-04-01,2022-04-01,0,,2025-04-03 16:07:00.986,2025-04-03 16:07:00.986,,,,PAID,"0422YX"
PUR_100259,SLM_100020,266.1,0,CASH,1,2023-04-01,2023-04-01,0,,2025-04-03 16:07:01.047,2025-04-03 16:07:01.047,,,,PAID,"0423JJT"
PUR_100260,SLM_100007,272.63,0,CASH,1,2023-04-01,2023-04-01,0,,2025-04-03 16:07:01.047,2025-04-03 16:07:01.047,,,,PAID,"0423SLG"
PUR_100261,SLM_100025,268.52,0,CASH,1,2023-04-01,2023-04-01,0,,2025-04-03 16:07:01.047,2025-04-03 16:07:01.047,,,,PAID,"0423TC"
PUR_100262,SLM_100018,267.84,0,CASH,1,2023-04-01,2023-04-01,0,,2025-04-03 16:07:01.098,2025-04-03 16:07:01.098,,,,PAID,"0423YM"
PUR_100263,SLM_100023,342.2,0,CASH,1,2024-04-01,2024-04-01,0,,2025-04-03 16:07:01.098,2025-04-03 16:07:01.098,,,,PAID,"0424CJ"
PUR_100264,SLM_100020,341.92,0,CASH,1,2024-04-01,2024-04-01,0,,2025-04-03 16:07:01.098,2025-04-03 16:07:01.098,,,,PAID,"0424JJT"
PUR_100265,SLM_100024,335.76,0,CASH,1,2024-04-01,2024-04-01,0,,2025-04-03 16:07:01.155,2025-04-03 16:07:01.155,,,,PAID,"0424SF"
PUR_100266,SLM_100007,347.74,0,CASH,1,2024-04-01,2024-04-01,0,,2025-04-03 16:07:01.155,2025-04-03 16:07:01.155,,,,PAID,"0424SLG"
PUR_100267,SLM_100018,345.83,0,CASH,1,2024-04-01,2024-04-01,0,,2025-04-03 16:07:01.155,2025-04-03 16:07:01.155,,,,PAID,"0424YM"
PUR_100268,SLM_100006,136.5,0,CASH,1,2011-05-01,2011-05-01,0,,2025-04-03 16:07:01.233,2025-04-03 16:07:01.233,,,,PAID,"0511MG"
PUR_100269,SLM_100007,139.5,0,CASH,1,2011-05-01,2011-05-01,0,,2025-04-03 16:07:01.233,2025-04-03 16:07:01.233,,,,PAID,"0511SLG"
PUR_100270,SLM_100010,139.0,0,CASH,1,2011-05-01,2011-05-01,0,,2025-04-03 16:07:01.233,2025-04-03 16:07:01.233,,,,PAID,"0511YX"
PUR_100271,SLM_100007,148.0,0,CASH,1,2012-05-01,2012-05-01,0,,2025-04-03 16:07:01.283,2025-04-03 16:07:01.283,,,,PAID,"0512SLG"
PUR_100272,SLM_100010,148.5,0,CASH,1,2012-05-01,2012-05-01,0,,2025-04-03 16:07:01.283,2025-04-03 16:07:01.283,,,,PAID,"0512YX"
PUR_100273,SLM_100011,134.0,0,CASH,1,2013-05-01,2013-05-01,0,,2025-04-03 16:07:01.283,2025-04-03 16:07:01.283,,,,PAID,"0513GBT"
PUR_100274,SLM_100007,134.0,0,CASH,1,2013-05-01,2013-05-01,0,,2025-04-03 16:07:01.407,2025-04-03 16:07:01.407,,,,PAID,"0513SLG"
PUR_100275,SLM_100011,126.3,0,CASH,1,2014-05-01,2014-05-01,0,,2025-04-03 16:07:01.407,2025-04-03 16:07:01.407,,,,PAID,"0514GBT"
PUR_100276,SLM_100029,126.3,0,CASH,1,2014-05-01,2014-05-01,0,,2025-04-03 16:07:01.407,2025-04-03 16:07:01.407,,,,PAID,"0514KP"
PUR_100277,SLM_100012,126.2,0,CASH,1,2014-05-01,2014-05-01,0,,2025-04-03 16:07:01.465,2025-04-03 16:07:01.465,,,,PAID,"0514MGI"
PUR_100278,SLM_100007,127.9,0,CASH,1,2014-05-01,2014-05-01,0,,2025-04-03 16:07:01.465,2025-04-03 16:07:01.465,,,,PAID,"0514SLG"
PUR_100279,SLM_100010,122.5,0,CASH,1,2014-05-01,2014-05-01,0,,2025-04-03 16:07:01.465,2025-04-03 16:07:01.465,,,,PAID,"0514YX"
PUR_100280,SLM_100013,128.0,0,CASH,1,2015-05-01,2015-05-01,0,,2025-04-03 16:07:01.527,2025-04-03 16:07:01.527,,,,PAID,"0515DE"
PUR_100281,SLM_100014,130.8,0,CASH,1,2015-05-01,2015-05-01,0,,2025-04-03 16:07:01.527,2025-04-03 16:07:01.527,,,,PAID,"0515FS"
PUR_100282,SLM_100011,129.5,0,CASH,1,2015-05-01,2015-05-01,0,,2025-04-03 16:07:01.527,2025-04-03 16:07:01.527,,,,PAID,"0515GBT"
PUR_100283,SLM_100012,132.3,0,CASH,1,2015-05-01,2015-05-01,0,,2025-04-03 16:07:01.592,2025-04-03 16:07:01.592,,,,PAID,"0515MGI"
PUR_100284,SLM_100007,130.7,0,CASH,1,2015-05-01,2015-05-01,0,,2025-04-03 16:07:01.592,2025-04-03 16:07:01.592,,,,PAID,"0515SLG"
PUR_100285,SLM_100015,131.7,0,CASH,1,2015-05-01,2015-05-01,0,,2025-04-03 16:07:01.592,2025-04-03 16:07:01.592,,,,PAID,"0515YF"
PUR_100286,SLM_100014,151.4,0,CASH,1,2016-05-01,2016-05-01,0,,2025-04-03 16:07:01.648,2025-04-03 16:07:01.648,,,,PAID,"0516FS"
PUR_100287,SLM_100016,155.1,0,CASH,1,2016-05-01,2016-05-01,0,,2025-04-03 16:07:01.648,2025-04-03 16:07:01.648,,,,PAID,"0516HL"
PUR_100288,SLM_100012,154.7,0,CASH,1,2016-05-01,2016-05-01,0,,2025-04-03 16:07:01.648,2025-04-03 16:07:01.648,,,,PAID,"0516MGI"
PUR_100289,SLM_100007,156.7,0,CASH,1,2016-05-01,2016-05-01,0,,2025-04-03 16:07:01.707,2025-04-03 16:07:01.707,,,,PAID,"0516SLG"
PUR_100290,SLM_100010,156.0,0,CASH,1,2016-05-01,2016-05-01,0,,2025-04-03 16:07:01.707,2025-04-03 16:07:01.707,,,,PAID,"0516YX"
PUR_100291,SLM_100013,164.0,0,CASH,1,2017-05-01,2017-05-01,0,,2025-04-03 16:07:01.707,2025-04-03 16:07:01.707,,,,PAID,"0517DE"
PUR_100292,SLM_100007,162.8,0,CASH,1,2017-05-01,2017-05-01,0,,2025-04-03 16:07:01.767,2025-04-03 16:07:01.767,,,,PAID,"0517SLG"
PUR_100293,SLM_100017,160.9,0,CASH,1,2017-05-01,2017-05-01,0,,2025-04-03 16:07:01.767,2025-04-03 16:07:01.767,,,,PAID,"0517XW"
PUR_100294,SLM_100015,160.2,0,CASH,1,2017-05-01,2017-05-01,0,,2025-04-03 16:07:01.767,2025-04-03 16:07:01.767,,,,PAID,"0517YF"
PUR_100295,SLM_100018,163.7,0,CASH,1,2017-05-01,2017-05-01,0,,2025-04-03 16:07:01.842,2025-04-03 16:07:01.842,,,,PAID,"0517YM"
PUR_100296,SLM_100007,159.1,0,CASH,1,2018-05-01,2018-05-01,0,,2025-04-03 16:07:01.842,2025-04-03 16:07:01.842,,,,PAID,"0518SLG"
PUR_100297,SLM_100017,156.31,0,CASH,1,2018-05-01,2018-05-01,0,,2025-04-03 16:07:01.842,2025-04-03 16:07:01.842,,,,PAID,"0518XW"
PUR_100298,SLM_100018,156.05,0,CASH,1,2018-05-01,2018-05-01,0,,2025-04-03 16:07:01.897,2025-04-03 16:07:01.897,,,,PAID,"0518YM"
PUR_100299,SLM_100007,162.65,0,CASH,1,2019-05-01,2019-05-01,0,,2025-04-03 16:07:01.897,2025-04-03 16:07:01.897,,,,PAID,"0519SLG"
PUR_100300,SLM_100017,158.98,0,CASH,1,2019-05-01,2019-05-01,0,,2025-04-03 16:07:01.897,2025-04-03 16:07:01.897,,,,PAID,"0519XW"
PUR_100301,SLM_100018,163.64,0,CASH,1,2019-05-01,2019-05-01,0,,2025-04-03 16:07:01.954,2025-04-03 16:07:01.954,,,,PAID,"0519YM"
PUR_100302,SLM_100031,221.22,0,CASH,1,2020-05-01,2020-05-01,0,,2025-04-03 16:07:01.954,2025-04-03 16:07:01.954,,,,PAID,"0520MK"
PUR_100303,SLM_100007,229.53,0,CASH,1,2020-05-01,2020-05-01,0,,2025-04-03 16:07:01.954,2025-04-03 16:07:01.954,,,,PAID,"0520SLG"
PUR_100304,SLM_100017,228.14,0,CASH,1,2020-05-01,2020-05-01,0,,2025-04-03 16:07:02.009,2025-04-03 16:07:02.009,,,,PAID,"0520XW"
PUR_100305,SLM_100015,222.46,0,CASH,1,2020-05-01,2020-05-01,0,,2025-04-03 16:07:02.009,2025-04-03 16:07:02.009,,,,PAID,"0520YF"
PUR_100306,SLM_100018,225.92,0,CASH,1,2020-05-01,2020-05-01,0,,2025-04-03 16:07:02.009,2025-04-03 16:07:02.009,,,,PAID,"0520YM"
PUR_100307,SLM_100020,228.09,0,CASH,1,2021-05-01,2021-05-01,0,,2025-04-03 16:07:02.069,2025-04-03 16:07:02.069,,,,PAID,"0521JJT"
PUR_100308,SLM_100007,234.11,0,CASH,1,2021-05-01,2021-05-01,0,,2025-04-03 16:07:02.069,2025-04-03 16:07:02.069,,,,PAID,"0521SLG"
PUR_100309,SLM_100018,234.02,0,CASH,1,2021-05-01,2021-05-01,0,,2025-04-03 16:07:02.069,2025-04-03 16:07:02.069,,,,PAID,"0521YM"
PUR_100310,SLM_100020,244.86,0,CASH,1,2022-05-01,2022-05-01,0,,2025-04-03 16:07:02.135,2025-04-03 16:07:02.135,,,,PAID,"0522JJT"
PUR_100311,SLM_100007,247.37,0,CASH,1,2022-05-01,2022-05-01,0,,2025-04-03 16:07:02.135,2025-04-03 16:07:02.135,,,,PAID,"0522SLG"
PUR_100312,SLM_100025,246.54,0,CASH,1,2022-05-01,2022-05-01,0,,2025-04-03 16:07:02.135,2025-04-03 16:07:02.135,,,,PAID,"0522TC"
PUR_100313,SLM_100017,248.17,0,CASH,1,2022-05-01,2022-05-01,0,,2025-04-03 16:07:02.202,2025-04-03 16:07:02.202,,,,PAID,"0522XW"
PUR_100314,SLM_100018,246.46,0,CASH,1,2022-05-01,2022-05-01,0,,2025-04-03 16:07:02.202,2025-04-03 16:07:02.202,,,,PAID,"0522YM"
PUR_100315,SLM_100020,272.68,0,CASH,1,2023-05-01,2023-05-01,0,,2025-04-03 16:07:02.202,2025-04-03 16:07:02.202,,,,PAID,"0523JJT"
PUR_100316,SLM_100007,272.07,0,CASH,1,2023-05-01,2023-05-01,0,,2025-04-03 16:07:02.255,2025-04-03 16:07:02.255,,,,PAID,"0523SLG"
PUR_100317,SLM_100017,271.2,0,CASH,1,2023-05-01,2023-05-01,0,,2025-04-03 16:07:02.255,2025-04-03 16:07:02.255,,,,PAID,"0523XW"
PUR_100318,SLM_100015,268.9,0,CASH,1,2023-05-01,2023-05-01,0,,2025-04-03 16:07:02.255,2025-04-03 16:07:02.255,,,,PAID,"0523YF"
PUR_100319,SLM_100018,273.13,0,CASH,1,2023-05-01,2023-05-01,0,,2025-04-03 16:07:02.309,2025-04-03 16:07:02.309,,,,PAID,"0523YM"
PUR_100320,SLM_100020,341.33,0,CASH,1,2024-05-01,2024-05-01,0,,2025-04-03 16:07:02.309,2025-04-03 16:07:02.309,,,,PAID,"0524JJT"
PUR_100321,SLM_100007,347.8,0,CASH,1,2024-05-01,2024-05-01,0,,2025-04-03 16:07:02.309,2025-04-03 16:07:02.309,,,,PAID,"0524SLG"
PUR_100322,SLM_100026,338.36,0,CASH,1,2024-05-01,2024-05-01,0,,2025-04-03 16:07:02.358,2025-04-03 16:07:02.358,,,,PAID,"0524WX"
PUR_100323,SLM_100017,336.91,0,CASH,1,2024-05-01,2024-05-01,0,,2025-04-03 16:07:02.358,2025-04-03 16:07:02.358,,,,PAID,"0524XW"
PUR_100324,SLM_100015,331.87,0,CASH,1,2024-05-01,2024-05-01,0,,2025-04-03 16:07:02.358,2025-04-03 16:07:02.358,,,,PAID,"0524YF"
PUR_100325,SLM_100018,330.97,0,CASH,1,2024-05-01,2024-05-01,0,,2025-04-03 16:07:02.410,2025-04-03 16:07:02.410,,,,PAID,"0524YM"
PUR_100326,SLM_100010,330.53,0,CASH,1,2024-05-01,2024-05-01,0,,2025-04-03 16:07:02.410,2025-04-03 16:07:02.410,,,,PAID,"0524YX"
PUR_100327,SLM_100011,142.0,0,CASH,1,2011-06-01,2011-06-01,0,,2025-04-03 16:07:02.410,2025-04-03 16:07:02.410,,,,PAID,"0611GBT"
PUR_100328,SLM_100044,142.0,0,CASH,1,2011-06-01,2011-06-01,0,,2025-04-03 16:07:02.462,2025-04-03 16:07:02.462,,,,PAID,"0611GM"
PUR_100329,SLM_100009,142.0,0,CASH,1,2011-06-01,2011-06-01,0,,2025-04-03 16:07:02.462,2025-04-03 16:07:02.462,,,,PAID,"0611SH"
PUR_100330,SLM_100007,141.0,0,CASH,1,2011-06-01,2011-06-01,0,,2025-04-03 16:07:02.462,2025-04-03 16:07:02.462,,,,PAID,"0611SLG"
PUR_100331,SLM_100010,139.0,0,CASH,1,2011-06-01,2011-06-01,0,,2025-04-03 16:07:02.519,2025-04-03 16:07:02.519,,,,PAID,"0611YX"
PUR_100332,SLM_100011,157.0,0,CASH,1,2012-06-01,2012-06-01,0,,2025-04-03 16:07:02.519,2025-04-03 16:07:02.519,,,,PAID,"0612GBT"
PUR_100333,SLM_100008,155.0,0,CASH,1,2012-06-01,2012-06-01,0,,2025-04-03 16:07:02.519,2025-04-03 16:07:02.519,,,,PAID,"0612MH"
PUR_100334,SLM_100007,157.5,0,CASH,1,2012-06-01,2012-06-01,0,,2025-04-03 16:07:02.570,2025-04-03 16:07:02.570,,,,PAID,"0612SLG"
PUR_100335,SLM_100010,156.5,0,CASH,1,2012-06-01,2012-06-01,0,,2025-04-03 16:07:02.570,2025-04-03 16:07:02.570,,,,PAID,"0612YX"
PUR_100336,SLM_100007,133.0,0,CASH,1,2013-06-01,2013-06-01,0,,2025-04-03 16:07:02.570,2025-04-03 16:07:02.570,,,,PAID,"0613SLG"
PUR_100337,SLM_100035,122.0,0,CASH,1,2014-06-01,2014-06-01,0,,2025-04-03 16:07:02.621,2025-04-03 16:07:02.621,,,,PAID,"0614GC"
PUR_100338,SLM_100045,122.2,0,CASH,1,2014-06-01,2014-06-01,0,,2025-04-03 16:07:02.621,2025-04-03 16:07:02.621,,,,PAID,"0614GG"
PUR_100339,SLM_100036,121.1,0,CASH,1,2014-06-01,2014-06-01,0,,2025-04-03 16:07:02.621,2025-04-03 16:07:02.621,,,,PAID,"0614JF"
PUR_100340,SLM_100040,124.2,0,CASH,1,2014-06-01,2014-06-01,0,,2025-04-03 16:07:02.677,2025-04-03 16:07:02.677,,,,PAID,"0614MGT"
PUR_100341,SLM_100007,129.3,0,CASH,1,2014-06-01,2014-06-01,0,,2025-04-03 16:07:02.677,2025-04-03 16:07:02.677,,,,PAID,"0614SLG"
PUR_100342,SLM_100010,122.5,0,CASH,1,2014-06-01,2014-06-01,0,,2025-04-03 16:07:02.677,2025-04-03 16:07:02.677,,,,PAID,"0614YX"
PUR_100343,SLM_100013,134.65,0,CASH,1,2015-06-01,2015-06-01,0,,2025-04-03 16:07:02.732,2025-04-03 16:07:02.732,,,,PAID,"0615DE"
PUR_100344,SLM_100011,133.85,0,CASH,1,2015-06-01,2015-06-01,0,,2025-04-03 16:07:02.732,2025-04-03 16:07:02.732,,,,PAID,"0615GBT"
PUR_100345,SLM_100007,135.7,0,CASH,1,2015-06-01,2015-06-01,0,,2025-04-03 16:07:02.732,2025-04-03 16:07:02.732,,,,PAID,"0615SLG"
PUR_100346,SLM_100015,134.2,0,CASH,1,2015-06-01,2015-06-01,0,,2025-04-03 16:07:02.789,2025-04-03 16:07:02.789,,,,PAID,"0615YF"
PUR_100347,SLM_100010,134.1,0,CASH,1,2015-06-01,2015-06-01,0,,2025-04-03 16:07:02.789,2025-04-03 16:07:02.789,,,,PAID,"0615YX"
PUR_100348,SLM_100016,158.1,0,CASH,1,2016-06-01,2016-06-01,0,,2025-04-03 16:07:02.789,2025-04-03 16:07:02.789,,,,PAID,"0616HL"
PUR_100349,SLM_100012,153.6,0,CASH,1,2016-06-01,2016-06-01,0,,2025-04-03 16:07:02.840,2025-04-03 16:07:02.840,,,,PAID,"0616MGI"
PUR_100350,SLM_100007,157.4,0,CASH,1,2016-06-01,2016-06-01,0,,2025-04-03 16:07:02.840,2025-04-03 16:07:02.840,,,,PAID,"0616SLG"
PUR_100351,SLM_100017,160.8,0,CASH,1,2016-06-01,2016-06-01,0,,2025-04-03 16:07:02.840,2025-04-03 16:07:02.840,,,,PAID,"0616XW"
PUR_100352,SLM_100011,162.7,0,CASH,1,2017-06-01,2017-06-01,0,,2025-04-03 16:07:02.905,2025-04-03 16:07:02.905,,,,PAID,"0617GBT"
PUR_100353,SLM_100016,164.2,0,CASH,1,2017-06-01,2017-06-01,0,,2025-04-03 16:07:02.905,2025-04-03 16:07:02.905,,,,PAID,"0617HL"
PUR_100354,SLM_100007,166.8,0,CASH,1,2017-06-01,2017-06-01,0,,2025-04-03 16:07:02.905,2025-04-03 16:07:02.905,,,,PAID,"0617SLG"
PUR_100355,SLM_100018,166.8,0,CASH,1,2017-06-01,2017-06-01,0,,2025-04-03 16:07:02.965,2025-04-03 16:07:02.965,,,,PAID,"0617YM"
PUR_100356,SLM_100013,153.86,0,CASH,1,2018-06-01,2018-06-01,0,,2025-04-03 16:07:02.965,2025-04-03 16:07:02.965,,,,PAID,"0618DE"
PUR_100357,SLM_100007,156.3,0,CASH,1,2018-06-01,2018-06-01,0,,2025-04-03 16:07:02.965,2025-04-03 16:07:02.965,,,,PAID,"0618SLG"
PUR_100358,SLM_100017,153.0,0,CASH,1,2018-06-01,2018-06-01,0,,2025-04-03 16:07:03.022,2025-04-03 16:07:03.022,,,,PAID,"0618XW"
PUR_100359,SLM_100015,156.11,0,CASH,1,2018-06-01,2018-06-01,0,,2025-04-03 16:07:03.022,2025-04-03 16:07:03.022,,,,PAID,"0618YF"
PUR_100360,SLM_100018,153.91,0,CASH,1,2018-06-01,2018-06-01,0,,2025-04-03 16:07:03.022,2025-04-03 16:07:03.022,,,,PAID,"0618YM"
PUR_100361,SLM_100010,156.7,0,CASH,1,2018-06-01,2018-06-01,0,,2025-04-03 16:07:03.075,2025-04-03 16:07:03.075,,,,PAID,"0618YX"
PUR_100362,SLM_100007,170.23,0,CASH,1,2019-06-01,2019-06-01,0,,2025-04-03 16:07:03.075,2025-04-03 16:07:03.075,,,,PAID,"0619SLG"
PUR_100363,SLM_100017,173.9,0,CASH,1,2019-06-01,2019-06-01,0,,2025-04-03 16:07:03.075,2025-04-03 16:07:03.075,,,,PAID,"0619XW"
PUR_100364,SLM_100018,168.41,0,CASH,1,2019-06-01,2019-06-01,0,,2025-04-03 16:07:03.128,2025-04-03 16:07:03.128,,,,PAID,"0619YM"
PUR_100365,SLM_100010,166.4,0,CASH,1,2019-06-01,2019-06-01,0,,2025-04-03 16:07:03.128,2025-04-03 16:07:03.128,,,,PAID,"0619YX"
PUR_100366,SLM_100007,224.28,0,CASH,1,2020-06-01,2020-06-01,0,,2025-04-03 16:07:03.128,2025-04-03 16:07:03.128,,,,PAID,"0620SLG"
PUR_100367,SLM_100018,227.93,0,CASH,1,2020-06-01,2020-06-01,0,,2025-04-03 16:07:03.176,2025-04-03 16:07:03.176,,,,PAID,"0620YM"
PUR_100368,SLM_100020,244.11,0,CASH,1,2022-06-01,2022-06-01,0,,2025-04-03 16:07:03.176,2025-04-03 16:07:03.176,,,,PAID,"0622JJT"
PUR_100369,SLM_100019,244.03,0,CASH,1,2022-06-01,2022-06-01,0,,2025-04-03 16:07:03.176,2025-04-03 16:07:03.176,,,,PAID,"0622LUX"
PUR_100370,SLM_100007,246.92,0,CASH,1,2022-06-01,2022-06-01,0,,2025-04-03 16:07:03.230,2025-04-03 16:07:03.230,,,,PAID,"0622SLG"
PUR_100371,SLM_100017,239.87,0,CASH,1,2022-06-01,2022-06-01,0,,2025-04-03 16:07:03.230,2025-04-03 16:07:03.230,,,,PAID,"0622XW"
PUR_100372,SLM_100015,241.6,0,CASH,1,2022-06-01,2022-06-01,0,,2025-04-03 16:07:03.230,2025-04-03 16:07:03.230,,,,PAID,"0622YF"
PUR_100373,SLM_100018,246.51,0,CASH,1,2022-06-01,2022-06-01,0,,2025-04-03 16:07:03.283,2025-04-03 16:07:03.283,,,,PAID,"0622YM"
PUR_100374,SLM_100010,248.6,0,CASH,1,2022-06-01,2022-06-01,0,,2025-04-03 16:07:03.283,2025-04-03 16:07:03.283,,,,PAID,"0622YX"
PUR_100375,SLM_100023,329.4,0,CASH,1,2024-06-01,2024-06-01,0,,2025-04-03 16:07:03.283,2025-04-03 16:07:03.283,,,,PAID,"0624CJ"
PUR_100376,SLM_100020,326.24,0,CASH,1,2024-06-01,2024-06-01,0,,2025-04-03 16:07:03.339,2025-04-03 16:07:03.339,,,,PAID,"0624JJT"
PUR_100377,SLM_100034,335.45,0,CASH,1,2024-06-01,2024-06-01,0,,2025-04-03 16:07:03.339,2025-04-03 16:07:03.339,,,,PAID,"0624JS"
PUR_100378,SLM_100007,337.24,0,CASH,1,2024-06-01,2024-06-01,0,,2025-04-03 16:07:03.339,2025-04-03 16:07:03.339,,,,PAID,"0624SLG"
PUR_100379,SLM_100015,329.62,0,CASH,1,2024-06-01,2024-06-01,0,,2025-04-03 16:07:03.393,2025-04-03 16:07:03.393,,,,PAID,"0624YF"
PUR_100380,SLM_100018,331.41,0,CASH,1,2024-06-01,2024-06-01,0,,2025-04-03 16:07:03.393,2025-04-03 16:07:03.393,,,,PAID,"0624YM"
PUR_100381,SLM_100010,328.42,0,CASH,1,2024-06-01,2024-06-01,0,,2025-04-03 16:07:03.393,2025-04-03 16:07:03.393,,,,PAID,"0624YX"
PUR_100382,SLM_100006,144.5,0,CASH,1,2011-07-01,2011-07-01,0,,2025-04-03 16:07:03.461,2025-04-03 16:07:03.461,,,,PAID,"0711MG"
PUR_100383,SLM_100007,138.0,0,CASH,1,2011-07-01,2011-07-01,0,,2025-04-03 16:07:03.461,2025-04-03 16:07:03.461,,,,PAID,"0711SLG"
PUR_100384,SLM_100010,139.0,0,CASH,1,2011-07-01,2011-07-01,0,,2025-04-03 16:07:03.461,2025-04-03 16:07:03.461,,,,PAID,"0711YX"
PUR_100385,SLM_100011,153.5,0,CASH,1,2012-07-01,2012-07-01,0,,2025-04-03 16:07:03.537,2025-04-03 16:07:03.537,,,,PAID,"0712GBT"
PUR_100386,SLM_100007,153.5,0,CASH,1,2012-07-01,2012-07-01,0,,2025-04-03 16:07:03.537,2025-04-03 16:07:03.537,,,,PAID,"0712SLG"
PUR_100387,SLM_100011,121.0,0,CASH,1,2013-07-01,2013-07-01,0,,2025-04-03 16:07:03.537,2025-04-03 16:07:03.537,,,,PAID,"0713GBT"
PUR_100388,SLM_100029,120.5,0,CASH,1,2013-07-01,2013-07-01,0,,2025-04-03 16:07:03.622,2025-04-03 16:07:03.622,,,,PAID,"0713KP"
PUR_100389,SLM_100007,129.5,0,CASH,1,2013-07-01,2013-07-01,0,,2025-04-03 16:07:03.622,2025-04-03 16:07:03.622,,,,PAID,"0713SLG"
PUR_100390,SLM_100010,124.0,0,CASH,1,2013-07-01,2013-07-01,0,,2025-04-03 16:07:03.622,2025-04-03 16:07:03.622,,,,PAID,"0713YX"
PUR_100391,SLM_100011,127.8,0,CASH,1,2014-07-01,2014-07-01,0,,2025-04-03 16:07:03.691,2025-04-03 16:07:03.691,,,,PAID,"0714GBT"
PUR_100392,SLM_100035,127.4,0,CASH,1,2014-07-01,2014-07-01,0,,2025-04-03 16:07:03.691,2025-04-03 16:07:03.691,,,,PAID,"0714GC"
PUR_100393,SLM_100045,126.4,0,CASH,1,2014-07-01,2014-07-01,0,,2025-04-03 16:07:03.691,2025-04-03 16:07:03.691,,,,PAID,"0714GG"
PUR_100394,SLM_100029,125.8,0,CASH,1,2014-07-01,2014-07-01,0,,2025-04-03 16:07:03.766,2025-04-03 16:07:03.766,,,,PAID,"0714KP"
PUR_100395,SLM_100012,125.3,0,CASH,1,2014-07-01,2014-07-01,0,,2025-04-03 16:07:03.766,2025-04-03 16:07:03.766,,,,PAID,"0714MGI"
PUR_100396,SLM_100009,128.1,0,CASH,1,2014-07-01,2014-07-01,0,,2025-04-03 16:07:03.766,2025-04-03 16:07:03.766,,,,PAID,"0714SH"
PUR_100397,SLM_100007,128.0,0,CASH,1,2014-07-01,2014-07-01,0,,2025-04-03 16:07:03.835,2025-04-03 16:07:03.835,,,,PAID,"0714SLG"
PUR_100398,SLM_100010,127.5,0,CASH,1,2014-07-01,2014-07-01,0,,2025-04-03 16:07:03.835,2025-04-03 16:07:03.835,,,,PAID,"0714YX"
PUR_100399,SLM_100014,126.45,0,CASH,1,2015-07-01,2015-07-01,0,,2025-04-03 16:07:03.835,2025-04-03 16:07:03.835,,,,PAID,"0715FS"
PUR_100400,SLM_100011,133.5,0,CASH,1,2015-07-01,2015-07-01,0,,2025-04-03 16:07:03.936,2025-04-03 16:07:03.936,,,,PAID,"0715GBT"
PUR_100401,SLM_100036,133.2,0,CASH,1,2015-07-01,2015-07-01,0,,2025-04-03 16:07:03.936,2025-04-03 16:07:03.936,,,,PAID,"0715JF"
PUR_100402,SLM_100007,135.7,0,CASH,1,2015-07-01,2015-07-01,0,,2025-04-03 16:07:03.936,2025-04-03 16:07:03.936,,,,PAID,"0715SLG"
PUR_100403,SLM_100015,126.5,0,CASH,1,2015-07-01,2015-07-01,0,,2025-04-03 16:07:03.990,2025-04-03 16:07:03.990,,,,PAID,"0715YF"
PUR_100404,SLM_100010,125.65,0,CASH,1,2015-07-01,2015-07-01,0,,2025-04-03 16:07:03.990,2025-04-03 16:07:03.990,,,,PAID,"0715YX"
PUR_100405,SLM_100013,163.3,0,CASH,1,2016-07-01,2016-07-01,0,,2025-04-03 16:07:03.990,2025-04-03 16:07:03.990,,,,PAID,"0716DE"
PUR_100406,SLM_100012,161.2,0,CASH,1,2016-07-01,2016-07-01,0,,2025-04-03 16:07:04.051,2025-04-03 16:07:04.051,,,,PAID,"0716MGI"
PUR_100407,SLM_100007,164.9,0,CASH,1,2016-07-01,2016-07-01,0,,2025-04-03 16:07:04.051,2025-04-03 16:07:04.051,,,,PAID,"0716SLG"
PUR_100408,SLM_100010,164.4,0,CASH,1,2016-07-01,2016-07-01,0,,2025-04-03 16:07:04.051,2025-04-03 16:07:04.051,,,,PAID,"0716YX"
PUR_100409,SLM_100007,161.7,0,CASH,1,2017-07-01,2017-07-01,0,,2025-04-03 16:07:04.104,2025-04-03 16:07:04.104,,,,PAID,"0717SLG"
PUR_100410,SLM_100018,161.1,0,CASH,1,2017-07-01,2017-07-01,0,,2025-04-03 16:07:04.104,2025-04-03 16:07:04.104,,,,PAID,"0717YM"
PUR_100411,SLM_100010,162.7,0,CASH,1,2017-07-01,2017-07-01,0,,2025-04-03 16:07:04.104,2025-04-03 16:07:04.104,,,,PAID,"0717YX"
PUR_100412,SLM_100007,155.2,0,CASH,1,2018-07-01,2018-07-01,0,,2025-04-03 16:07:04.158,2025-04-03 16:07:04.158,,,,PAID,"0718SLG"
PUR_100413,SLM_100018,152.72,0,CASH,1,2018-07-01,2018-07-01,0,,2025-04-03 16:07:04.158,2025-04-03 16:07:04.158,,,,PAID,"0718YM"
PUR_100414,SLM_100013,174.58,0,CASH,1,2019-07-01,2019-07-01,0,,2025-04-03 16:07:04.158,2025-04-03 16:07:04.158,,,,PAID,"0719DE"
PUR_100415,SLM_100031,178.96,0,CASH,1,2019-07-01,2019-07-01,0,,2025-04-03 16:07:04.209,2025-04-03 16:07:04.209,,,,PAID,"0719MK"
PUR_100416,SLM_100007,174.35,0,CASH,1,2019-07-01,2019-07-01,0,,2025-04-03 16:07:04.209,2025-04-03 16:07:04.209,,,,PAID,"0719SLG"
PUR_100417,SLM_100015,174.57,0,CASH,1,2019-07-01,2019-07-01,0,,2025-04-03 16:07:04.209,2025-04-03 16:07:04.209,,,,PAID,"0719YF"
PUR_100418,SLM_100018,177.66,0,CASH,1,2019-07-01,2019-07-01,0,,2025-04-03 16:07:04.259,2025-04-03 16:07:04.259,,,,PAID,"0719YM"
PUR_100419,SLM_100010,179.58,0,CASH,1,2019-07-01,2019-07-01,0,,2025-04-03 16:07:04.259,2025-04-03 16:07:04.259,,,,PAID,"0719YX"
PUR_100420,SLM_100031,230.79,0,CASH,1,2020-07-01,2020-07-01,0,,2025-04-03 16:07:04.259,2025-04-03 16:07:04.259,,,,PAID,"0720MK"
PUR_100421,SLM_100017,249.88,0,CASH,1,2020-07-01,2020-07-01,0,,2025-04-03 16:07:04.309,2025-04-03 16:07:04.309,,,,PAID,"0720XW"
PUR_100422,SLM_100020,240.06,0,CASH,1,2022-07-01,2022-07-01,0,,2025-04-03 16:07:04.309,2025-04-03 16:07:04.309,,,,PAID,"0722JJT"
PUR_100423,SLM_100019,236.37,0,CASH,1,2022-07-01,2022-07-01,0,,2025-04-03 16:07:04.309,2025-04-03 16:07:04.309,,,,PAID,"0722LUX"
PUR_100424,SLM_100007,230.78,0,CASH,1,2022-07-01,2022-07-01,0,,2025-04-03 16:07:04.360,2025-04-03 16:07:04.360,,,,PAID,"0722SLG"
PUR_100425,SLM_100025,240.87,0,CASH,1,2022-07-01,2022-07-01,0,,2025-04-03 16:07:04.360,2025-04-03 16:07:04.360,,,,PAID,"0722TC"
PUR_100426,SLM_100015,230.44,0,CASH,1,2022-07-01,2022-07-01,0,,2025-04-03 16:07:04.360,2025-04-03 16:07:04.360,,,,PAID,"0722YF"
PUR_100427,SLM_100018,240.59,0,CASH,1,2022-07-01,2022-07-01,0,,2025-04-03 16:07:04.463,2025-04-03 16:07:04.463,,,,PAID,"0722YM"
PUR_100428,SLM_100010,234.67,0,CASH,1,2022-07-01,2022-07-01,0,,2025-04-03 16:07:04.463,2025-04-03 16:07:04.463,,,,PAID,"0722YX"
PUR_100429,SLM_100023,334.9,0,CASH,1,2024-07-01,2024-07-01,0,,2025-04-03 16:07:04.463,2025-04-03 16:07:04.463,,,,PAID,"0724CJ"
PUR_100430,SLM_100020,335.0,0,CASH,1,2024-07-01,2024-07-01,0,,2025-04-03 16:07:04.536,2025-04-03 16:07:04.536,,,,PAID,"0724JJT"
PUR_100431,SLM_100019,333.97,0,CASH,1,2024-07-01,2024-07-01,0,,2025-04-03 16:07:04.536,2025-04-03 16:07:04.536,,,,PAID,"0724LUX"
PUR_100432,SLM_100024,339.4,0,CASH,1,2024-07-01,2024-07-01,0,,2025-04-03 16:07:04.536,2025-04-03 16:07:04.536,,,,PAID,"0724SF"
PUR_100433,SLM_100007,337.65,0,CASH,1,2024-07-01,2024-07-01,0,,2025-04-03 16:07:04.587,2025-04-03 16:07:04.587,,,,PAID,"0724SLG"
PUR_100434,SLM_100017,342.06,0,CASH,1,2024-07-01,2024-07-01,0,,2025-04-03 16:07:04.587,2025-04-03 16:07:04.587,,,,PAID,"0724XW"
PUR_100435,SLM_100018,347.73,0,CASH,1,2024-07-01,2024-07-01,0,,2025-04-03 16:07:04.587,2025-04-03 16:07:04.587,,,,PAID,"0724YM"
PUR_100436,SLM_100010,336.84,0,CASH,1,2024-07-01,2024-07-01,0,,2025-04-03 16:07:04.641,2025-04-03 16:07:04.641,,,,PAID,"0724YX"
PUR_100437,SLM_100011,166.5,0,CASH,1,2011-08-01,2011-08-01,0,,2025-04-03 16:07:04.641,2025-04-03 16:07:04.641,,,,PAID,"0811GBT"
PUR_100438,SLM_100007,161.5,0,CASH,1,2011-08-01,2011-08-01,0,,2025-04-03 16:07:04.641,2025-04-03 16:07:04.641,,,,PAID,"0811SLG"
PUR_100439,SLM_100010,169.0,0,CASH,1,2011-08-01,2011-08-01,0,,2025-04-03 16:07:04.694,2025-04-03 16:07:04.694,,,,PAID,"0811YX"
PUR_100440,SLM_100011,153.0,0,CASH,1,2012-08-01,2012-08-01,0,,2025-04-03 16:07:04.694,2025-04-03 16:07:04.694,,,,PAID,"0812GBT"
PUR_100441,SLM_100006,151.0,0,CASH,1,2012-08-01,2012-08-01,0,,2025-04-03 16:07:04.694,2025-04-03 16:07:04.694,,,,PAID,"0812MG"
PUR_100442,SLM_100007,154.5,0,CASH,1,2012-08-01,2012-08-01,0,,2025-04-03 16:07:04.758,2025-04-03 16:07:04.758,,,,PAID,"0812SLG"
PUR_100443,SLM_100010,154.0,0,CASH,1,2012-08-01,2012-08-01,0,,2025-04-03 16:07:04.758,2025-04-03 16:07:04.758,,,,PAID,"0812YX"
PUR_100444,SLM_100029,128.5,0,CASH,1,2013-08-01,2013-08-01,0,,2025-04-03 16:07:04.758,2025-04-03 16:07:04.758,,,,PAID,"0813KP"
PUR_100445,SLM_100007,131.0,0,CASH,1,2013-08-01,2013-08-01,0,,2025-04-03 16:07:04.808,2025-04-03 16:07:04.808,,,,PAID,"0813SLG"
PUR_100446,SLM_100010,142.0,0,CASH,1,2013-08-01,2013-08-01,0,,2025-04-03 16:07:04.808,2025-04-03 16:07:04.808,,,,PAID,"0813YX"
PUR_100447,SLM_100011,122.8,0,CASH,1,2014-08-01,2014-08-01,0,,2025-04-03 16:07:04.808,2025-04-03 16:07:04.808,,,,PAID,"0814GBT"
PUR_100448,SLM_100035,127.1,0,CASH,1,2014-08-01,2014-08-01,0,,2025-04-03 16:07:04.865,2025-04-03 16:07:04.865,,,,PAID,"0814GC"
PUR_100449,SLM_100045,123.2,0,CASH,1,2014-08-01,2014-08-01,0,,2025-04-03 16:07:04.865,2025-04-03 16:07:04.865,,,,PAID,"0814GG"
PUR_100450,SLM_100012,126.2,0,CASH,1,2014-08-01,2014-08-01,0,,2025-04-03 16:07:04.865,2025-04-03 16:07:04.865,,,,PAID,"0814MGI"
PUR_100451,SLM_100007,127.4,0,CASH,1,2014-08-01,2014-08-01,0,,2025-04-03 16:07:04.918,2025-04-03 16:07:04.918,,,,PAID,"0814SLG"
PUR_100452,SLM_100011,129.6,0,CASH,1,2015-08-01,2015-08-01,0,,2025-04-03 16:07:04.918,2025-04-03 16:07:04.918,,,,PAID,"0815GBT"
PUR_100453,SLM_100036,129.85,0,CASH,1,2015-08-01,2015-08-01,0,,2025-04-03 16:07:04.918,2025-04-03 16:07:04.918,,,,PAID,"0815JF"
PUR_100454,SLM_100012,147.3,0,CASH,1,2015-08-01,2015-08-01,0,,2025-04-03 16:07:04.987,2025-04-03 16:07:04.987,,,,PAID,"0815MGI"
PUR_100455,SLM_100007,138.8,0,CASH,1,2015-08-01,2015-08-01,0,,2025-04-03 16:07:04.987,2025-04-03 16:07:04.987,,,,PAID,"0815SLG"
PUR_100456,SLM_100011,166.7,0,CASH,1,2016-08-01,2016-08-01,0,,2025-04-03 16:07:04.987,2025-04-03 16:07:04.987,,,,PAID,"0816GBT"
PUR_100457,SLM_100007,165.6,0,CASH,1,2016-08-01,2016-08-01,0,,2025-04-03 16:07:05.052,2025-04-03 16:07:05.052,,,,PAID,"0816SLG"
PUR_100458,SLM_100013,164.7,0,CASH,1,2017-08-01,2017-08-01,0,,2025-04-03 16:07:05.052,2025-04-03 16:07:05.052,,,,PAID,"0817DE"
PUR_100459,SLM_100011,168.5,0,CASH,1,2017-08-01,2017-08-01,0,,2025-04-03 16:07:05.052,2025-04-03 16:07:05.052,,,,PAID,"0817GBT"
PUR_100460,SLM_100007,165.7,0,CASH,1,2017-08-01,2017-08-01,0,,2025-04-03 16:07:05.115,2025-04-03 16:07:05.115,,,,PAID,"0817SLG"
PUR_100461,SLM_100017,166.9,0,CASH,1,2017-08-01,2017-08-01,0,,2025-04-03 16:07:05.115,2025-04-03 16:07:05.115,,,,PAID,"0817XW"
PUR_100462,SLM_100018,164.8,0,CASH,1,2017-08-01,2017-08-01,0,,2025-04-03 16:07:05.115,2025-04-03 16:07:05.115,,,,PAID,"0817YM"
PUR_100463,SLM_100013,148.21,0,CASH,1,2018-08-01,2018-08-01,0,,2025-04-03 16:07:05.182,2025-04-03 16:07:05.182,,,,PAID,"0818DE"
PUR_100464,SLM_100007,151.6,0,CASH,1,2018-08-01,2018-08-01,0,,2025-04-03 16:07:05.182,2025-04-03 16:07:05.182,,,,PAID,"0818SLG"
PUR_100465,SLM_100017,147.25,0,CASH,1,2018-08-01,2018-08-01,0,,2025-04-03 16:07:05.182,2025-04-03 16:07:05.182,,,,PAID,"0818XW"
PUR_100466,SLM_100015,145.25,0,CASH,1,2018-08-01,2018-08-01,0,,2025-04-03 16:07:05.255,2025-04-03 16:07:05.255,,,,PAID,"0818YF"
PUR_100467,SLM_100018,150.0,0,CASH,1,2018-08-01,2018-08-01,0,,2025-04-03 16:07:05.255,2025-04-03 16:07:05.255,,,,PAID,"0818YM"
PUR_100468,SLM_100010,150.23,0,CASH,1,2018-08-01,2018-08-01,0,,2025-04-03 16:07:05.255,2025-04-03 16:07:05.255,,,,PAID,"0818YX"
PUR_100469,SLM_100007,178.03,0,CASH,1,2019-08-01,2019-08-01,0,,2025-04-03 16:07:05.305,2025-04-03 16:07:05.305,,,,PAID,"0819SLG"
PUR_100470,SLM_100018,176.49,0,CASH,1,2019-08-01,2019-08-01,0,,2025-04-03 16:07:05.305,2025-04-03 16:07:05.305,,,,PAID,"0819YM"
PUR_100471,SLM_100010,194.88,0,CASH,1,2019-08-01,2019-08-01,0,,2025-04-03 16:07:05.305,2025-04-03 16:07:05.305,,,,PAID,"0819YX"
PUR_100472,SLM_100031,245.85,0,CASH,1,2020-08-01,2020-08-01,0,,2025-04-03 16:07:05.366,2025-04-03 16:07:05.366,,,,PAID,"0820MK"
PUR_100473,SLM_100007,257.58,0,CASH,1,2020-08-01,2020-08-01,0,,2025-04-03 16:07:05.366,2025-04-03 16:07:05.366,,,,PAID,"0820SLG"
PUR_100474,SLM_100018,260.12,0,CASH,1,2020-08-01,2020-08-01,0,,2025-04-03 16:07:05.366,2025-04-03 16:07:05.366,,,,PAID,"0820YM"
PUR_100475,SLM_100020,227.37,0,CASH,1,2021-08-01,2021-08-01,0,,2025-04-03 16:07:05.423,2025-04-03 16:07:05.423,,,,PAID,"0821JJT"
PUR_100476,SLM_100020,239.93,0,CASH,1,2022-08-01,2022-08-01,0,,2025-04-03 16:07:05.423,2025-04-03 16:07:05.423,,,,PAID,"0822JJT"
PUR_100477,SLM_100034,236.76,0,CASH,1,2022-08-01,2022-08-01,0,,2025-04-03 16:07:05.423,2025-04-03 16:07:05.423,,,,PAID,"0822JS"
PUR_100478,SLM_100022,237.46,0,CASH,1,2022-08-01,2022-08-01,0,,2025-04-03 16:07:05.487,2025-04-03 16:07:05.487,,,,PAID,"0822RB"
PUR_100479,SLM_100007,240.83,0,CASH,1,2022-08-01,2022-08-01,0,,2025-04-03 16:07:05.487,2025-04-03 16:07:05.487,,,,PAID,"0822SLG"
PUR_100480,SLM_100025,237.46,0,CASH,1,2022-08-01,2022-08-01,0,,2025-04-03 16:07:05.487,2025-04-03 16:07:05.487,,,,PAID,"0822TC"
PUR_100481,SLM_100023,325.84,0,CASH,1,2024-08-01,2024-08-01,0,,2025-04-03 16:07:05.542,2025-04-03 16:07:05.542,,,,PAID,"0824CJ"
PUR_100482,SLM_100020,331.26,0,CASH,1,2024-08-01,2024-08-01,0,,2025-04-03 16:07:05.542,2025-04-03 16:07:05.542,,,,PAID,"0824JJT"
PUR_100483,SLM_100019,329.97,0,CASH,1,2024-08-01,2024-08-01,0,,2025-04-03 16:07:05.542,2025-04-03 16:07:05.542,,,,PAID,"0824LUX"
PUR_100484,SLM_100007,330.94,0,CASH,1,2024-08-01,2024-08-01,0,,2025-04-03 16:07:05.596,2025-04-03 16:07:05.596,,,,PAID,"0824SLG"
PUR_100485,SLM_100018,328.82,0,CASH,1,2024-08-01,2024-08-01,0,,2025-04-03 16:07:05.596,2025-04-03 16:07:05.596,,,,PAID,"0824YM"
PUR_100486,SLM_100010,329.41,0,CASH,1,2024-08-01,2024-08-01,0,,2025-04-03 16:07:05.596,2025-04-03 16:07:05.596,,,,PAID,"0824YX"
PUR_100487,SLM_100011,170.0,0,CASH,1,2011-09-01,2011-09-01,0,,2025-04-03 16:07:05.652,2025-04-03 16:07:05.652,,,,PAID,"0911GBT"
PUR_100488,SLM_100007,169.5,0,CASH,1,2011-09-01,2011-09-01,0,,2025-04-03 16:07:05.652,2025-04-03 16:07:05.652,,,,PAID,"0911SLG"
PUR_100489,SLM_100010,157.0,0,CASH,1,2011-09-01,2011-09-01,0,,2025-04-03 16:07:05.652,2025-04-03 16:07:05.652,,,,PAID,"0911YX"
PUR_100490,SLM_100011,133.0,0,CASH,1,2013-09-01,2013-09-01,0,,2025-04-03 16:07:05.710,2025-04-03 16:07:05.710,,,,PAID,"0913GBT"
PUR_100491,SLM_100007,132.0,0,CASH,1,2013-09-01,2013-09-01,0,,2025-04-03 16:07:05.710,2025-04-03 16:07:05.710,,,,PAID,"0913SLG"
PUR_100492,SLM_100011,121.4,0,CASH,1,2014-09-01,2014-09-01,0,,2025-04-03 16:07:05.710,2025-04-03 16:07:05.710,,,,PAID,"0914GBT"
PUR_100493,SLM_100035,120.1,0,CASH,1,2014-09-01,2014-09-01,0,,2025-04-03 16:07:05.771,2025-04-03 16:07:05.771,,,,PAID,"0914GC"
PUR_100494,SLM_100009,120.6,0,CASH,1,2014-09-01,2014-09-01,0,,2025-04-03 16:07:05.771,2025-04-03 16:07:05.771,,,,PAID,"0914SH"
PUR_100495,SLM_100007,121.5,0,CASH,1,2014-09-01,2014-09-01,0,,2025-04-03 16:07:05.771,2025-04-03 16:07:05.771,,,,PAID,"0914SLG"
PUR_100496,SLM_100010,121.2,0,CASH,1,2014-09-01,2014-09-01,0,,2025-04-03 16:07:05.823,2025-04-03 16:07:05.823,,,,PAID,"0914YX"
PUR_100497,SLM_100013,144.5,0,CASH,1,2015-09-01,2015-09-01,0,,2025-04-03 16:07:05.823,2025-04-03 16:07:05.823,,,,PAID,"0915DE"
PUR_100498,SLM_100014,146.5,0,CASH,1,2015-09-01,2015-09-01,0,,2025-04-03 16:07:05.823,2025-04-03 16:07:05.823,,,,PAID,"0915FS"
PUR_100499,SLM_100011,144.8,0,CASH,1,2015-09-01,2015-09-01,0,,2025-04-03 16:07:05.903,2025-04-03 16:07:05.903,,,,PAID,"0915GBT"
PUR_100500,SLM_100035,144.6,0,CASH,1,2015-09-01,2015-09-01,0,,2025-04-03 16:07:05.903,2025-04-03 16:07:05.903,,,,PAID,"0915GC"
PUR_100501,SLM_100046,147.4,0,CASH,1,2015-09-01,2015-09-01,0,,2025-04-03 16:07:05.903,2025-04-03 16:07:05.903,,,,PAID,"0915GCJ"
PUR_100502,SLM_100007,145.1,0,CASH,1,2015-09-01,2015-09-01,0,,2025-04-03 16:07:05.958,2025-04-03 16:07:05.958,,,,PAID,"0915SLG"
PUR_100503,SLM_100015,151.1,0,CASH,1,2015-09-01,2015-09-01,0,,2025-04-03 16:07:05.958,2025-04-03 16:07:05.958,,,,PAID,"0915YF"
PUR_100504,SLM_100010,145.4,0,CASH,1,2015-09-01,2015-09-01,0,,2025-04-03 16:07:05.958,2025-04-03 16:07:05.958,,,,PAID,"0915YX"
PUR_100505,SLM_100016,164.9,0,CASH,1,2016-09-01,2016-09-01,0,,2025-04-03 16:07:06.027,2025-04-03 16:07:06.027,,,,PAID,"0916HL"
PUR_100506,SLM_100012,165.0,0,CASH,1,2016-09-01,2016-09-01,0,,2025-04-03 16:07:06.027,2025-04-03 16:07:06.027,,,,PAID,"0916MGI"
PUR_100507,SLM_100017,164.7,0,CASH,1,2016-09-01,2016-09-01,0,,2025-04-03 16:07:06.027,2025-04-03 16:07:06.027,,,,PAID,"0916XW"
PUR_100508,SLM_100010,165.0,0,CASH,1,2016-09-01,2016-09-01,0,,2025-04-03 16:07:06.087,2025-04-03 16:07:06.087,,,,PAID,"0916YX"
PUR_100509,SLM_100013,164.7,0,CASH,1,2017-09-01,2017-09-01,0,,2025-04-03 16:07:06.087,2025-04-03 16:07:06.087,,,,PAID,"0917DE"
PUR_100510,SLM_100007,172.5,0,CASH,1,2017-09-01,2017-09-01,0,,2025-04-03 16:07:06.087,2025-04-03 16:07:06.087,,,,PAID,"0917SLG"
PUR_100511,SLM_100015,164.3,0,CASH,1,2017-09-01,2017-09-01,0,,2025-04-03 16:07:06.144,2025-04-03 16:07:06.144,,,,PAID,"0917YF"
PUR_100512,SLM_100018,166.5,0,CASH,1,2017-09-01,2017-09-01,0,,2025-04-03 16:07:06.144,2025-04-03 16:07:06.144,,,,PAID,"0917YM"
PUR_100513,SLM_100007,151.0,0,CASH,1,2018-09-01,2018-09-01,0,,2025-04-03 16:07:06.144,2025-04-03 16:07:06.144,,,,PAID,"0918SLG"
PUR_100514,SLM_100018,151.22,0,CASH,1,2018-09-01,2018-09-01,0,,2025-04-03 16:07:06.210,2025-04-03 16:07:06.210,,,,PAID,"0918YM"
PUR_100515,SLM_100007,189.55,0,CASH,1,2019-09-01,2019-09-01,0,,2025-04-03 16:07:06.210,2025-04-03 16:07:06.210,,,,PAID,"0919SLG"
PUR_100516,SLM_100017,196.73,0,CASH,1,2019-09-01,2019-09-01,0,,2025-04-03 16:07:06.210,2025-04-03 16:07:06.210,,,,PAID,"0919XW"
PUR_100517,SLM_100015,194.66,0,CASH,1,2019-09-01,2019-09-01,0,,2025-04-03 16:07:06.280,2025-04-03 16:07:06.280,,,,PAID,"0919YF"
PUR_100518,SLM_100031,243.96,0,CASH,1,2020-09-01,2020-09-01,0,,2025-04-03 16:07:06.280,2025-04-03 16:07:06.280,,,,PAID,"0920MK"
PUR_100519,SLM_100007,244.85,0,CASH,1,2020-09-01,2020-09-01,0,,2025-04-03 16:07:06.280,2025-04-03 16:07:06.280,,,,PAID,"0920SLG"
PUR_100520,SLM_100017,242.4,0,CASH,1,2020-09-01,2020-09-01,0,,2025-04-03 16:07:06.333,2025-04-03 16:07:06.333,,,,PAID,"0920XW"
PUR_100521,SLM_100018,238.1,0,CASH,1,2020-09-01,2020-09-01,0,,2025-04-03 16:07:06.333,2025-04-03 16:07:06.333,,,,PAID,"0920YM"
PUR_100522,SLM_100007,229.87,0,CASH,1,2021-09-01,2021-09-01,0,,2025-04-03 16:07:06.333,2025-04-03 16:07:06.333,,,,PAID,"0921SLG"
PUR_100523,SLM_100017,219.22,0,CASH,1,2021-09-01,2021-09-01,0,,2025-04-03 16:07:06.390,2025-04-03 16:07:06.390,,,,PAID,"0921XW"
PUR_100524,SLM_100018,225.97,0,CASH,1,2021-09-01,2021-09-01,0,,2025-04-03 16:07:06.390,2025-04-03 16:07:06.390,,,,PAID,"0921YM"
PUR_100525,SLM_100010,220.49,0,CASH,1,2021-09-01,2021-09-01,0,,2025-04-03 16:07:06.390,2025-04-03 16:07:06.390,,,,PAID,"0921YX"
PUR_100526,SLM_100020,231.23,0,CASH,1,2022-09-01,2022-09-01,0,,2025-04-03 16:07:06.441,2025-04-03 16:07:06.441,,,,PAID,"0922JJT"
PUR_100527,SLM_100019,234.26,0,CASH,1,2022-09-01,2022-09-01,0,,2025-04-03 16:07:06.441,2025-04-03 16:07:06.441,,,,PAID,"0922LUX"
PUR_100528,SLM_100022,228.88,0,CASH,1,2022-09-01,2022-09-01,0,,2025-04-03 16:07:06.441,2025-04-03 16:07:06.441,,,,PAID,"0922RB"
PUR_100529,SLM_100007,236.35,0,CASH,1,2022-09-01,2022-09-01,0,,2025-04-03 16:07:06.487,2025-04-03 16:07:06.487,,,,PAID,"0922SLG"
PUR_100530,SLM_100025,232.46,0,CASH,1,2022-09-01,2022-09-01,0,,2025-04-03 16:07:06.487,2025-04-03 16:07:06.487,,,,PAID,"0922TC"
PUR_100531,SLM_100017,232.54,0,CASH,1,2022-09-01,2022-09-01,0,,2025-04-03 16:07:06.487,2025-04-03 16:07:06.487,,,,PAID,"0922XW"
PUR_100532,SLM_100015,228.61,0,CASH,1,2022-09-01,2022-09-01,0,,2025-04-03 16:07:06.540,2025-04-03 16:07:06.540,,,,PAID,"0922YF"
PUR_100533,SLM_100018,231.54,0,CASH,1,2022-09-01,2022-09-01,0,,2025-04-03 16:07:06.540,2025-04-03 16:07:06.540,,,,PAID,"0922YM"
PUR_100534,SLM_100023,271.28,0,CASH,1,2023-09-01,2023-09-01,0,,2025-04-03 16:07:06.540,2025-04-03 16:07:06.540,,,,PAID,"0923CJ"
PUR_100535,SLM_100020,271.62,0,CASH,1,2023-09-01,2023-09-01,0,,2025-04-03 16:07:06.622,2025-04-03 16:07:06.622,,,,PAID,"0923JJT"
PUR_100536,SLM_100019,264.82,0,CASH,1,2023-09-01,2023-09-01,0,,2025-04-03 16:07:06.622,2025-04-03 16:07:06.622,,,,PAID,"0923LUX"
PUR_100537,SLM_100007,270.83,0,CASH,1,2023-09-01,2023-09-01,0,,2025-04-03 16:07:06.622,2025-04-03 16:07:06.622,,,,PAID,"0923SLG"
PUR_100538,SLM_100015,269.37,0,CASH,1,2023-09-01,2023-09-01,0,,2025-04-03 16:07:06.680,2025-04-03 16:07:06.680,,,,PAID,"0923YF"
PUR_100539,SLM_100018,269.72,0,CASH,1,2023-09-01,2023-09-01,0,,2025-04-03 16:07:06.680,2025-04-03 16:07:06.680,,,,PAID,"0923YM"
PUR_100540,SLM_100010,270.66,0,CASH,1,2023-09-01,2023-09-01,0,,2025-04-03 16:07:06.680,2025-04-03 16:07:06.680,,,,PAID,"0923YX"
PUR_100541,SLM_100020,332.42,0,CASH,1,2024-09-01,2024-09-01,0,,2025-04-03 16:07:06.732,2025-04-03 16:07:06.732,,,,PAID,"0924JJT"
PUR_100542,SLM_100022,328.37,0,CASH,1,2024-09-01,2024-09-01,0,,2025-04-03 16:07:06.732,2025-04-03 16:07:06.732,,,,PAID,"0924RB"
PUR_100543,SLM_100007,328.95,0,CASH,1,2024-09-01,2024-09-01,0,,2025-04-03 16:07:06.732,2025-04-03 16:07:06.732,,,,PAID,"0924SLG"
PUR_100544,SLM_100017,331.46,0,CASH,1,2024-09-01,2024-09-01,0,,2025-04-03 16:07:06.784,2025-04-03 16:07:06.784,,,,PAID,"0924XW"
PUR_100545,SLM_100015,328.42,0,CASH,1,2024-09-01,2024-09-01,0,,2025-04-03 16:07:06.784,2025-04-03 16:07:06.784,,,,PAID,"0924YF"
PUR_100546,SLM_100018,329.61,0,CASH,1,2024-09-01,2024-09-01,0,,2025-04-03 16:07:06.784,2025-04-03 16:07:06.784,,,,PAID,"0924YM"
PUR_100547,SLM_100044,126.5,0,CASH,1,2010-10-01,2010-10-01,0,,2025-04-03 16:07:06.864,2025-04-03 16:07:06.864,,,,PAID,"1010GM"
PUR_100548,SLM_100006,127.0,0,CASH,1,2010-10-01,2010-10-01,0,,2025-04-03 16:07:06.864,2025-04-03 16:07:06.864,,,,PAID,"1010MG"
PUR_100549,SLM_100007,126.5,0,CASH,1,2010-10-01,2010-10-01,0,,2025-04-03 16:07:06.864,2025-04-03 16:07:06.864,,,,PAID,"1010SLG"
PUR_100550,SLM_100006,158.5,0,CASH,1,2011-10-01,2011-10-01,0,,2025-04-03 16:07:06.916,2025-04-03 16:07:06.916,,,,PAID,"1011MG"
PUR_100551,SLM_100009,158.5,0,CASH,1,2011-10-01,2011-10-01,0,,2025-04-03 16:07:06.916,2025-04-03 16:07:06.916,,,,PAID,"1011SH"
PUR_100552,SLM_100007,161.5,0,CASH,1,2011-10-01,2011-10-01,0,,2025-04-03 16:07:06.916,2025-04-03 16:07:06.916,,,,PAID,"1011SLG"
PUR_100553,SLM_100007,163.0,0,CASH,1,2012-10-01,2012-10-01,0,,2025-04-03 16:07:06.969,2025-04-03 16:07:06.969,,,,PAID,"1012SLG"
PUR_100554,SLM_100010,164.5,0,CASH,1,2012-10-01,2012-10-01,0,,2025-04-03 16:07:06.969,2025-04-03 16:07:06.969,,,,PAID,"1012YX"
PUR_100555,SLM_100011,128.5,0,CASH,1,2013-10-01,2013-10-01,0,,2025-04-03 16:07:06.969,2025-04-03 16:07:06.969,,,,PAID,"1013GBT"
PUR_100556,SLM_100035,127.5,0,CASH,1,2013-10-01,2013-10-01,0,,2025-04-03 16:07:07.024,2025-04-03 16:07:07.024,,,,PAID,"1013GC"
PUR_100557,SLM_100029,128.0,0,CASH,1,2013-10-01,2013-10-01,0,,2025-04-03 16:07:07.024,2025-04-03 16:07:07.024,,,,PAID,"1013KP"
PUR_100558,SLM_100009,122.5,0,CASH,1,2013-10-01,2013-10-01,0,,2025-04-03 16:07:07.024,2025-04-03 16:07:07.024,,,,PAID,"1013SH"
PUR_100559,SLM_100007,120.0,0,CASH,1,2013-10-01,2013-10-01,0,,2025-04-03 16:07:07.074,2025-04-03 16:07:07.074,,,,PAID,"1013SLG"
PUR_100560,SLM_100010,127.5,0,CASH,1,2013-10-01,2013-10-01,0,,2025-04-03 16:07:07.074,2025-04-03 16:07:07.074,,,,PAID,"1013YX"
PUR_100561,SLM_100011,122.2,0,CASH,1,2014-10-01,2014-10-01,0,,2025-04-03 16:07:07.074,2025-04-03 16:07:07.074,,,,PAID,"1014GBT"
PUR_100562,SLM_100012,122.6,0,CASH,1,2014-10-01,2014-10-01,0,,2025-04-03 16:07:07.133,2025-04-03 16:07:07.133,,,,PAID,"1014MGI"
PUR_100563,SLM_100007,120.1,0,CASH,1,2014-10-01,2014-10-01,0,,2025-04-03 16:07:07.133,2025-04-03 16:07:07.133,,,,PAID,"1014SLG"
PUR_100564,SLM_100014,151.0,0,CASH,1,2015-10-01,2015-10-01,0,,2025-04-03 16:07:07.133,2025-04-03 16:07:07.133,,,,PAID,"1015FS"
PUR_100565,SLM_100036,150.35,0,CASH,1,2015-10-01,2015-10-01,0,,2025-04-03 16:07:07.179,2025-04-03 16:07:07.179,,,,PAID,"1015JF"
PUR_100566,SLM_100012,146.59,0,CASH,1,2015-10-01,2015-10-01,0,,2025-04-03 16:07:07.179,2025-04-03 16:07:07.179,,,,PAID,"1015MGI"
PUR_100567,SLM_100007,145.8,0,CASH,1,2015-10-01,2015-10-01,0,,2025-04-03 16:07:07.179,2025-04-03 16:07:07.179,,,,PAID,"1015SLG"
PUR_100568,SLM_100010,146.37,0,CASH,1,2015-10-01,2015-10-01,0,,2025-04-03 16:07:07.230,2025-04-03 16:07:07.230,,,,PAID,"1015YX"
PUR_100569,SLM_100011,158.1,0,CASH,1,2016-10-01,2016-10-01,0,,2025-04-03 16:07:07.230,2025-04-03 16:07:07.230,,,,PAID,"1016GBT"
PUR_100570,SLM_100016,160.3,0,CASH,1,2016-10-01,2016-10-01,0,,2025-04-03 16:07:07.230,2025-04-03 16:07:07.230,,,,PAID,"1016HL"
PUR_100571,SLM_100007,165.9,0,CASH,1,2016-10-01,2016-10-01,0,,2025-04-03 16:07:07.277,2025-04-03 16:07:07.277,,,,PAID,"1016SLG"
PUR_100572,SLM_100010,159.2,0,CASH,1,2016-10-01,2016-10-01,0,,2025-04-03 16:07:07.277,2025-04-03 16:07:07.277,,,,PAID,"1016YX"
PUR_100573,SLM_100007,164.4,0,CASH,1,2017-10-01,2017-10-01,0,,2025-04-03 16:07:07.277,2025-04-03 16:07:07.277,,,,PAID,"1017SLG"
PUR_100574,SLM_100017,164.2,0,CASH,1,2017-10-01,2017-10-01,0,,2025-04-03 16:07:07.339,2025-04-03 16:07:07.339,,,,PAID,"1017XW"
PUR_100575,SLM_100018,165.0,0,CASH,1,2017-10-01,2017-10-01,0,,2025-04-03 16:07:07.339,2025-04-03 16:07:07.339,,,,PAID,"1017YM"
PUR_100576,SLM_100010,164.8,0,CASH,1,2017-10-01,2017-10-01,0,,2025-04-03 16:07:07.339,2025-04-03 16:07:07.339,,,,PAID,"1017YX"
PUR_100577,SLM_100007,155.4,0,CASH,1,2018-10-01,2018-10-01,0,,2025-04-03 16:07:07.390,2025-04-03 16:07:07.390,,,,PAID,"1018SLG"
PUR_100578,SLM_100015,149.85,0,CASH,1,2018-10-01,2018-10-01,0,,2025-04-03 16:07:07.390,2025-04-03 16:07:07.390,,,,PAID,"1018YF"
PUR_100579,SLM_100018,150.45,0,CASH,1,2018-10-01,2018-10-01,0,,2025-04-03 16:07:07.390,2025-04-03 16:07:07.390,,,,PAID,"1018YM"
PUR_100580,SLM_100010,154.21,0,CASH,1,2018-10-01,2018-10-01,0,,2025-04-03 16:07:07.443,2025-04-03 16:07:07.443,,,,PAID,"1018YX"
PUR_100581,SLM_100011,191.39,0,CASH,1,2019-10-01,2019-10-01,0,,2025-04-03 16:07:07.443,2025-04-03 16:07:07.443,,,,PAID,"1019GBT"
PUR_100582,SLM_100007,190.4,0,CASH,1,2019-10-01,2019-10-01,0,,2025-04-03 16:07:07.443,2025-04-03 16:07:07.443,,,,PAID,"1019SLG"
PUR_100583,SLM_100018,191.61,0,CASH,1,2019-10-01,2019-10-01,0,,2025-04-03 16:07:07.498,2025-04-03 16:07:07.498,,,,PAID,"1019YM"
PUR_100584,SLM_100010,186.05,0,CASH,1,2019-10-01,2019-10-01,0,,2025-04-03 16:07:07.498,2025-04-03 16:07:07.498,,,,PAID,"1019YX"
PUR_100585,SLM_100011,239.52,0,CASH,1,2020-10-01,2020-10-01,0,,2025-04-03 16:07:07.498,2025-04-03 16:07:07.498,,,,PAID,"1020GBT"
PUR_100586,SLM_100007,241.57,0,CASH,1,2020-10-01,2020-10-01,0,,2025-04-03 16:07:07.561,2025-04-03 16:07:07.561,,,,PAID,"1020SLG"
PUR_100587,SLM_100015,239.49,0,CASH,1,2020-10-01,2020-10-01,0,,2025-04-03 16:07:07.561,2025-04-03 16:07:07.561,,,,PAID,"1020YF"
PUR_100588,SLM_100018,240.79,0,CASH,1,2020-10-01,2020-10-01,0,,2025-04-03 16:07:07.561,2025-04-03 16:07:07.561,,,,PAID,"1020YM"
PUR_100589,SLM_100007,223.02,0,CASH,1,2021-10-01,2021-10-01,0,,2025-04-03 16:07:07.621,2025-04-03 16:07:07.621,,,,PAID,"1021SLG"
PUR_100590,SLM_100025,221.4,0,CASH,1,2021-10-01,2021-10-01,0,,2025-04-03 16:07:07.621,2025-04-03 16:07:07.621,,,,PAID,"1021TC"
PUR_100591,SLM_100015,223.48,0,CASH,1,2021-10-01,2021-10-01,0,,2025-04-03 16:07:07.621,2025-04-03 16:07:07.621,,,,PAID,"1021YF"
PUR_100592,SLM_100018,225.29,0,CASH,1,2021-10-01,2021-10-01,0,,2025-04-03 16:07:07.680,2025-04-03 16:07:07.680,,,,PAID,"1021YM"
PUR_100593,SLM_100021,236.06,0,CASH,1,2022-10-01,2022-10-01,0,,2025-04-03 16:07:07.680,2025-04-03 16:07:07.680,,,,PAID,"1022HJ"
PUR_100594,SLM_100020,237.58,0,CASH,1,2022-10-01,2022-10-01,0,,2025-04-03 16:07:07.680,2025-04-03 16:07:07.680,,,,PAID,"1022JJT"
PUR_100595,SLM_100007,243.08,0,CASH,1,2022-10-01,2022-10-01,0,,2025-04-03 16:07:07.735,2025-04-03 16:07:07.735,,,,PAID,"1022SLG"
PUR_100596,SLM_100018,241.19,0,CASH,1,2022-10-01,2022-10-01,0,,2025-04-03 16:07:07.735,2025-04-03 16:07:07.735,,,,PAID,"1022YM"
PUR_100597,SLM_100010,236.04,0,CASH,1,2022-10-01,2022-10-01,0,,2025-04-03 16:07:07.735,2025-04-03 16:07:07.735,,,,PAID,"1022YX"
PUR_100598,SLM_100023,260.22,0,CASH,1,2023-10-01,2023-10-01,0,,2025-04-03 16:07:07.791,2025-04-03 16:07:07.791,,,,PAID,"1023CJ"
PUR_100599,SLM_100022,266.72,0,CASH,1,2023-10-01,2023-10-01,0,,2025-04-03 16:07:07.791,2025-04-03 16:07:07.791,,,,PAID,"1023RB"
PUR_100600,SLM_100007,265.5,0,CASH,1,2023-10-01,2023-10-01,0,,2025-04-03 16:07:07.791,2025-04-03 16:07:07.791,,,,PAID,"1023SLG"
PUR_100601,SLM_100025,262.05,0,CASH,1,2023-10-01,2023-10-01,0,,2025-04-03 16:07:07.856,2025-04-03 16:07:07.856,,,,PAID,"1023TC"
PUR_100602,SLM_100017,286.0,0,CASH,1,2023-10-01,2023-10-01,0,,2025-04-03 16:07:07.856,2025-04-03 16:07:07.856,,,,PAID,"1023XW"
PUR_100603,SLM_100015,286.64,0,CASH,1,2023-10-01,2023-10-01,0,,2025-04-03 16:07:07.856,2025-04-03 16:07:07.856,,,,PAID,"1023YF"
PUR_100604,SLM_100018,267.66,0,CASH,1,2023-10-01,2023-10-01,0,,2025-04-03 16:07:07.908,2025-04-03 16:07:07.908,,,,PAID,"1023YM"
PUR_100605,SLM_100023,357.15,0,CASH,1,2024-10-01,2024-10-01,0,,2025-04-03 16:07:07.908,2025-04-03 16:07:07.908,,,,PAID,"1024CJ"
PUR_100606,SLM_100027,338.35,0,CASH,1,2024-10-01,2024-10-01,0,,2025-04-03 16:07:07.908,2025-04-03 16:07:07.908,,,,PAID,"1024CJ7"
PUR_100607,SLM_100020,347.93,0,CASH,1,2024-10-01,2024-10-01,0,,2025-04-03 16:07:07.968,2025-04-03 16:07:07.968,,,,PAID,"1024JJT"
PUR_100608,SLM_100034,344.58,0,CASH,1,2024-10-01,2024-10-01,0,,2025-04-03 16:07:07.968,2025-04-03 16:07:07.968,,,,PAID,"1024JS"
PUR_100609,SLM_100019,346.41,0,CASH,1,2024-10-01,2024-10-01,0,,2025-04-03 16:07:07.968,2025-04-03 16:07:07.968,,,,PAID,"1024LUX"
PUR_100610,SLM_100022,362.89,0,CASH,1,2024-10-01,2024-10-01,0,,2025-04-03 16:07:08.023,2025-04-03 16:07:08.023,,,,PAID,"1024RB"
PUR_100611,SLM_100007,341.17,0,CASH,1,2024-10-01,2024-10-01,0,,2025-04-03 16:07:08.023,2025-04-03 16:07:08.023,,,,PAID,"1024SLG"
PUR_100612,SLM_100015,338.35,0,CASH,1,2024-10-01,2024-10-01,0,,2025-04-03 16:07:08.023,2025-04-03 16:07:08.023,,,,PAID,"1024YF"
PUR_100613,SLM_100018,338.52,0,CASH,1,2024-10-01,2024-10-01,0,,2025-04-03 16:07:08.076,2025-04-03 16:07:08.076,,,,PAID,"1024YM"
PUR_100614,SLM_100010,341.17,0,CASH,1,2024-10-01,2024-10-01,0,,2025-04-03 16:07:08.076,2025-04-03 16:07:08.076,,,,PAID,"1024YX"
PUR_100615,SLM_100006,128.0,0,CASH,1,2010-11-01,2010-11-01,0,,2025-04-03 16:07:08.076,2025-04-03 16:07:08.076,,,,PAID,"1110MG"
PUR_100616,SLM_100007,130.5,0,CASH,1,2010-11-01,2010-11-01,0,,2025-04-03 16:07:08.131,2025-04-03 16:07:08.131,,,,PAID,"1110SLG"
PUR_100617,SLM_100010,128.0,0,CASH,1,2010-11-01,2010-11-01,0,,2025-04-03 16:07:08.131,2025-04-03 16:07:08.131,,,,PAID,"1110YX"
PUR_100618,SLM_100006,170.5,0,CASH,1,2011-11-01,2011-11-01,0,,2025-04-03 16:07:08.131,2025-04-03 16:07:08.131,,,,PAID,"1111MG"
PUR_100619,SLM_100007,171.0,0,CASH,1,2011-11-01,2011-11-01,0,,2025-04-03 16:07:08.188,2025-04-03 16:07:08.188,,,,PAID,"1111SLG"
PUR_100620,SLM_100010,167.0,0,CASH,1,2011-11-01,2011-11-01,0,,2025-04-03 16:07:08.188,2025-04-03 16:07:08.188,,,,PAID,"1111YX"
PUR_100621,SLM_100011,159.5,0,CASH,1,2012-11-01,2012-11-01,0,,2025-04-03 16:07:08.188,2025-04-03 16:07:08.188,,,,PAID,"1112GBT"
PUR_100622,SLM_100007,160.0,0,CASH,1,2012-11-01,2012-11-01,0,,2025-04-03 16:07:08.244,2025-04-03 16:07:08.244,,,,PAID,"1112SLG"
PUR_100623,SLM_100010,160.0,0,CASH,1,2012-11-01,2012-11-01,0,,2025-04-03 16:07:08.244,2025-04-03 16:07:08.244,,,,PAID,"1112YX"
PUR_100624,SLM_100011,123.0,0,CASH,1,2013-11-01,2013-11-01,0,,2025-04-03 16:07:08.244,2025-04-03 16:07:08.244,,,,PAID,"1113GBT"
PUR_100625,SLM_100035,120.0,0,CASH,1,2013-11-01,2013-11-01,0,,2025-04-03 16:07:08.299,2025-04-03 16:07:08.299,,,,PAID,"1113GC"
PUR_100626,SLM_100029,123.5,0,CASH,1,2013-11-01,2013-11-01,0,,2025-04-03 16:07:08.299,2025-04-03 16:07:08.299,,,,PAID,"1113KP"
PUR_100627,SLM_100007,123.0,0,CASH,1,2013-11-01,2013-11-01,0,,2025-04-03 16:07:08.299,2025-04-03 16:07:08.299,,,,PAID,"1113SLG"
PUR_100628,SLM_100013,118.7,0,CASH,1,2014-11-01,2014-11-01,0,,2025-04-03 16:07:08.363,2025-04-03 16:07:08.363,,,,PAID,"1114DE"
PUR_100629,SLM_100011,121.4,0,CASH,1,2014-11-01,2014-11-01,0,,2025-04-03 16:07:08.363,2025-04-03 16:07:08.363,,,,PAID,"1114GBT"
PUR_100630,SLM_100035,120.9,0,CASH,1,2014-11-01,2014-11-01,0,,2025-04-03 16:07:08.363,2025-04-03 16:07:08.363,,,,PAID,"1114GC"
PUR_100631,SLM_100012,117.4,0,CASH,1,2014-11-01,2014-11-01,0,,2025-04-03 16:07:08.428,2025-04-03 16:07:08.428,,,,PAID,"1114MGI"
PUR_100632,SLM_100009,121.3,0,CASH,1,2014-11-01,2014-11-01,0,,2025-04-03 16:07:08.428,2025-04-03 16:07:08.428,,,,PAID,"1114SH"
PUR_100633,SLM_100007,117.8,0,CASH,1,2014-11-01,2014-11-01,0,,2025-04-03 16:07:08.428,2025-04-03 16:07:08.428,,,,PAID,"1114SLG"
PUR_100634,SLM_100010,126.85,0,CASH,1,2014-11-01,2014-11-01,0,,2025-04-03 16:07:08.498,2025-04-03 16:07:08.498,,,,PAID,"1114YX"
PUR_100635,SLM_100013,141.0,0,CASH,1,2015-11-01,2015-11-01,0,,2025-04-03 16:07:08.498,2025-04-03 16:07:08.498,,,,PAID,"1115DE"
PUR_100636,SLM_100011,137.6,0,CASH,1,2015-11-01,2015-11-01,0,,2025-04-03 16:07:08.498,2025-04-03 16:07:08.498,,,,PAID,"1115GBT"
PUR_100637,SLM_100036,144.3,0,CASH,1,2015-11-01,2015-11-01,0,,2025-04-03 16:07:08.582,2025-04-03 16:07:08.582,,,,PAID,"1115JF"
PUR_100638,SLM_100012,143.3,0,CASH,1,2015-11-01,2015-11-01,0,,2025-04-03 16:07:08.582,2025-04-03 16:07:08.582,,,,PAID,"1115MGI"
PUR_100639,SLM_100007,144.7,0,CASH,1,2015-11-01,2015-11-01,0,,2025-04-03 16:07:08.582,2025-04-03 16:07:08.582,,,,PAID,"1115SLG"
PUR_100640,SLM_100015,137.3,0,CASH,1,2015-11-01,2015-11-01,0,,2025-04-03 16:07:08.684,2025-04-03 16:07:08.684,,,,PAID,"1115YF"
PUR_100641,SLM_100010,141.8,0,CASH,1,2015-11-01,2015-11-01,0,,2025-04-03 16:07:08.684,2025-04-03 16:07:08.684,,,,PAID,"1115YX"
PUR_100642,SLM_100013,159.4,0,CASH,1,2016-11-01,2016-11-01,0,,2025-04-03 16:07:08.684,2025-04-03 16:07:08.684,,,,PAID,"1116DE"
PUR_100643,SLM_100012,162.7,0,CASH,1,2016-11-01,2016-11-01,0,,2025-04-03 16:07:08.746,2025-04-03 16:07:08.746,,,,PAID,"1116MGI"
PUR_100644,SLM_100007,166.4,0,CASH,1,2016-11-01,2016-11-01,0,,2025-04-03 16:07:08.746,2025-04-03 16:07:08.746,,,,PAID,"1116SLG"
PUR_100645,SLM_100017,165.0,0,CASH,1,2016-11-01,2016-11-01,0,,2025-04-03 16:07:08.746,2025-04-03 16:07:08.746,,,,PAID,"1116XW"
PUR_100646,SLM_100010,163.7,0,CASH,1,2016-11-01,2016-11-01,0,,2025-04-03 16:07:08.798,2025-04-03 16:07:08.798,,,,PAID,"1116YX"
PUR_100647,SLM_100013,162.5,0,CASH,1,2017-11-01,2017-11-01,0,,2025-04-03 16:07:08.798,2025-04-03 16:07:08.798,,,,PAID,"1117DE"
PUR_100648,SLM_100016,160.2,0,CASH,1,2017-11-01,2017-11-01,0,,2025-04-03 16:07:08.798,2025-04-03 16:07:08.798,,,,PAID,"1117HL"
PUR_100649,SLM_100007,165.0,0,CASH,1,2017-11-01,2017-11-01,0,,2025-04-03 16:07:08.859,2025-04-03 16:07:08.859,,,,PAID,"1117SLG"
PUR_100650,SLM_100015,160.8,0,CASH,1,2017-11-01,2017-11-01,0,,2025-04-03 16:07:08.859,2025-04-03 16:07:08.859,,,,PAID,"1117YF"
PUR_100651,SLM_100018,164.6,0,CASH,1,2017-11-01,2017-11-01,0,,2025-04-03 16:07:08.859,2025-04-03 16:07:08.859,,,,PAID,"1117YM"
PUR_100652,SLM_100013,155.48,0,CASH,1,2018-11-01,2018-11-01,0,,2025-04-03 16:07:08.915,2025-04-03 16:07:08.915,,,,PAID,"1118DE"
PUR_100653,SLM_100007,154.3,0,CASH,1,2018-11-01,2018-11-01,0,,2025-04-03 16:07:08.915,2025-04-03 16:07:08.915,,,,PAID,"1118SLG"
PUR_100654,SLM_100017,153.71,0,CASH,1,2018-11-01,2018-11-01,0,,2025-04-03 16:07:08.915,2025-04-03 16:07:08.915,,,,PAID,"1118XW"
PUR_100655,SLM_100015,154.9,0,CASH,1,2018-11-01,2018-11-01,0,,2025-04-03 16:07:09.003,2025-04-03 16:07:09.003,,,,PAID,"1118YF"
PUR_100656,SLM_100018,154.5,0,CASH,1,2018-11-01,2018-11-01,0,,2025-04-03 16:07:09.003,2025-04-03 16:07:09.003,,,,PAID,"1118YM"
PUR_100657,SLM_100011,189.04,0,CASH,1,2019-11-01,2019-11-01,0,,2025-04-03 16:07:09.003,2025-04-03 16:07:09.003,,,,PAID,"1119GBT"
PUR_100658,SLM_100007,185.24,0,CASH,1,2019-11-01,2019-11-01,0,,2025-04-03 16:07:09.065,2025-04-03 16:07:09.065,,,,PAID,"1119SLG"
PUR_100659,SLM_100017,189.91,0,CASH,1,2019-11-01,2019-11-01,0,,2025-04-03 16:07:09.065,2025-04-03 16:07:09.065,,,,PAID,"1119XW"
PUR_100660,SLM_100018,186.34,0,CASH,1,2019-11-01,2019-11-01,0,,2025-04-03 16:07:09.065,2025-04-03 16:07:09.065,,,,PAID,"1119YM"
PUR_100661,SLM_100010,186.29,0,CASH,1,2019-11-01,2019-11-01,0,,2025-04-03 16:07:09.117,2025-04-03 16:07:09.117,,,,PAID,"1119YX"
PUR_100662,SLM_100020,223.16,0,CASH,1,2020-11-01,2020-11-01,0,,2025-04-03 16:07:09.117,2025-04-03 16:07:09.117,,,,PAID,"1120JJT"
PUR_100663,SLM_100007,235.55,0,CASH,1,2020-11-01,2020-11-01,0,,2025-04-03 16:07:09.117,2025-04-03 16:07:09.117,,,,PAID,"1120SLG"
PUR_100664,SLM_100017,240.0,0,CASH,1,2020-11-01,2020-11-01,0,,2025-04-03 16:07:09.182,2025-04-03 16:07:09.182,,,,PAID,"1120XW"
PUR_100665,SLM_100018,243.9,0,CASH,1,2020-11-01,2020-11-01,0,,2025-04-03 16:07:09.182,2025-04-03 16:07:09.182,,,,PAID,"1120YM"
PUR_100666,SLM_100020,228.31,0,CASH,1,2021-11-01,2021-11-01,0,,2025-04-03 16:07:09.182,2025-04-03 16:07:09.182,,,,PAID,"1121JJT"
PUR_100667,SLM_100019,235.45,0,CASH,1,2021-11-01,2021-11-01,0,,2025-04-03 16:07:09.248,2025-04-03 16:07:09.248,,,,PAID,"1121LUX"
PUR_100668,SLM_100007,231.52,0,CASH,1,2021-11-01,2021-11-01,0,,2025-04-03 16:07:09.248,2025-04-03 16:07:09.248,,,,PAID,"1121SLG"
PUR_100669,SLM_100025,233.51,0,CASH,1,2021-11-01,2021-11-01,0,,2025-04-03 16:07:09.248,2025-04-03 16:07:09.248,,,,PAID,"1121TC"
PUR_100670,SLM_100018,226.61,0,CASH,1,2021-11-01,2021-11-01,0,,2025-04-03 16:07:09.307,2025-04-03 16:07:09.307,,,,PAID,"1121YM"
PUR_100671,SLM_100010,225.97,0,CASH,1,2021-11-01,2021-11-01,0,,2025-04-03 16:07:09.307,2025-04-03 16:07:09.307,,,,PAID,"1121YX"
PUR_100672,SLM_100021,234.94,0,CASH,1,2022-11-01,2022-11-01,0,,2025-04-03 16:07:09.307,2025-04-03 16:07:09.307,,,,PAID,"1122HJ"
PUR_100673,SLM_100020,240.23,0,CASH,1,2022-11-01,2022-11-01,0,,2025-04-03 16:07:09.372,2025-04-03 16:07:09.372,,,,PAID,"1122JJT"
PUR_100674,SLM_100019,241.88,0,CASH,1,2022-11-01,2022-11-01,0,,2025-04-03 16:07:09.372,2025-04-03 16:07:09.372,,,,PAID,"1122LUX"
PUR_100675,SLM_100022,234.32,0,CASH,1,2022-11-01,2022-11-01,0,,2025-04-03 16:07:09.372,2025-04-03 16:07:09.372,,,,PAID,"1122RB"
PUR_100676,SLM_100007,242.97,0,CASH,1,2022-11-01,2022-11-01,0,,2025-04-03 16:07:09.425,2025-04-03 16:07:09.425,,,,PAID,"1122SLG"
PUR_100677,SLM_100025,236.69,0,CASH,1,2022-11-01,2022-11-01,0,,2025-04-03 16:07:09.425,2025-04-03 16:07:09.425,,,,PAID,"1122TC"
PUR_100678,SLM_100017,232.68,0,CASH,1,2022-11-01,2022-11-01,0,,2025-04-03 16:07:09.425,2025-04-03 16:07:09.425,,,,PAID,"1122XW"
PUR_100679,SLM_100015,244.31,0,CASH,1,2022-11-01,2022-11-01,0,,2025-04-03 16:07:09.497,2025-04-03 16:07:09.497,,,,PAID,"1122YF"
PUR_100680,SLM_100018,243.21,0,CASH,1,2022-11-01,2022-11-01,0,,2025-04-03 16:07:09.497,2025-04-03 16:07:09.497,,,,PAID,"1122YM"
PUR_100681,SLM_100010,238.25,0,CASH,1,2022-11-01,2022-11-01,0,,2025-04-03 16:07:09.497,2025-04-03 16:07:09.497,,,,PAID,"1122YX"
PUR_100682,SLM_100023,277.06,0,CASH,1,2023-11-01,2023-11-01,0,,2025-04-03 16:07:09.559,2025-04-03 16:07:09.559,,,,PAID,"1123CJ"
PUR_100683,SLM_100020,275.87,0,CASH,1,2023-11-01,2023-11-01,0,,2025-04-03 16:07:09.559,2025-04-03 16:07:09.559,,,,PAID,"1123JJT"
PUR_100684,SLM_100019,276.1,0,CASH,1,2023-11-01,2023-11-01,0,,2025-04-03 16:07:09.559,2025-04-03 16:07:09.559,,,,PAID,"1123LUX"
PUR_100685,SLM_100022,282.55,0,CASH,1,2023-11-01,2023-11-01,0,,2025-04-03 16:07:09.614,2025-04-03 16:07:09.614,,,,PAID,"1123RB"
PUR_100686,SLM_100007,280.49,0,CASH,1,2023-11-01,2023-11-01,0,,2025-04-03 16:07:09.614,2025-04-03 16:07:09.614,,,,PAID,"1123SLG"
PUR_100687,SLM_100025,276.05,0,CASH,1,2023-11-01,2023-11-01,0,,2025-04-03 16:07:09.614,2025-04-03 16:07:09.614,,,,PAID,"1123TC"
PUR_100688,SLM_100018,275.7,0,CASH,1,2023-11-01,2023-11-01,0,,2025-04-03 16:07:09.674,2025-04-03 16:07:09.674,,,,PAID,"1123YM"
PUR_100689,SLM_100010,277.83,0,CASH,1,2023-11-01,2023-11-01,0,,2025-04-03 16:07:09.674,2025-04-03 16:07:09.674,,,,PAID,"1123YX"
PUR_100690,SLM_100020,354.85,0,CASH,1,2024-11-01,2024-11-01,0,,2025-04-03 16:07:09.674,2025-04-03 16:07:09.674,,,,PAID,"1124JJT"
PUR_100691,SLM_100008,131.0,0,CASH,1,2010-12-01,2010-12-01,0,,2025-04-03 16:07:09.730,2025-04-03 16:07:09.730,,,,PAID,"1210MH"
PUR_100692,SLM_100009,135.0,0,CASH,1,2010-12-01,2010-12-01,0,,2025-04-03 16:07:09.730,2025-04-03 16:07:09.730,,,,PAID,"1210SH"
PUR_100693,SLM_100007,135.0,0,CASH,1,2010-12-01,2010-12-01,0,,2025-04-03 16:07:09.730,2025-04-03 16:07:09.730,,,,PAID,"1210SLG"
PUR_100694,SLM_100008,154.0,0,CASH,1,2011-12-01,2011-12-01,0,,2025-04-03 16:07:09.782,2025-04-03 16:07:09.782,,,,PAID,"1211MH"
PUR_100695,SLM_100007,167.0,0,CASH,1,2011-12-01,2011-12-01,0,,2025-04-03 16:07:09.782,2025-04-03 16:07:09.782,,,,PAID,"1211SLG"
PUR_100696,SLM_100010,165.5,0,CASH,1,2011-12-01,2011-12-01,0,,2025-04-03 16:07:09.782,2025-04-03 16:07:09.782,,,,PAID,"1211YX"
PUR_100697,SLM_100011,158.5,0,CASH,1,2012-12-01,2012-12-01,0,,2025-04-03 16:07:09.833,2025-04-03 16:07:09.833,,,,PAID,"1212GBT"
PUR_100698,SLM_100006,154.0,0,CASH,1,2012-12-01,2012-12-01,0,,2025-04-03 16:07:09.833,2025-04-03 16:07:09.833,,,,PAID,"1212MG"
PUR_100699,SLM_100007,158.5,0,CASH,1,2012-12-01,2012-12-01,0,,2025-04-03 16:07:09.833,2025-04-03 16:07:09.833,,,,PAID,"1212SLG"
PUR_100700,SLM_100012,120.5,0,CASH,1,2013-12-01,2013-12-01,0,,2025-04-03 16:07:09.881,2025-04-03 16:07:09.881,,,,PAID,"1213MGI"
PUR_100701,SLM_100007,123.0,0,CASH,1,2013-12-01,2013-12-01,0,,2025-04-03 16:07:09.881,2025-04-03 16:07:09.881,,,,PAID,"1213SLG"
PUR_100702,SLM_100010,122.0,0,CASH,1,2013-12-01,2013-12-01,0,,2025-04-03 16:07:09.881,2025-04-03 16:07:09.881,,,,PAID,"1213YX"
PUR_100703,SLM_100014,126.3,0,CASH,1,2014-12-01,2014-12-01,0,,2025-04-03 16:07:09.935,2025-04-03 16:07:09.935,,,,PAID,"1214FS"
PUR_100704,SLM_100011,125.6,0,CASH,1,2014-12-01,2014-12-01,0,,2025-04-03 16:07:09.935,2025-04-03 16:07:09.935,,,,PAID,"1214GBT"
PUR_100705,SLM_100012,126.7,0,CASH,1,2014-12-01,2014-12-01,0,,2025-04-03 16:07:09.935,2025-04-03 16:07:09.935,,,,PAID,"1214MGI"
PUR_100706,SLM_100007,126.3,0,CASH,1,2014-12-01,2014-12-01,0,,2025-04-03 16:07:09.985,2025-04-03 16:07:09.985,,,,PAID,"1214SLG"
PUR_100707,SLM_100010,126.85,0,CASH,1,2014-12-01,2014-12-01,0,,2025-04-03 16:07:09.985,2025-04-03 16:07:09.985,,,,PAID,"1214YX"
PUR_100708,SLM_100014,134.3,0,CASH,1,2015-12-01,2015-12-01,0,,2025-04-03 16:07:09.985,2025-04-03 16:07:09.985,,,,PAID,"1215FS"
PUR_100709,SLM_100011,140.3,0,CASH,1,2015-12-01,2015-12-01,0,,2025-04-03 16:07:10.037,2025-04-03 16:07:10.037,,,,PAID,"1215GBT"
PUR_100710,SLM_100012,139.1,0,CASH,1,2015-12-01,2015-12-01,0,,2025-04-03 16:07:10.037,2025-04-03 16:07:10.037,,,,PAID,"1215MGI"
PUR_100711,SLM_100007,139.3,0,CASH,1,2015-12-01,2015-12-01,0,,2025-04-03 16:07:10.037,2025-04-03 16:07:10.037,,,,PAID,"1215SLG"
PUR_100712,SLM_100015,138.8,0,CASH,1,2015-12-01,2015-12-01,0,,2025-04-03 16:07:10.090,2025-04-03 16:07:10.090,,,,PAID,"1215YF"
PUR_100713,SLM_100011,154.9,0,CASH,1,2016-12-01,2016-12-01,0,,2025-04-03 16:07:10.090,2025-04-03 16:07:10.090,,,,PAID,"1216GBT"
PUR_100714,SLM_100007,159.9,0,CASH,1,2016-12-01,2016-12-01,0,,2025-04-03 16:07:10.090,2025-04-03 16:07:10.090,,,,PAID,"1216SLG"
PUR_100715,SLM_100017,156.4,0,CASH,1,2016-12-01,2016-12-01,0,,2025-04-03 16:07:10.142,2025-04-03 16:07:10.142,,,,PAID,"1216XW"
PUR_100716,SLM_100007,161.5,0,CASH,1,2017-12-01,2017-12-01,0,,2025-04-03 16:07:10.142,2025-04-03 16:07:10.142,,,,PAID,"1217SLG"
PUR_100717,SLM_100017,158.9,0,CASH,1,2017-12-01,2017-12-01,0,,2025-04-03 16:07:10.142,2025-04-03 16:07:10.142,,,,PAID,"1217XW"
PUR_100718,SLM_100018,157.52,0,CASH,1,2017-12-01,2017-12-01,0,,2025-04-03 16:07:10.192,2025-04-03 16:07:10.192,,,,PAID,"1217YM"
PUR_100719,SLM_100010,155.7,0,CASH,1,2017-12-01,2017-12-01,0,,2025-04-03 16:07:10.192,2025-04-03 16:07:10.192,,,,PAID,"1217YX"
PUR_100720,SLM_100007,156.55,0,CASH,1,2018-12-01,2018-12-01,0,,2025-04-03 16:07:10.192,2025-04-03 16:07:10.192,,,,PAID,"1218SLG"
PUR_100721,SLM_100018,158.46,0,CASH,1,2018-12-01,2018-12-01,0,,2025-04-03 16:07:10.241,2025-04-03 16:07:10.241,,,,PAID,"1218YM"
PUR_100722,SLM_100010,158.19,0,CASH,1,2018-12-01,2018-12-01,0,,2025-04-03 16:07:10.241,2025-04-03 16:07:10.241,,,,PAID,"1218YX"
PUR_100723,SLM_100011,183.93,0,CASH,1,2019-12-01,2019-12-01,0,,2025-04-03 16:07:10.241,2025-04-03 16:07:10.241,,,,PAID,"1219GBT"
PUR_100724,SLM_100031,185.65,0,CASH,1,2019-12-01,2019-12-01,0,,2025-04-03 16:07:10.293,2025-04-03 16:07:10.293,,,,PAID,"1219MK"
PUR_100725,SLM_100007,186.23,0,CASH,1,2019-12-01,2019-12-01,0,,2025-04-03 16:07:10.293,2025-04-03 16:07:10.293,,,,PAID,"1219SLG"
PUR_100726,SLM_100017,187.37,0,CASH,1,2019-12-01,2019-12-01,0,,2025-04-03 16:07:10.293,2025-04-03 16:07:10.293,,,,PAID,"1219XW"
PUR_100727,SLM_100018,185.57,0,CASH,1,2019-12-01,2019-12-01,0,,2025-04-03 16:07:10.347,2025-04-03 16:07:10.347,,,,PAID,"1219YM"
PUR_100728,SLM_100010,185.3,0,CASH,1,2019-12-01,2019-12-01,0,,2025-04-03 16:07:10.347,2025-04-03 16:07:10.347,,,,PAID,"1219YX"
PUR_100729,SLM_100007,224.52,0,CASH,1,2020-12-01,2020-12-01,0,,2025-04-03 16:07:10.347,2025-04-03 16:07:10.347,,,,PAID,"1220SLG"
PUR_100730,SLM_100047,228.93,0,CASH,1,2020-12-01,2020-12-01,0,,2025-04-03 16:07:10.398,2025-04-03 16:07:10.398,,,,PAID,"1220TJ"
PUR_100731,SLM_100017,229.2,0,CASH,1,2020-12-01,2020-12-01,0,,2025-04-03 16:07:10.398,2025-04-03 16:07:10.398,,,,PAID,"1220XW"
PUR_100732,SLM_100018,230.0,0,CASH,1,2020-12-01,2020-12-01,0,,2025-04-03 16:07:10.398,2025-04-03 16:07:10.398,,,,PAID,"1220YM"
PUR_100733,SLM_100020,227.91,0,CASH,1,2021-12-01,2021-12-01,0,,2025-04-03 16:07:10.456,2025-04-03 16:07:10.456,,,,PAID,"1221JJT"
PUR_100734,SLM_100007,229.95,0,CASH,1,2021-12-01,2021-12-01,0,,2025-04-03 16:07:10.456,2025-04-03 16:07:10.456,,,,PAID,"1221SLG"
PUR_100735,SLM_100018,228.48,0,CASH,1,2021-12-01,2021-12-01,0,,2025-04-03 16:07:10.456,2025-04-03 16:07:10.456,,,,PAID,"1221YM"
PUR_100736,SLM_100010,228.33,0,CASH,1,2021-12-01,2021-12-01,0,,2025-04-03 16:07:10.503,2025-04-03 16:07:10.503,,,,PAID,"1221YX"
PUR_100737,SLM_100021,239.82,0,CASH,1,2022-12-01,2022-12-01,0,,2025-04-03 16:07:10.503,2025-04-03 16:07:10.503,,,,PAID,"1222HJ"
PUR_100738,SLM_100020,238.5,0,CASH,1,2022-12-01,2022-12-01,0,,2025-04-03 16:07:10.503,2025-04-03 16:07:10.503,,,,PAID,"1222JJT"
PUR_100739,SLM_100034,235.23,0,CASH,1,2022-12-01,2022-12-01,0,,2025-04-03 16:07:10.556,2025-04-03 16:07:10.556,,,,PAID,"1222JS"
PUR_100740,SLM_100007,240.0,0,CASH,1,2022-12-01,2022-12-01,0,,2025-04-03 16:07:10.556,2025-04-03 16:07:10.556,,,,PAID,"1222SLG"
PUR_100741,SLM_100018,237.78,0,CASH,1,2022-12-01,2022-12-01,0,,2025-04-03 16:07:10.556,2025-04-03 16:07:10.556,,,,PAID,"1222YM"
PUR_100742,SLM_100010,242.82,0,CASH,1,2022-12-01,2022-12-01,0,,2025-04-03 16:07:10.604,2025-04-03 16:07:10.604,,,,PAID,"1222YX"
PUR_100743,SLM_100020,286.68,0,CASH,1,2023-12-01,2023-12-01,0,,2025-04-03 16:07:10.604,2025-04-03 16:07:10.604,,,,PAID,"1223JJT"
PUR_100744,SLM_100022,239.34,0,CASH,1,2023-12-01,2023-12-01,0,,2025-04-03 16:07:10.604,2025-04-03 16:07:10.604,,,,PAID,"1223RB"
PUR_100745,SLM_100024,281.57,0,CASH,1,2023-12-01,2023-12-01,0,,2025-04-03 16:07:10.664,2025-04-03 16:07:10.664,,,,PAID,"1223SF"
PUR_100746,SLM_100007,288.12,0,CASH,1,2023-12-01,2023-12-01,0,,2025-04-03 16:07:10.664,2025-04-03 16:07:10.664,,,,PAID,"1223SLG"
PUR_100747,SLM_100025,286.07,0,CASH,1,2023-12-01,2023-12-01,0,,2025-04-03 16:07:10.664,2025-04-03 16:07:10.664,,,,PAID,"1223TC"
PUR_100748,SLM_100017,290.18,0,CASH,1,2023-12-01,2023-12-01,0,,2025-04-03 16:07:10.713,2025-04-03 16:07:10.713,,,,PAID,"1223XW"
PUR_100749,SLM_100018,285.03,0,CASH,1,2023-12-01,2023-12-01,0,,2025-04-03 16:07:10.713,2025-04-03 16:07:10.713,,,,PAID,"1223YM"
PUR_100750,SLM_100023,351.75,0,CASH,1,2024-12-01,2024-12-01,0,,2025-04-03 16:07:10.713,2025-04-03 16:07:10.713,,,,PAID,"1224CJ"
PUR_100751,SLM_100020,359.7,0,CASH,1,2024-12-01,2024-12-01,0,,2025-04-03 16:07:10.767,2025-04-03 16:07:10.767,,,,PAID,"1224JJT"
PUR_100752,SLM_100019,354.61,0,CASH,1,2024-12-01,2024-12-01,0,,2025-04-03 16:07:10.767,2025-04-03 16:07:10.767,,,,PAID,"1224LUX"
PUR_100753,SLM_100022,352.81,0,CASH,1,2024-12-01,2024-12-01,0,,2025-04-03 16:07:10.767,2025-04-03 16:07:10.767,,,,PAID,"1224RB"
PUR_100754,SLM_100007,355.51,0,CASH,1,2024-12-01,2024-12-01,0,,2025-04-03 16:07:10.820,2025-04-03 16:07:10.820,,,,PAID,"1224SLG"
PUR_100755,SLM_100017,346.51,0,CASH,1,2024-12-01,2024-12-01,0,,2025-04-03 16:07:10.820,2025-04-03 16:07:10.820,,,,PAID,"1224XW"
PUR_100756,SLM_100018,353.66,0,CASH,1,2024-12-01,2024-12-01,0,,2025-04-03 16:07:10.820,2025-04-03 16:07:10.820,,,,PAID,"1224YM"
PUR_100760,SLM_100007,140.8,0,CASH,1,2015-01-01,2015-01-01,0,,2025-04-03 16:07:10.919,2025-04-03 16:07:10.919,,,,PAID,B0115SLG
PUR_100761,SLM_100007,146.5,0,CASH,1,2016-01-01,2016-01-01,0,,2025-04-03 16:07:10.919,2025-04-03 16:07:10.919,,,,PAID,B0116SLG
PUR_100762,SLM_100007,161.55,0,CASH,1,2019-01-01,2019-01-01,0,,2025-04-03 16:07:10.919,2025-04-03 16:07:10.919,,,,PAID,B0119SLG
PUR_100763,SLM_100015,162.96,0,CASH,1,2019-01-01,2019-01-01,0,,2025-04-03 16:07:10.976,2025-04-03 16:07:10.976,,,,PAID,B0119YF
PUR_100764,SLM_100018,163.71,0,CASH,1,2019-01-01,2019-01-01,0,,2025-04-03 16:07:10.976,2025-04-03 16:07:10.976,,,,PAID,B0119YM
PUR_100765,SLM_100007,193.73,0,CASH,1,2020-01-01,2020-01-01,0,,2025-04-03 16:07:10.976,2025-04-03 16:07:10.976,,,,PAID,B0120SLG
PUR_100766,SLM_100007,228.77,0,CASH,1,2021-01-01,2021-01-01,0,,2025-04-03 16:07:11.026,2025-04-03 16:07:11.026,,,,PAID,B0121SLG
PUR_100767,SLM_100007,233.41,0,CASH,1,2022-01-01,2022-01-01,0,,2025-04-03 16:07:11.026,2025-04-03 16:07:11.026,,,,PAID,B0122SLG
PUR_100768,SLM_100018,230.82,0,CASH,1,2022-01-01,2022-01-01,0,,2025-04-03 16:07:11.026,2025-04-03 16:07:11.026,,,,PAID,B0122YM
PUR_100769,SLM_100018,248.19,0,CASH,1,2023-01-01,2023-01-01,0,,2025-04-03 16:07:11.077,2025-04-03 16:07:11.077,,,,PAID,B0123YM
PUR_100770,SLM_100007,291.48,0,CASH,1,2024-01-01,2024-01-01,0,,2025-04-03 16:07:11.077,2025-04-03 16:07:11.077,,,,PAID,B0124SLG
PUR_100771,SLM_100018,288.18,0,CASH,1,2024-01-01,2024-01-01,0,,2025-04-03 16:07:11.077,2025-04-03 16:07:11.077,,,,PAID,B0124YM
PUR_100772,SLM_100010,289.39,0,CASH,1,2024-01-01,2024-01-01,0,,2025-04-03 16:07:11.130,2025-04-03 16:07:11.130,,,,PAID,B0124YX
PUR_100773,SLM_100018,366.5,0,CASH,1,2025-01-01,2025-01-01,0,,2025-04-03 16:07:11.130,2025-04-03 16:07:11.130,,,,PAID,B0125YM
PUR_100774,SLM_100007,160.0,0,CASH,1,2012-02-01,2012-02-01,0,,2025-04-03 16:07:11.130,2025-04-03 16:07:11.130,,,,PAID,B0212SLG
PUR_100775,SLM_100007,134.5,0,CASH,1,2014-02-01,2014-02-01,0,,2025-04-03 16:07:11.192,2025-04-03 16:07:11.192,,,,PAID,B0214SLG
PUR_100776,SLM_100007,132.8,0,CASH,1,2015-02-01,2015-02-01,0,,2025-04-03 16:07:11.192,2025-04-03 16:07:11.192,,,,PAID,B0215SLG
PUR_100777,SLM_100007,158.6,0,CASH,1,2016-02-01,2016-02-01,0,,2025-04-03 16:07:11.192,2025-04-03 16:07:11.192,,,,PAID,B0216SLG
PUR_100778,SLM_100007,167.9,0,CASH,1,2017-02-01,2017-02-01,0,,2025-04-03 16:07:11.245,2025-04-03 16:07:11.245,,,,PAID,B0217SLG
PUR_100779,SLM_100007,158.2,0,CASH,1,2018-02-01,2018-02-01,0,,2025-04-03 16:07:11.245,2025-04-03 16:07:11.245,,,,PAID,B0218SLG
PUR_100780,SLM_100007,165.16,0,CASH,1,2019-02-01,2019-02-01,0,,2025-04-03 16:07:11.245,2025-04-03 16:07:11.245,,,,PAID,B0219SLG
PUR_100781,SLM_100007,208.63,0,CASH,1,2020-02-01,2020-02-01,0,,2025-04-03 16:07:11.299,2025-04-03 16:07:11.299,,,,PAID,B0220SLG
PUR_100782,SLM_100007,219.88,0,CASH,1,2021-02-01,2021-02-01,0,,2025-04-03 16:07:11.299,2025-04-03 16:07:11.299,,,,PAID,B0221SLG
PUR_100783,SLM_100018,218.6,0,CASH,1,2021-02-01,2021-02-01,0,,2025-04-03 16:07:11.299,2025-04-03 16:07:11.299,,,,PAID,B0221YM
PUR_100784,SLM_100033,241.9,0,CASH,1,2022-02-01,2022-02-01,0,,2025-04-03 16:07:11.350,2025-04-03 16:07:11.350,,,,PAID,B0222YK
PUR_100785,SLM_100021,245.57,0,CASH,1,2023-02-01,2023-02-01,0,,2025-04-03 16:07:11.350,2025-04-03 16:07:11.350,,,,PAID,B0223HJ
PUR_100786,SLM_100018,243.69,0,CASH,1,2023-02-01,2023-02-01,0,,2025-04-03 16:07:11.350,2025-04-03 16:07:11.350,,,,PAID,B0223YM
PUR_100787,SLM_100010,244.31,0,CASH,1,2023-02-01,2023-02-01,0,,2025-04-03 16:07:11.402,2025-04-03 16:07:11.402,,,,PAID,B0223YX
PUR_100788,SLM_100020,293.17,0,CASH,1,2024-02-01,2024-02-01,0,,2025-04-03 16:07:11.402,2025-04-03 16:07:11.402,,,,PAID,B0224JJT
PUR_100789,SLM_100007,389.68,0,CASH,1,2025-02-01,2025-02-01,0,,2025-04-03 16:07:11.402,2025-04-03 16:07:11.402,,,,PAID,B0225SLG
PUR_100790,SLM_100018,386.37,0,CASH,1,2025-02-01,2025-02-01,0,,2025-04-03 16:07:11.452,2025-04-03 16:07:11.452,,,,PAID,B0225YM
PUR_100791,SLM_100007,132.0,0,CASH,1,2011-03-01,2011-03-01,0,,2025-04-03 16:07:11.452,2025-04-03 16:07:11.452,,,,PAID,B0311SLG
PUR_100792,SLM_100007,151.0,0,CASH,1,2013-03-01,2013-03-01,0,,2025-04-03 16:07:11.452,2025-04-03 16:07:11.452,,,,PAID,B0313SLG
PUR_100793,SLM_100007,137.5,0,CASH,1,2014-03-01,2014-03-01,0,,2025-04-03 16:07:11.504,2025-04-03 16:07:11.504,,,,PAID,B0314SLG
PUR_100794,SLM_100007,139.3,0,CASH,1,2015-03-01,2015-03-01,0,,2025-04-03 16:07:11.504,2025-04-03 16:07:11.504,,,,PAID,B0315SLG
PUR_100795,SLM_100007,151.1,0,CASH,1,2016-03-01,2016-03-01,0,,2025-04-03 16:07:11.504,2025-04-03 16:07:11.504,,,,PAID,B0316SLG
PUR_100796,SLM_100007,164.0,0,CASH,1,2017-03-01,2017-03-01,0,,2025-04-03 16:07:11.555,2025-04-03 16:07:11.555,,,,PAID,B0317SLG
PUR_100797,SLM_100007,157.6,0,CASH,1,2018-03-01,2018-03-01,0,,2025-04-03 16:07:11.555,2025-04-03 16:07:11.555,,,,PAID,B0318SLG
PUR_100798,SLM_100018,157.8,0,CASH,1,2018-03-01,2018-03-01,0,,2025-04-03 16:07:11.555,2025-04-03 16:07:11.555,,,,PAID,B0318YM
PUR_100799,SLM_100007,163.6,0,CASH,1,2019-03-01,2019-03-01,0,,2025-04-03 16:07:11.607,2025-04-03 16:07:11.607,,,,PAID,B0319SLG
PUR_100800,SLM_100007,215.96,0,CASH,1,2021-03-01,2021-03-01,0,,2025-04-03 16:07:11.607,2025-04-03 16:07:11.607,,,,PAID,B0321SLG
PUR_100801,SLM_100018,217.43,0,CASH,1,2021-03-01,2021-03-01,0,,2025-04-03 16:07:11.607,2025-04-03 16:07:11.607,,,,PAID,B0321YM
PUR_100802,SLM_100007,246.62,0,CASH,1,2022-03-01,2022-03-01,0,,2025-04-03 16:07:11.655,2025-04-03 16:07:11.655,,,,PAID,B0322SLG
PUR_100803,SLM_100018,246.11,0,CASH,1,2022-03-01,2022-03-01,0,,2025-04-03 16:07:11.655,2025-04-03 16:07:11.655,,,,PAID,B0322YM
PUR_100804,SLM_100007,265.96,0,CASH,1,2023-03-01,2023-03-01,0,,2025-04-03 16:07:11.655,2025-04-03 16:07:11.655,,,,PAID,B0323SLG
PUR_100805,SLM_100018,260.42,0,CASH,1,2023-03-01,2023-03-01,0,,2025-04-03 16:07:11.714,2025-04-03 16:07:11.714,,,,PAID,B0323YM
PUR_100806,SLM_100023,307.58,0,CASH,1,2024-03-01,2024-03-01,0,,2025-04-03 16:07:11.714,2025-04-03 16:07:11.714,,,,PAID,B0324CJ
PUR_100807,SLM_100007,311.15,0,CASH,1,2024-03-01,2024-03-01,0,,2025-04-03 16:07:11.714,2025-04-03 16:07:11.714,,,,PAID,B0324SLG
PUR_100808,SLM_100018,311.18,0,CASH,1,2024-03-01,2024-03-01,0,,2025-04-03 16:07:11.769,2025-04-03 16:07:11.769,,,,PAID,B0324YM
PUR_100809,SLM_100007,153.0,0,CASH,1,2012-04-01,2012-04-01,0,,2025-04-03 16:07:11.769,2025-04-03 16:07:11.769,,,,PAID,B0412SLG
PUR_100810,SLM_100007,136.0,0,CASH,1,2013-04-01,2013-04-01,0,,2025-04-03 16:07:11.769,2025-04-03 16:07:11.769,,,,PAID,B0413SLG
PUR_100811,SLM_100007,128.2,0,CASH,1,2014-04-01,2014-04-01,0,,2025-04-03 16:07:11.846,2025-04-03 16:07:11.846,,,,PAID,B0414SLG
PUR_100812,SLM_100007,147.4,0,CASH,1,2016-04-01,2016-04-01,0,,2025-04-03 16:07:11.846,2025-04-03 16:07:11.846,,,,PAID,B0416SLG
PUR_100813,SLM_100007,172.0,0,CASH,1,2017-04-01,2017-04-01,0,,2025-04-03 16:07:11.846,2025-04-03 16:07:11.846,,,,PAID,B0417SLG
PUR_100814,SLM_100007,160.13,0,CASH,1,2018-04-01,2018-04-01,0,,2025-04-03 16:07:11.899,2025-04-03 16:07:11.899,,,,PAID,B0418SLG
PUR_100815,SLM_100007,161.88,0,CASH,1,2019-04-01,2019-04-01,0,,2025-04-03 16:07:11.899,2025-04-03 16:07:11.899,,,,PAID,B0419SLG
PUR_100816,SLM_100018,160.82,0,CASH,1,2019-04-01,2019-04-01,0,,2025-04-03 16:07:11.899,2025-04-03 16:07:11.899,,,,PAID,B0419YM
PUR_100817,SLM_100018,222.33,0,CASH,1,2021-04-01,2021-04-01,0,,2025-04-03 16:07:12.022,2025-04-03 16:07:12.022,,,,PAID,B0421YM
PUR_100818,SLM_100007,251.34,0,CASH,1,2022-04-01,2022-04-01,0,,2025-04-03 16:07:12.022,2025-04-03 16:07:12.022,,,,PAID,B0422SLG
PUR_100819,SLM_100018,268.6,0,CASH,1,2023-04-01,2023-04-01,0,,2025-04-03 16:07:12.022,2025-04-03 16:07:12.022,,,,PAID,B0423YM
PUR_100820,SLM_100023,331.22,0,CASH,1,2024-04-01,2024-04-01,0,,2025-04-03 16:07:12.072,2025-04-03 16:07:12.072,,,,PAID,B0424CJ
PUR_100821,SLM_100007,335.72,0,CASH,1,2024-04-01,2024-04-01,0,,2025-04-03 16:07:12.072,2025-04-03 16:07:12.072,,,,PAID,B0424SLG
PUR_100822,SLM_100018,332.14,0,CASH,1,2024-04-01,2024-04-01,0,,2025-04-03 16:07:12.072,2025-04-03 16:07:12.072,,,,PAID,B0424YM
PUR_100823,SLM_100007,141.0,0,CASH,1,2011-05-01,2011-05-01,0,,2025-04-03 16:07:12.124,2025-04-03 16:07:12.124,,,,PAID,B0511SLG
PUR_100824,SLM_100007,131.5,0,CASH,1,2013-05-01,2013-05-01,0,,2025-04-03 16:07:12.124,2025-04-03 16:07:12.124,,,,PAID,B0513SLG
PUR_100825,SLM_100007,124.4,0,CASH,1,2014-05-01,2014-05-01,0,,2025-04-03 16:07:12.124,2025-04-03 16:07:12.124,,,,PAID,B0514SLG
PUR_100826,SLM_100007,131.7,0,CASH,1,2015-05-01,2015-05-01,0,,2025-04-03 16:07:12.179,2025-04-03 16:07:12.179,,,,PAID,B0515SLG
PUR_100827,SLM_100007,153.7,0,CASH,1,2016-05-01,2016-05-01,0,,2025-04-03 16:07:12.179,2025-04-03 16:07:12.179,,,,PAID,B0516SLG
PUR_100828,SLM_100007,164.4,0,CASH,1,2017-05-01,2017-05-01,0,,2025-04-03 16:07:12.179,2025-04-03 16:07:12.179,,,,PAID,B0517SLG
PUR_100829,SLM_100007,157.6,0,CASH,1,2018-05-01,2018-05-01,0,,2025-04-03 16:07:12.247,2025-04-03 16:07:12.247,,,,PAID,B0518SLG
PUR_100830,SLM_100007,163.38,0,CASH,1,2019-05-01,2019-05-01,0,,2025-04-03 16:07:12.247,2025-04-03 16:07:12.247,,,,PAID,B0519SLG
PUR_100831,SLM_100018,243.38,0,CASH,1,2022-05-01,2022-05-01,0,,2025-04-03 16:07:12.247,2025-04-03 16:07:12.247,,,,PAID,B0522YM
PUR_100832,SLM_100020,273.72,0,CASH,1,2023-05-01,2023-05-01,0,,2025-04-03 16:07:12.298,2025-04-03 16:07:12.298,,,,PAID,B0523JJT
PUR_100833,SLM_100007,273.55,0,CASH,1,2023-05-01,2023-05-01,0,,2025-04-03 16:07:12.298,2025-04-03 16:07:12.298,,,,PAID,B0523SLG
PUR_100834,SLM_100018,270.66,0,CASH,1,2023-05-01,2023-05-01,0,,2025-04-03 16:07:12.298,2025-04-03 16:07:12.298,,,,PAID,B0523YM
PUR_100835,SLM_100007,153.0,0,CASH,1,2012-06-01,2012-06-01,0,,2025-04-03 16:07:12.353,2025-04-03 16:07:12.353,,,,PAID,B0612SLG
PUR_100836,SLM_100007,135.7,0,CASH,1,2015-06-01,2015-06-01,0,,2025-04-03 16:07:12.353,2025-04-03 16:07:12.353,,,,PAID,B0615SLG
PUR_100837,SLM_100007,159.3,0,CASH,1,2016-06-01,2016-06-01,0,,2025-04-03 16:07:12.353,2025-04-03 16:07:12.353,,,,PAID,B0616SLG
PUR_100838,SLM_100007,164.8,0,CASH,1,2017-06-01,2017-06-01,0,,2025-04-03 16:07:12.405,2025-04-03 16:07:12.405,,,,PAID,B0617SLG
PUR_100839,SLM_100018,176.82,0,CASH,1,2019-06-01,2019-06-01,0,,2025-04-03 16:07:12.405,2025-04-03 16:07:12.405,,,,PAID,B0619YM
PUR_100840,SLM_100007,224.38,0,CASH,1,2020-06-01,2020-06-01,0,,2025-04-03 16:07:12.405,2025-04-03 16:07:12.405,,,,PAID,B0620SLG
PUR_100841,SLM_100017,223.32,0,CASH,1,2020-06-01,2020-06-01,0,,2025-04-03 16:07:12.464,2025-04-03 16:07:12.464,,,,PAID,B0620XW
PUR_100842,SLM_100018,224.57,0,CASH,1,2020-06-01,2020-06-01,0,,2025-04-03 16:07:12.464,2025-04-03 16:07:12.464,,,,PAID,B0620YM
PUR_100843,SLM_100007,337.43,0,CASH,1,2024-06-01,2024-06-01,0,,2025-04-03 16:07:12.464,2025-04-03 16:07:12.464,,,,PAID,B0624SLG
PUR_100844,SLM_100007,138.0,0,CASH,1,2011-07-01,2011-07-01,0,,2025-04-03 16:07:12.530,2025-04-03 16:07:12.530,,,,PAID,B0711SLG
PUR_100845,SLM_100010,145.0,0,CASH,1,2011-07-01,2011-07-01,0,,2025-04-03 16:07:12.530,2025-04-03 16:07:12.530,,,,PAID,B0711YX
PUR_100846,SLM_100007,154.0,0,CASH,1,2012-07-01,2012-07-01,0,,2025-04-03 16:07:12.530,2025-04-03 16:07:12.530,,,,PAID,B0712SLG
PUR_100847,SLM_100011,127.5,0,CASH,1,2013-07-01,2013-07-01,0,,2025-04-03 16:07:12.591,2025-04-03 16:07:12.591,,,,PAID,B0713GBT
PUR_100848,SLM_100007,127.2,0,CASH,1,2014-07-01,2014-07-01,0,,2025-04-03 16:07:12.591,2025-04-03 16:07:12.591,,,,PAID,B0714SLG
PUR_100849,SLM_100007,133.7,0,CASH,1,2015-07-01,2015-07-01,0,,2025-04-03 16:07:12.591,2025-04-03 16:07:12.591,,,,PAID,B0715SLG
PUR_100850,SLM_100007,161.1,0,CASH,1,2016-07-01,2016-07-01,0,,2025-04-03 16:07:12.658,2025-04-03 16:07:12.658,,,,PAID,B0716SLG
PUR_100851,SLM_100007,151.9,0,CASH,1,2018-07-01,2018-07-01,0,,2025-04-03 16:07:12.658,2025-04-03 16:07:12.658,,,,PAID,B0718SLG
PUR_100852,SLM_100007,177.33,0,CASH,1,2019-07-01,2019-07-01,0,,2025-04-03 16:07:12.658,2025-04-03 16:07:12.658,,,,PAID,B0719SLG
PUR_100853,SLM_100007,235.0,0,CASH,1,2020-07-01,2020-07-01,0,,2025-04-03 16:07:12.722,2025-04-03 16:07:12.722,,,,PAID,B0720SLG
PUR_100854,SLM_100020,229.1,0,CASH,1,2022-07-01,2022-07-01,0,,2025-04-03 16:07:12.722,2025-04-03 16:07:12.722,,,,PAID,B0722JJT
PUR_100855,SLM_100018,230.47,0,CASH,1,2022-07-01,2022-07-01,0,,2025-04-03 16:07:12.722,2025-04-03 16:07:12.722,,,,PAID,B0722YM
PUR_100856,SLM_100007,336.66,0,CASH,1,2024-07-01,2024-07-01,0,,2025-04-03 16:07:12.778,2025-04-03 16:07:12.778,,,,PAID,B0724SLG
PUR_100857,SLM_100018,336.0,0,CASH,1,2024-07-01,2024-07-01,0,,2025-04-03 16:07:12.778,2025-04-03 16:07:12.778,,,,PAID,B0724YM
PUR_100858,SLM_100007,168.0,0,CASH,1,2011-08-01,2011-08-01,0,,2025-04-03 16:07:12.778,2025-04-03 16:07:12.778,,,,PAID,B0811SLG
PUR_100859,SLM_100011,157.5,0,CASH,1,2012-08-01,2012-08-01,0,,2025-04-03 16:07:12.834,2025-04-03 16:07:12.834,,,,PAID,B0812GBT
PUR_100860,SLM_100007,160.5,0,CASH,1,2012-08-01,2012-08-01,0,,2025-04-03 16:07:12.834,2025-04-03 16:07:12.834,,,,PAID,B0812SLG
PUR_100861,SLM_100029,144.0,0,CASH,1,2013-08-01,2013-08-01,0,,2025-04-03 16:07:12.834,2025-04-03 16:07:12.834,,,,PAID,B0813KP
PUR_100862,SLM_100007,123.0,0,CASH,1,2013-08-01,2013-08-01,0,,2025-04-03 16:07:12.884,2025-04-03 16:07:12.884,,,,PAID,B0813SLG
PUR_100863,SLM_100012,122.1,0,CASH,1,2014-08-01,2014-08-01,0,,2025-04-03 16:07:12.884,2025-04-03 16:07:12.884,,,,PAID,B0814MGI
PUR_100864,SLM_100007,125.2,0,CASH,1,2014-08-01,2014-08-01,0,,2025-04-03 16:07:12.884,2025-04-03 16:07:12.884,,,,PAID,B0814SLG
PUR_100865,SLM_100012,126.55,0,CASH,1,2015-08-01,2015-08-01,0,,2025-04-03 16:07:12.937,2025-04-03 16:07:12.937,,,,PAID,B0815MGI
PUR_100866,SLM_100007,166.8,0,CASH,1,2017-08-01,2017-08-01,0,,2025-04-03 16:07:12.937,2025-04-03 16:07:12.937,,,,PAID,B0817SLG
PUR_100867,SLM_100018,150.4,0,CASH,1,2018-08-01,2018-08-01,0,,2025-04-03 16:07:12.937,2025-04-03 16:07:12.937,,,,PAID,B0818YM
PUR_100868,SLM_100007,190.75,0,CASH,1,2019-08-01,2019-08-01,0,,2025-04-03 16:07:12.987,2025-04-03 16:07:12.987,,,,PAID,B0819SLG
PUR_100869,SLM_100018,192.24,0,CASH,1,2019-08-01,2019-08-01,0,,2025-04-03 16:07:12.987,2025-04-03 16:07:12.987,,,,PAID,B0819YM
PUR_100870,SLM_100007,246.3,0,CASH,1,2020-08-01,2020-08-01,0,,2025-04-03 16:07:12.987,2025-04-03 16:07:12.987,,,,PAID,B0820SLG
PUR_100871,SLM_100018,260.12,0,CASH,1,2020-08-01,2020-08-01,0,,2025-04-03 16:07:13.044,2025-04-03 16:07:13.044,,,,PAID,B0820YM
PUR_100872,SLM_100007,239.3,0,CASH,1,2022-08-01,2022-08-01,0,,2025-04-03 16:07:13.044,2025-04-03 16:07:13.044,,,,PAID,B0822SLG
PUR_100873,SLM_100018,241.04,0,CASH,1,2022-08-01,2022-08-01,0,,2025-04-03 16:07:13.044,2025-04-03 16:07:13.044,,,,PAID,B0822YM
PUR_100874,SLM_100007,164.5,0,CASH,1,2012-09-01,2012-09-01,0,,2025-04-03 16:07:13.095,2025-04-03 16:07:13.095,,,,PAID,B0912SLG
PUR_100875,SLM_100007,116.5,0,CASH,1,2013-09-01,2013-09-01,0,,2025-04-03 16:07:13.095,2025-04-03 16:07:13.095,,,,PAID,B0913SLG
PUR_100876,SLM_100014,151.0,0,CASH,1,2015-09-01,2015-09-01,0,,2025-04-03 16:07:13.095,2025-04-03 16:07:13.095,,,,PAID,B0915FS
PUR_100877,SLM_100007,148.0,0,CASH,1,2015-09-01,2015-09-01,0,,2025-04-03 16:07:13.146,2025-04-03 16:07:13.146,,,,PAID,B0915SLG
PUR_100878,SLM_100007,168.1,0,CASH,1,2017-09-01,2017-09-01,0,,2025-04-03 16:07:13.146,2025-04-03 16:07:13.146,,,,PAID,B0917SLG
PUR_100879,SLM_100007,150.38,0,CASH,1,2018-09-01,2018-09-01,0,,2025-04-03 16:07:13.146,2025-04-03 16:07:13.146,,,,PAID,B0918SLG
PUR_100880,SLM_100007,191.38,0,CASH,1,2019-09-01,2019-09-01,0,,2025-04-03 16:07:13.199,2025-04-03 16:07:13.199,,,,PAID,B0919SLG
PUR_100881,SLM_100007,238.38,0,CASH,1,2020-09-01,2020-09-01,0,,2025-04-03 16:07:13.199,2025-04-03 16:07:13.199,,,,PAID,B0920SLG
PUR_100882,SLM_100018,222.98,0,CASH,1,2021-09-01,2021-09-01,0,,2025-04-03 16:07:13.199,2025-04-03 16:07:13.199,,,,PAID,B0921YM
PUR_100883,SLM_100018,233.95,0,CASH,1,2022-09-01,2022-09-01,0,,2025-04-03 16:07:13.248,2025-04-03 16:07:13.248,,,,PAID,B0922YM
PUR_100884,SLM_100018,266.7,0,CASH,1,2023-09-01,2023-09-01,0,,2025-04-03 16:07:13.248,2025-04-03 16:07:13.248,,,,PAID,B0923YM
PUR_100885,SLM_100007,335.52,0,CASH,1,2024-09-01,2024-09-01,0,,2025-04-03 16:07:13.248,2025-04-03 16:07:13.248,,,,PAID,B0924SLG
PUR_100886,SLM_100007,126.5,0,CASH,1,2010-10-01,2010-10-01,0,,2025-04-03 16:07:13.298,2025-04-03 16:07:13.298,,,,PAID,B1010SLG
PUR_100887,SLM_100007,158.5,0,CASH,1,2011-10-01,2011-10-01,0,,2025-04-03 16:07:13.298,2025-04-03 16:07:13.298,,,,PAID,B1011SLG
PUR_100888,SLM_100007,159.5,0,CASH,1,2012-10-01,2012-10-01,0,,2025-04-03 16:07:13.298,2025-04-03 16:07:13.298,,,,PAID,B1012SLG
PUR_100889,SLM_100007,124.3,0,CASH,1,2014-10-01,2014-10-01,0,,2025-04-03 16:07:13.354,2025-04-03 16:07:13.354,,,,PAID,B1014SLG
PUR_100890,SLM_100014,148.9,0,CASH,1,2015-10-01,2015-10-01,0,,2025-04-03 16:07:13.354,2025-04-03 16:07:13.354,,,,PAID,B1015FS
PUR_100891,SLM_100007,150.5,0,CASH,1,2015-10-01,2015-10-01,0,,2025-04-03 16:07:13.354,2025-04-03 16:07:13.354,,,,PAID,B1015SLG
PUR_100892,SLM_100007,162.3,0,CASH,1,2016-10-01,2016-10-01,0,,2025-04-03 16:07:13.408,2025-04-03 16:07:13.408,,,,PAID,B1016SLG
PUR_100893,SLM_100007,165.3,0,CASH,1,2017-10-01,2017-10-01,0,,2025-04-03 16:07:13.408,2025-04-03 16:07:13.408,,,,PAID,B1017SLG
PUR_100894,SLM_100018,189.2,0,CASH,1,2019-10-01,2019-10-01,0,,2025-04-03 16:07:13.408,2025-04-03 16:07:13.408,,,,PAID,B1019YM
PUR_100895,SLM_100007,242.18,0,CASH,1,2020-10-01,2020-10-01,0,,2025-04-03 16:07:13.501,2025-04-03 16:07:13.501,,,,PAID,B1020SLG
PUR_100896,SLM_100007,225.13,0,CASH,1,2021-10-01,2021-10-01,0,,2025-04-03 16:07:13.501,2025-04-03 16:07:13.501,,,,PAID,B1021SLG
PUR_100897,SLM_100020,236.2,0,CASH,1,2022-10-01,2022-10-01,0,,2025-04-03 16:07:13.501,2025-04-03 16:07:13.501,,,,PAID,B1022JJT
PUR_100898,SLM_100007,239.38,0,CASH,1,2022-10-01,2022-10-01,0,,2025-04-03 16:07:13.613,2025-04-03 16:07:13.613,,,,PAID,B1022SLG
PUR_100899,SLM_100018,237.18,0,CASH,1,2022-10-01,2022-10-01,0,,2025-04-03 16:07:13.613,2025-04-03 16:07:13.613,,,,PAID,B1022YM
PUR_100900,SLM_100022,284.41,0,CASH,1,2023-10-01,2023-10-01,0,,2025-04-03 16:07:13.613,2025-04-03 16:07:13.613,,,,PAID,B1023RB
PUR_100901,SLM_100007,287.52,0,CASH,1,2023-10-01,2023-10-01,0,,2025-04-03 16:07:13.688,2025-04-03 16:07:13.688,,,,PAID,B1023SLG
PUR_100902,SLM_100025,265.93,0,CASH,1,2023-10-01,2023-10-01,0,,2025-04-03 16:07:13.688,2025-04-03 16:07:13.688,,,,PAID,B1023TC
PUR_100903,SLM_100018,286.86,0,CASH,1,2023-10-01,2023-10-01,0,,2025-04-03 16:07:13.688,2025-04-03 16:07:13.688,,,,PAID,B1023YM
PUR_100904,SLM_100007,358.98,0,CASH,1,2024-10-01,2024-10-01,0,,2025-04-03 16:07:13.769,2025-04-03 16:07:13.769,,,,PAID,B1024SLG
PUR_100905,SLM_100018,360.78,0,CASH,1,2024-10-01,2024-10-01,0,,2025-04-03 16:07:13.769,2025-04-03 16:07:13.769,,,,PAID,B1024YM
PUR_100906,SLM_100011,159.5,0,CASH,1,2012-11-01,2012-11-01,0,,2025-04-03 16:07:13.769,2025-04-03 16:07:13.769,,,,PAID,B1112GBT
PUR_100907,SLM_100007,163.0,0,CASH,1,2012-11-01,2012-11-01,0,,2025-04-03 16:07:13.836,2025-04-03 16:07:13.836,,,,PAID,B1112SLG
PUR_100908,SLM_100007,162.2,0,CASH,1,2017-11-01,2017-11-01,0,,2025-04-03 16:07:13.836,2025-04-03 16:07:13.836,,,,PAID,B1117SLG
PUR_100909,SLM_100007,156.55,0,CASH,1,2018-11-01,2018-11-01,0,,2025-04-03 16:07:13.836,2025-04-03 16:07:13.836,,,,PAID,B1118SLG
PUR_100910,SLM_100018,152.7,0,CASH,1,2018-11-01,2018-11-01,0,,2025-04-03 16:07:13.897,2025-04-03 16:07:13.897,,,,PAID,B1118YM
PUR_100911,SLM_100007,185.13,0,CASH,1,2019-11-01,2019-11-01,0,,2025-04-03 16:07:13.897,2025-04-03 16:07:13.897,,,,PAID,B1119SLG
PUR_100912,SLM_100018,186.44,0,CASH,1,2019-11-01,2019-11-01,0,,2025-04-03 16:07:13.897,2025-04-03 16:07:13.897,,,,PAID,B1119YM
PUR_100913,SLM_100018,233.3,0,CASH,1,2020-11-01,2020-11-01,0,,2025-04-03 16:07:14.019,2025-04-03 16:07:14.019,,,,PAID,B1120YM
PUR_100914,SLM_100007,234.05,0,CASH,1,2021-11-01,2021-11-01,0,,2025-04-03 16:07:14.019,2025-04-03 16:07:14.019,,,,PAID,B1121SLG
PUR_100915,SLM_100018,236.26,0,CASH,1,2021-11-01,2021-11-01,0,,2025-04-03 16:07:14.019,2025-04-03 16:07:14.019,,,,PAID,B1121YM
PUR_100916,SLM_100021,241.31,0,CASH,1,2022-11-01,2022-11-01,0,,2025-04-03 16:07:14.106,2025-04-03 16:07:14.106,,,,PAID,B1122HJ
PUR_100917,SLM_100022,242.49,0,CASH,1,2022-11-01,2022-11-01,0,,2025-04-03 16:07:14.106,2025-04-03 16:07:14.106,,,,PAID,B1122RB
PUR_100918,SLM_100018,237.83,0,CASH,1,2022-11-01,2022-11-01,0,,2025-04-03 16:07:14.106,2025-04-03 16:07:14.106,,,,PAID,B1122YM
PUR_100919,SLM_100018,282.36,0,CASH,1,2023-11-01,2023-11-01,0,,2025-04-03 16:07:14.177,2025-04-03 16:07:14.177,,,,PAID,B1123YM
PUR_100920,SLM_100007,130.5,0,CASH,1,2010-12-01,2010-12-01,0,,2025-04-03 16:07:14.177,2025-04-03 16:07:14.177,,,,PAID,B1210SLG
PUR_100921,SLM_100007,154.5,0,CASH,1,2011-12-01,2011-12-01,0,,2025-04-03 16:07:14.177,2025-04-03 16:07:14.177,,,,PAID,B1211SLG
PUR_100922,SLM_100007,156.0,0,CASH,1,2012-12-01,2012-12-01,0,,2025-04-03 16:07:14.236,2025-04-03 16:07:14.236,,,,PAID,B1212SLG
PUR_100923,SLM_100007,123.0,0,CASH,1,2013-12-01,2013-12-01,0,,2025-04-03 16:07:14.236,2025-04-03 16:07:14.236,,,,PAID,B1213SLG
PUR_100924,SLM_100007,125.9,0,CASH,1,2014-12-01,2014-12-01,0,,2025-04-03 16:07:14.236,2025-04-03 16:07:14.236,,,,PAID,B1214SLG
PUR_100925,SLM_100014,138.6,0,CASH,1,2015-12-01,2015-12-01,0,,2025-04-03 16:07:14.289,2025-04-03 16:07:14.289,,,,PAID,B1215FS
PUR_100926,SLM_100007,140.6,0,CASH,1,2015-12-01,2015-12-01,0,,2025-04-03 16:07:14.289,2025-04-03 16:07:14.289,,,,PAID,B1215SLG
PUR_100927,SLM_100007,156.5,0,CASH,1,2016-12-01,2016-12-01,0,,2025-04-03 16:07:14.289,2025-04-03 16:07:14.289,,,,PAID,B1216SLG
PUR_100928,SLM_100007,159.43,0,CASH,1,2018-12-01,2018-12-01,0,,2025-04-03 16:07:14.340,2025-04-03 16:07:14.340,,,,PAID,B1218SLG
PUR_100929,SLM_100031,187.82,0,CASH,1,2019-12-01,2019-12-01,0,,2025-04-03 16:07:14.340,2025-04-03 16:07:14.340,,,,PAID,B1219MK
PUR_100930,SLM_100018,185.65,0,CASH,1,2019-12-01,2019-12-01,0,,2025-04-03 16:07:14.340,2025-04-03 16:07:14.340,,,,PAID,B1219YM
PUR_100931,SLM_100007,232.47,0,CASH,1,2020-12-01,2020-12-01,0,,2025-04-03 16:07:14.403,2025-04-03 16:07:14.403,,,,PAID,B1220SLG
PUR_100932,SLM_100017,226.32,0,CASH,1,2021-12-01,2021-12-01,0,,2025-04-03 16:07:14.403,2025-04-03 16:07:14.403,,,,PAID,B1221XW
PUR_100933,SLM_100018,226.76,0,CASH,1,2021-12-01,2021-12-01,0,,2025-04-03 16:07:14.403,2025-04-03 16:07:14.403,,,,PAID,B1221YM
PUR_100934,SLM_100018,238.85,0,CASH,1,2022-12-01,2022-12-01,0,,2025-04-03 16:07:14.457,2025-04-03 16:07:14.457,,,,PAID,B1222YM
PUR_100935,SLM_100020,286.61,0,CASH,1,2023-12-01,2023-12-01,0,,2025-04-03 16:07:14.457,2025-04-03 16:07:14.457,,,,PAID,B1223JJT
PUR_100936,SLM_100024,286.68,0,CASH,1,2023-12-01,2023-12-01,0,,2025-04-03 16:07:14.457,2025-04-03 16:07:14.457,,,,PAID,B1223SF
PUR_100937,SLM_100018,285.95,0,CASH,1,2023-12-01,2023-12-01,0,,2025-04-03 16:07:14.513,2025-04-03 16:07:14.513,,,,PAID,B1223YM
PUR_100938,SLM_100007,359.97,0,CASH,1,2024-12-01,2024-12-01,0,,2025-04-03 16:07:14.513,2025-04-03 16:07:14.513,,,,PAID,B1224SLG
PUR_100939,SLM_100018,353.43,0,CASH,1,2024-12-01,2024-12-01,0,,2025-04-03 16:07:14.513,2025-04-03 16:07:14.513,,,,PAID,B1224YM
PUR_100940,SLM_100007,135.0,0,CASH,1,2015-03-01,2015-03-01,0,,2025-04-03 16:07:14.569,2025-04-03 16:07:14.569,,,,PAID,C0315SLG
PUR_100941,SLM_100018,245.59,0,CASH,1,2022-03-01,2022-03-01,0,,2025-04-03 16:07:14.569,2025-04-03 16:07:14.569,,,,PAID,C0322YM
PUR_100942,SLM_100018,263.93,0,CASH,1,2023-03-01,2023-03-01,0,,2025-04-03 16:07:14.569,2025-04-03 16:07:14.569,,,,PAID,C0323YM
PUR_100943,SLM_100007,158.15,0,CASH,1,2018-04-01,2018-04-01,0,,2025-04-03 16:07:14.621,2025-04-03 16:07:14.621,,,,PAID,C0418SLG
PUR_100944,SLM_100007,150.0,0,CASH,1,2013-05-01,2013-05-01,0,,2025-04-03 16:07:14.621,2025-04-03 16:07:14.621,,,,PAID,C0513SLG
PUR_100945,SLM_100007,231.91,0,CASH,1,2020-06-01,2020-06-01,0,,2025-04-03 16:07:14.621,2025-04-03 16:07:14.621,,,,PAID,C0620SLG
PUR_100946,SLM_100007,145.5,0,CASH,1,2011-07-01,2011-07-01,0,,2025-04-03 16:07:14.679,2025-04-03 16:07:14.679,,,,PAID,C0711SLG
PUR_100947,SLM_100007,249.92,0,CASH,1,2020-07-01,2020-07-01,0,,2025-04-03 16:07:14.679,2025-04-03 16:07:14.679,,,,PAID,C0720SLG
PUR_100948,SLM_100018,228.55,0,CASH,1,2022-07-01,2022-07-01,0,,2025-04-03 16:07:14.679,2025-04-03 16:07:14.679,,,,PAID,C0722YM
PUR_100949,SLM_100018,246.91,0,CASH,1,2020-08-01,2020-08-01,0,,2025-04-03 16:07:14.730,2025-04-03 16:07:14.730,,,,PAID,C0820YM
PUR_100950,SLM_100007,226.63,0,CASH,1,2021-10-01,2021-10-01,0,,2025-04-03 16:07:14.730,2025-04-03 16:07:14.730,,,,PAID,C1021SLG
PUR_100951,SLM_100018,232.81,0,CASH,1,2022-10-01,2022-10-01,0,,2025-04-03 16:07:14.730,2025-04-03 16:07:14.730,,,,PAID,C1022YM
PUR_100952,SLM_100018,155.25,0,CASH,1,2018-11-01,2018-11-01,0,,2025-04-03 16:07:14.785,2025-04-03 16:07:14.785,,,,PAID,C1118YM
PUR_100953,SLM_100007,161.28,0,CASH,1,2018-12-01,2018-12-01,0,,2025-04-03 16:07:14.785,2025-04-03 16:07:14.785,,,,PAID,C1218SLG
PUR_100954,SLM_100018,241.74,0,CASH,1,2022-12-01,2022-12-01,0,,2025-04-03 16:07:14.785,2025-04-03 16:07:14.785,,,,PAID,C1222YM
PUR_100955,SLM_100007,129.5,0,CASH,1,2013-05-01,2013-05-01,0,,2025-04-03 16:07:14.846,2025-04-03 16:07:14.846,,,,PAID,D0513SLG
PUR_100956,SLM_100011,153.5,0,CASH,1,2013-02-01,2013-02-01,0,,2025-04-05 12:47:32.681,2025-04-05 12:47:32.681,,,,PAID,"0213GBT"
PUR_100957,SLM_100019,271.65,0,CASH,1,2023-07-01,2023-07-01,0,,2025-04-05 13:01:17.827,2025-04-05 13:01:17.827,,,,PAID,"0723LUX"
