2025-04-04 00:02:53,885 - INFO - [31m[1mWARNING: This is a development server. Do not use it in a production deployment. Use a production WSGI server instead.[0m
 * Running on http://127.0.0.1:5000
2025-04-04 00:02:53,885 - INFO - [33mPress CTRL+C to quit[0m
2025-04-04 00:02:53,886 - INFO -  * Restarting with stat
2025-04-04 00:02:54,964 - WARNING -  * Debugger is active!
2025-04-04 00:02:54,968 - INFO -  * Debugger PIN: 310-690-463
2025-04-04 00:03:00,585 - INFO - 127.0.0.1 - - [04/Apr/2025 00:03:00] "POST /batch-import-purchase HTTP/1.1" 200 -
2025-04-04 00:05:21,791 - INFO -  * Detected change in 'C:\\Users\\keong\\Desktop\\IMTools\\IMtool\\IMtool app\\website\\Import.py', reloading
2025-04-04 00:05:21,873 - INFO -  * Restarting with stat
2025-04-04 00:05:22,629 - WARNING -  * Debugger is active!
2025-04-04 00:05:22,633 - INFO -  * Debugger PIN: 310-690-463
2025-04-04 00:06:38,524 - INFO -  * Detected change in 'C:\\Users\\keong\\Desktop\\IMTools\\IMtool\\IMtool app\\website\\dictionary.py', reloading
2025-04-04 00:06:38,666 - INFO -  * Restarting with stat
2025-04-04 00:06:56,889 - INFO - Next value of sequence pur_id_seq: 100001
2025-04-04 00:06:56,900 - INFO - Next value of sequence pur_id_seq: 100002
2025-04-04 00:06:56,910 - INFO - Next value of sequence pur_id_seq: 100003
2025-04-04 00:06:56,929 - INFO - Successfully inserted data into konghin.purchase.
2025-04-04 00:06:56,929 - INFO - Query: INSERT INTO konghin.purchase (pur_id, pur_slm_id, pur_gold_cost, pur_labor_cost, pur_method, pur_official_invoice, pur_date, pur_billing_date, pur_weight, pur_invoice_no, pur_code, pur_payment_status) VALUES ('PUR_100001','SLM_100006', '128.0', '0', 'CASH', '1', '2011-01-01 00:00:00', '2011-01-01 00:00:00', '0', null, '0111MG', 'PAID'),('PUR_100002','SLM_100007', '127.5', '0', 'CASH', '1', '2011-01-01 00:00:00', '2011-01-01 00:00:00', '0', null, '0111SLG', 'PAID'),('PUR_100003','SLM_100008', '156.5', '0', 'CASH', '1', '2012-01-01 00:00:00', '2012-01-01 00:00:00', '0', null, '0112MH', 'PAID')
2025-04-04 00:06:56,947 - INFO - Next value of sequence pur_id_seq: 100004
2025-04-04 00:06:56,957 - INFO - Next value of sequence pur_id_seq: 100005
2025-04-04 00:06:56,967 - INFO - Next value of sequence pur_id_seq: 100006
2025-04-04 00:06:56,985 - INFO - Successfully inserted data into konghin.purchase.
2025-04-04 00:06:56,985 - INFO - Query: INSERT INTO konghin.purchase (pur_id, pur_slm_id, pur_gold_cost, pur_labor_cost, pur_method, pur_official_invoice, pur_date, pur_billing_date, pur_weight, pur_invoice_no, pur_code, pur_payment_status) VALUES ('PUR_100004','SLM_100009', '155.0', '0', 'CASH', '1', '2012-01-01 00:00:00', '2012-01-01 00:00:00', '0', null, '0112SH', 'PAID'),('PUR_100005','SLM_100007', '157.5', '0', 'CASH', '1', '2012-01-01 00:00:00', '2012-01-01 00:00:00', '0', null, '0112SLG', 'PAID'),('PUR_100006','SLM_100010', '157.0', '0', 'CASH', '1', '2012-01-01 00:00:00', '2012-01-01 00:00:00', '0', null, '0112YX', 'PAID')
2025-04-04 00:06:57,005 - INFO - Next value of sequence pur_id_seq: 100007
2025-04-04 00:06:57,016 - INFO - Next value of sequence pur_id_seq: 100008
2025-04-04 00:06:57,025 - INFO - Next value of sequence pur_id_seq: 100009
2025-04-04 00:06:57,045 - INFO - Successfully inserted data into konghin.purchase.
2025-04-04 00:06:57,045 - INFO - Query: INSERT INTO konghin.purchase (pur_id, pur_slm_id, pur_gold_cost, pur_labor_cost, pur_method, pur_official_invoice, pur_date, pur_billing_date, pur_weight, pur_invoice_no, pur_code, pur_payment_status) VALUES ('PUR_100007','SLM_100011', '155.0', '0', 'CASH', '1', '2013-01-01 00:00:00', '2013-01-01 00:00:00', '0', null, '0113GBT', 'PAID'),('PUR_100008','SLM_100007', '157.0', '0', 'CASH', '1', '2013-01-01 00:00:00', '2013-01-01 00:00:00', '0', null, '0113SLG', 'PAID'),('PUR_100009','SLM_100010', '152.5', '0', 'CASH', '1', '2013-01-01 00:00:00', '2013-01-01 00:00:00', '0', null, '0113YX', 'PAID')
2025-04-04 00:06:57,061 - INFO - Next value of sequence pur_id_seq: 100010
2025-04-04 00:06:57,071 - INFO - Next value of sequence pur_id_seq: 100011
2025-04-04 00:06:57,082 - INFO - Next value of sequence pur_id_seq: 100012
2025-04-04 00:06:57,100 - INFO - Successfully inserted data into konghin.purchase.
2025-04-04 00:06:57,101 - INFO - Query: INSERT INTO konghin.purchase (pur_id, pur_slm_id, pur_gold_cost, pur_labor_cost, pur_method, pur_official_invoice, pur_date, pur_billing_date, pur_weight, pur_invoice_no, pur_code, pur_payment_status) VALUES ('PUR_100010','SLM_100012', '123.0', '0', 'CASH', '1', '2014-01-01 00:00:00', '2014-01-01 00:00:00', '0', null, '0114MGI', 'PAID'),('PUR_100011','SLM_100007', '123.5', '0', 'CASH', '1', '2014-01-01 00:00:00', '2014-01-01 00:00:00', '0', null, '0114SLG', 'PAID'),('PUR_100012','SLM_100010', '124.0', '0', 'CASH', '1', '2014-01-01 00:00:00', '2014-01-01 00:00:00', '0', null, '0114YX', 'PAID')
2025-04-04 00:06:57,125 - INFO - Next value of sequence pur_id_seq: 100013
2025-04-04 00:06:57,136 - INFO - Next value of sequence pur_id_seq: 100014
2025-04-04 00:06:57,146 - INFO - Next value of sequence pur_id_seq: 100015
2025-04-04 00:06:57,167 - INFO - Successfully inserted data into konghin.purchase.
2025-04-04 00:06:57,167 - INFO - Query: INSERT INTO konghin.purchase (pur_id, pur_slm_id, pur_gold_cost, pur_labor_cost, pur_method, pur_official_invoice, pur_date, pur_billing_date, pur_weight, pur_invoice_no, pur_code, pur_payment_status) VALUES ('PUR_100013','SLM_100013', '131.2', '0', 'CASH', '1', '2015-01-01 00:00:00', '2015-01-01 00:00:00', '0', null, '0115DE', 'PAID'),('PUR_100014','SLM_100014', '140.8', '0', 'CASH', '1', '2015-01-01 00:00:00', '2015-01-01 00:00:00', '0', null, '0115FS', 'PAID'),('PUR_100015','SLM_100011', '141.6', '0', 'CASH', '1', '2015-01-01 00:00:00', '2015-01-01 00:00:00', '0', null, '0115GBT', 'PAID')
2025-04-04 00:06:57,184 - INFO - Next value of sequence pur_id_seq: 100016
2025-04-04 00:06:57,200 - INFO - Next value of sequence pur_id_seq: 100017
2025-04-04 00:06:57,227 - INFO - Next value of sequence pur_id_seq: 100018
2025-04-04 00:06:57,246 - INFO - Successfully inserted data into konghin.purchase.
2025-04-04 00:06:57,246 - INFO - Query: INSERT INTO konghin.purchase (pur_id, pur_slm_id, pur_gold_cost, pur_labor_cost, pur_method, pur_official_invoice, pur_date, pur_billing_date, pur_weight, pur_invoice_no, pur_code, pur_payment_status) VALUES ('PUR_100016','SLM_100012', '129.8', '0', 'CASH', '1', '2015-01-01 00:00:00', '2015-01-01 00:00:00', '0', null, '0115MGI', 'PAID'),('PUR_100017','SLM_100007', '134.0', '0', 'CASH', '1', '2015-01-01 00:00:00', '2015-01-01 00:00:00', '0', null, '0115SLG', 'PAID'),('PUR_100018','SLM_100010', '135.0', '0', 'CASH', '1', '2015-01-01 00:00:00', '2015-01-01 00:00:00', '0', null, '0115YX', 'PAID')
2025-04-04 00:06:57,263 - INFO - Next value of sequence pur_id_seq: 100019
2025-04-04 00:06:57,270 - INFO - Next value of sequence pur_id_seq: 100020
2025-04-04 00:06:57,279 - INFO - Next value of sequence pur_id_seq: 100021
2025-04-04 00:06:57,295 - INFO - Successfully inserted data into konghin.purchase.
2025-04-04 00:06:57,295 - INFO - Query: INSERT INTO konghin.purchase (pur_id, pur_slm_id, pur_gold_cost, pur_labor_cost, pur_method, pur_official_invoice, pur_date, pur_billing_date, pur_weight, pur_invoice_no, pur_code, pur_payment_status) VALUES ('PUR_100019','SLM_100011', '144.8', '0', 'CASH', '1', '2016-01-01 00:00:00', '2016-01-01 00:00:00', '0', null, '0116GBT', 'PAID'),('PUR_100020','SLM_100012', '144.0', '0', 'CASH', '1', '2016-01-01 00:00:00', '2016-01-01 00:00:00', '0', null, '0116MGI', 'PAID'),('PUR_100021','SLM_100007', '148.05', '0', 'CASH', '1', '2016-01-01 00:00:00', '2016-01-01 00:00:00', '0', null, '0116SLG', 'PAID')
2025-04-04 00:06:57,310 - INFO - Next value of sequence pur_id_seq: 100022
2025-04-04 00:06:57,320 - INFO - Next value of sequence pur_id_seq: 100023
2025-04-04 00:06:57,328 - INFO - Next value of sequence pur_id_seq: 100024
2025-04-04 00:06:57,346 - INFO - Successfully inserted data into konghin.purchase.
2025-04-04 00:06:57,346 - INFO - Query: INSERT INTO konghin.purchase (pur_id, pur_slm_id, pur_gold_cost, pur_labor_cost, pur_method, pur_official_invoice, pur_date, pur_billing_date, pur_weight, pur_invoice_no, pur_code, pur_payment_status) VALUES ('PUR_100022','SLM_100015', '144.3', '0', 'CASH', '1', '2016-01-01 00:00:00', '2016-01-01 00:00:00', '0', null, '0116YF', 'PAID'),('PUR_100023','SLM_100010', '140.6', '0', 'CASH', '1', '2016-01-01 00:00:00', '2016-01-01 00:00:00', '0', null, '0116YX', 'PAID'),('PUR_100024','SLM_100013', '164.2', '0', 'CASH', '1', '2017-01-01 00:00:00', '2017-01-01 00:00:00', '0', null, '0117DE', 'PAID')
2025-04-04 00:06:57,361 - INFO - Next value of sequence pur_id_seq: 100025
2025-04-04 00:06:57,370 - INFO - Next value of sequence pur_id_seq: 100026
2025-04-04 00:06:57,379 - INFO - Next value of sequence pur_id_seq: 100027
2025-04-04 00:06:57,395 - INFO - Successfully inserted data into konghin.purchase.
2025-04-04 00:06:57,395 - INFO - Query: INSERT INTO konghin.purchase (pur_id, pur_slm_id, pur_gold_cost, pur_labor_cost, pur_method, pur_official_invoice, pur_date, pur_billing_date, pur_weight, pur_invoice_no, pur_code, pur_payment_status) VALUES ('PUR_100025','SLM_100016', '156.2', '0', 'CASH', '1', '2017-01-01 00:00:00', '2017-01-01 00:00:00', '0', null, '0117HL', 'PAID'),('PUR_100026','SLM_100012', '159.5', '0', 'CASH', '1', '2017-01-01 00:00:00', '2017-01-01 00:00:00', '0', null, '0117MGI', 'PAID'),('PUR_100027','SLM_100007', '163.9', '0', 'CASH', '1', '2017-01-01 00:00:00', '2017-01-01 00:00:00', '0', null, '0117SLG', 'PAID')
2025-04-04 00:06:57,412 - INFO - Next value of sequence pur_id_seq: 100028
2025-04-04 00:06:57,422 - INFO - Next value of sequence pur_id_seq: 100029
2025-04-04 00:06:57,433 - INFO - Next value of sequence pur_id_seq: 100030
2025-04-04 00:06:57,449 - INFO - Successfully inserted data into konghin.purchase.
2025-04-04 00:06:57,449 - INFO - Query: INSERT INTO konghin.purchase (pur_id, pur_slm_id, pur_gold_cost, pur_labor_cost, pur_method, pur_official_invoice, pur_date, pur_billing_date, pur_weight, pur_invoice_no, pur_code, pur_payment_status) VALUES ('PUR_100028','SLM_100017', '162.6', '0', 'CASH', '1', '2017-01-01 00:00:00', '2017-01-01 00:00:00', '0', null, '0117XW', 'PAID'),('PUR_100029','SLM_100010', '163.6', '0', 'CASH', '1', '2017-01-01 00:00:00', '2017-01-01 00:00:00', '0', null, '0117YX', 'PAID'),('PUR_100030','SLM_100013', '159.4', '0', 'CASH', '1', '2018-01-01 00:00:00', '2018-01-01 00:00:00', '0', null, '0118DE', 'PAID')
2025-04-04 00:06:57,465 - INFO - Next value of sequence pur_id_seq: 100031
2025-04-04 00:06:57,474 - INFO - Next value of sequence pur_id_seq: 100032
2025-04-04 00:06:57,483 - INFO - Next value of sequence pur_id_seq: 100033
2025-04-04 00:06:57,500 - INFO - Successfully inserted data into konghin.purchase.
2025-04-04 00:06:57,500 - INFO - Query: INSERT INTO konghin.purchase (pur_id, pur_slm_id, pur_gold_cost, pur_labor_cost, pur_method, pur_official_invoice, pur_date, pur_billing_date, pur_weight, pur_invoice_no, pur_code, pur_payment_status) VALUES ('PUR_100031','SLM_100007', '160.9', '0', 'CASH', '1', '2018-01-01 00:00:00', '2018-01-01 00:00:00', '0', null, '0118SLG', 'PAID'),('PUR_100032','SLM_100017', '158.6', '0', 'CASH', '1', '2018-01-01 00:00:00', '2018-01-01 00:00:00', '0', null, '0118XW', 'PAID'),('PUR_100033','SLM_100015', '159.7', '0', 'CASH', '1', '2018-01-01 00:00:00', '2018-01-01 00:00:00', '0', null, '0118YF', 'PAID')
2025-04-04 00:06:57,516 - INFO - Next value of sequence pur_id_seq: 100034
2025-04-04 00:06:57,524 - INFO - Next value of sequence pur_id_seq: 100035
2025-04-04 00:06:57,533 - INFO - Next value of sequence pur_id_seq: 100036
2025-04-04 00:06:57,550 - INFO - Successfully inserted data into konghin.purchase.
2025-04-04 00:06:57,550 - INFO - Query: INSERT INTO konghin.purchase (pur_id, pur_slm_id, pur_gold_cost, pur_labor_cost, pur_method, pur_official_invoice, pur_date, pur_billing_date, pur_weight, pur_invoice_no, pur_code, pur_payment_status) VALUES ('PUR_100034','SLM_100018', '160.5', '0', 'CASH', '1', '2018-01-01 00:00:00', '2018-01-01 00:00:00', '0', null, '0118YM', 'PAID'),('PUR_100035','SLM_100010', '159.1', '0', 'CASH', '1', '2018-01-01 00:00:00', '2018-01-01 00:00:00', '0', null, '0118YX', 'PAID'),('PUR_100036','SLM_100011', '161.53', '0', 'CASH', '1', '2019-01-01 00:00:00', '2019-01-01 00:00:00', '0', null, '0119GBT', 'PAID')
2025-04-04 00:06:57,564 - INFO - Next value of sequence pur_id_seq: 100037
2025-04-04 00:06:57,574 - INFO - Next value of sequence pur_id_seq: 100038
2025-04-04 00:06:57,590 - INFO - Next value of sequence pur_id_seq: 100039
2025-04-04 00:06:57,607 - INFO - Successfully inserted data into konghin.purchase.
2025-04-04 00:06:57,607 - INFO - Query: INSERT INTO konghin.purchase (pur_id, pur_slm_id, pur_gold_cost, pur_labor_cost, pur_method, pur_official_invoice, pur_date, pur_billing_date, pur_weight, pur_invoice_no, pur_code, pur_payment_status) VALUES ('PUR_100037','SLM_100007', '161.98', '0', 'CASH', '1', '2019-01-01 00:00:00', '2019-01-01 00:00:00', '0', null, '0119SLG', 'PAID'),('PUR_100038','SLM_100017', '160.71', '0', 'CASH', '1', '2019-01-01 00:00:00', '2019-01-01 00:00:00', '0', null, '0119XW', 'PAID'),('PUR_100039','SLM_100018', '160.03', '0', 'CASH', '1', '2019-01-01 00:00:00', '2019-01-01 00:00:00', '0', null, '0119YM', 'PAID')
2025-04-04 00:06:57,624 - INFO - Next value of sequence pur_id_seq: 100040
2025-04-04 00:06:57,635 - INFO - Next value of sequence pur_id_seq: 100041
2025-04-04 00:06:57,647 - INFO - Next value of sequence pur_id_seq: 100042
2025-04-04 00:06:57,664 - INFO - Successfully inserted data into konghin.purchase.
2025-04-04 00:06:57,664 - INFO - Query: INSERT INTO konghin.purchase (pur_id, pur_slm_id, pur_gold_cost, pur_labor_cost, pur_method, pur_official_invoice, pur_date, pur_billing_date, pur_weight, pur_invoice_no, pur_code, pur_payment_status) VALUES ('PUR_100040','SLM_100010', '163.54', '0', 'CASH', '1', '2019-01-01 00:00:00', '2019-01-01 00:00:00', '0', null, '0119YX', 'PAID'),('PUR_100041','SLM_100011', '191.64', '0', 'CASH', '1', '2020-01-01 00:00:00', '2020-01-01 00:00:00', '0', null, '0120GBT', 'PAID'),('PUR_100042','SLM_100019', '191.69', '0', 'CASH', '1', '2020-01-01 00:00:00', '2020-01-01 00:00:00', '0', null, '0120LUX', 'PAID')
2025-04-04 00:06:57,678 - INFO - Next value of sequence pur_id_seq: 100043
2025-04-04 00:06:57,687 - INFO - Next value of sequence pur_id_seq: 100044
2025-04-04 00:06:57,696 - INFO - Next value of sequence pur_id_seq: 100045
2025-04-04 00:06:57,711 - INFO - Successfully inserted data into konghin.purchase.
2025-04-04 00:06:57,711 - INFO - Query: INSERT INTO konghin.purchase (pur_id, pur_slm_id, pur_gold_cost, pur_labor_cost, pur_method, pur_official_invoice, pur_date, pur_billing_date, pur_weight, pur_invoice_no, pur_code, pur_payment_status) VALUES ('PUR_100043','SLM_100007', '197.0', '0', 'CASH', '1', '2020-01-01 00:00:00', '2020-01-01 00:00:00', '0', null, '0120SLG', 'PAID'),('PUR_100044','SLM_100015', '193.32', '0', 'CASH', '1', '2020-01-01 00:00:00', '2020-01-01 00:00:00', '0', null, '0120YF', 'PAID'),('PUR_100045','SLM_100010', '197.74', '0', 'CASH', '1', '2020-01-01 00:00:00', '2020-01-01 00:00:00', '0', null, '0120YX', 'PAID')
2025-04-04 00:06:57,731 - INFO - Next value of sequence pur_id_seq: 100046
2025-04-04 00:06:57,740 - INFO - Next value of sequence pur_id_seq: 100047
2025-04-04 00:06:57,749 - INFO - Next value of sequence pur_id_seq: 100048
2025-04-04 00:06:57,765 - INFO - Successfully inserted data into konghin.purchase.
2025-04-04 00:06:57,765 - INFO - Query: INSERT INTO konghin.purchase (pur_id, pur_slm_id, pur_gold_cost, pur_labor_cost, pur_method, pur_official_invoice, pur_date, pur_billing_date, pur_weight, pur_invoice_no, pur_code, pur_payment_status) VALUES ('PUR_100046','SLM_100020', '229.54', '0', 'CASH', '1', '2021-01-01 00:00:00', '2021-01-01 00:00:00', '0', null, '0121JJT', 'PAID'),('PUR_100047','SLM_100007', '234.04', '0', 'CASH', '1', '2021-01-01 00:00:00', '2021-01-01 00:00:00', '0', null, '0121SLG', 'PAID'),('PUR_100048','SLM_100018', '225.39', '0', 'CASH', '1', '2021-01-01 00:00:00', '2021-01-01 00:00:00', '0', null, '0121YM', 'PAID')
2025-04-04 00:06:57,779 - INFO - Next value of sequence pur_id_seq: 100049
2025-04-04 00:06:57,788 - INFO - Next value of sequence pur_id_seq: 100050
2025-04-04 00:06:57,796 - INFO - Next value of sequence pur_id_seq: 100051
2025-04-04 00:06:57,813 - INFO - Successfully inserted data into konghin.purchase.
2025-04-04 00:06:57,813 - INFO - Query: INSERT INTO konghin.purchase (pur_id, pur_slm_id, pur_gold_cost, pur_labor_cost, pur_method, pur_official_invoice, pur_date, pur_billing_date, pur_weight, pur_invoice_no, pur_code, pur_payment_status) VALUES ('PUR_100049','SLM_100010', '226.84', '0', 'CASH', '1', '2021-01-01 00:00:00', '2021-01-01 00:00:00', '0', null, '0121YX', 'PAID'),('PUR_100050','SLM_100020', '228.43', '0', 'CASH', '1', '2022-01-01 00:00:00', '2022-01-01 00:00:00', '0', null, '0122JJT', 'PAID'),('PUR_100051','SLM_100019', '229.18', '0', 'CASH', '1', '2022-01-01 00:00:00', '2022-01-01 00:00:00', '0', null, '0122LUX', 'PAID')
2025-04-04 00:06:57,830 - INFO - Next value of sequence pur_id_seq: 100052
2025-04-04 00:06:57,840 - INFO - Next value of sequence pur_id_seq: 100053
2025-04-04 00:06:57,849 - INFO - Next value of sequence pur_id_seq: 100054
2025-04-04 00:06:57,867 - INFO - Successfully inserted data into konghin.purchase.
2025-04-04 00:06:57,867 - INFO - Query: INSERT INTO konghin.purchase (pur_id, pur_slm_id, pur_gold_cost, pur_labor_cost, pur_method, pur_official_invoice, pur_date, pur_billing_date, pur_weight, pur_invoice_no, pur_code, pur_payment_status) VALUES ('PUR_100052','SLM_100007', '232.21', '0', 'CASH', '1', '2022-01-01 00:00:00', '2022-01-01 00:00:00', '0', null, '0122SLG', 'PAID'),('PUR_100053','SLM_100015', '229.34', '0', 'CASH', '1', '2022-01-01 00:00:00', '2022-01-01 00:00:00', '0', null, '0122YF', 'PAID'),('PUR_100054','SLM_100018', '228.38', '0', 'CASH', '1', '2022-01-01 00:00:00', '2022-01-01 00:00:00', '0', null, '0122YM', 'PAID')
2025-04-04 00:06:57,883 - INFO - Next value of sequence pur_id_seq: 100055
2025-04-04 00:06:57,893 - INFO - Next value of sequence pur_id_seq: 100056
2025-04-04 00:06:57,902 - INFO - Next value of sequence pur_id_seq: 100057
2025-04-04 00:06:57,917 - INFO - Successfully inserted data into konghin.purchase.
2025-04-04 00:06:57,917 - INFO - Query: INSERT INTO konghin.purchase (pur_id, pur_slm_id, pur_gold_cost, pur_labor_cost, pur_method, pur_official_invoice, pur_date, pur_billing_date, pur_weight, pur_invoice_no, pur_code, pur_payment_status) VALUES ('PUR_100055','SLM_100010', '231.19', '0', 'CASH', '1', '2022-01-01 00:00:00', '2022-01-01 00:00:00', '0', null, '0122YX', 'PAID'),('PUR_100056','SLM_100021', '246.12', '0', 'CASH', '1', '2023-01-01 00:00:00', '2023-01-01 00:00:00', '0', null, '0123HJ', 'PAID'),('PUR_100057','SLM_100020', '247.06', '0', 'CASH', '1', '2023-01-01 00:00:00', '2023-01-01 00:00:00', '0', null, '0123JJT', 'PAID')
2025-04-04 00:06:57,933 - INFO - Next value of sequence pur_id_seq: 100058
2025-04-04 00:06:57,942 - INFO - Next value of sequence pur_id_seq: 100059
2025-04-04 00:06:57,953 - INFO - Next value of sequence pur_id_seq: 100060
2025-04-04 00:06:57,969 - INFO - Successfully inserted data into konghin.purchase.
2025-04-04 00:06:57,969 - INFO - Query: INSERT INTO konghin.purchase (pur_id, pur_slm_id, pur_gold_cost, pur_labor_cost, pur_method, pur_official_invoice, pur_date, pur_billing_date, pur_weight, pur_invoice_no, pur_code, pur_payment_status) VALUES ('PUR_100058','SLM_100019', '243.78', '0', 'CASH', '1', '2023-01-01 00:00:00', '2023-01-01 00:00:00', '0', null, '0123LUX', 'PAID'),('PUR_100059','SLM_100022', '248.34', '0', 'CASH', '1', '2023-01-01 00:00:00', '2023-01-01 00:00:00', '0', null, '0123RB', 'PAID'),('PUR_100060','SLM_100007', '246.41', '0', 'CASH', '1', '2023-01-01 00:00:00', '2023-01-01 00:00:00', '0', null, '0123SLG', 'PAID')
2025-04-04 00:06:57,984 - INFO - Next value of sequence pur_id_seq: 100061
2025-04-04 00:06:57,993 - INFO - Next value of sequence pur_id_seq: 100062
2025-04-04 00:06:58,002 - INFO - Next value of sequence pur_id_seq: 100063
2025-04-04 00:06:58,018 - INFO - Successfully inserted data into konghin.purchase.
2025-04-04 00:06:58,018 - INFO - Query: INSERT INTO konghin.purchase (pur_id, pur_slm_id, pur_gold_cost, pur_labor_cost, pur_method, pur_official_invoice, pur_date, pur_billing_date, pur_weight, pur_invoice_no, pur_code, pur_payment_status) VALUES ('PUR_100061','SLM_100018', '245.75', '0', 'CASH', '1', '2023-01-01 00:00:00', '2023-01-01 00:00:00', '0', null, '0123YM', 'PAID'),('PUR_100062','SLM_100023', '287.63', '0', 'CASH', '1', '2024-01-01 00:00:00', '2024-01-01 00:00:00', '0', null, '0124CJ', 'PAID'),('PUR_100063','SLM_100020', '289.0', '0', 'CASH', '1', '2024-01-01 00:00:00', '2024-01-01 00:00:00', '0', null, '0124JJT', 'PAID')
2025-04-04 00:06:58,033 - INFO - Next value of sequence pur_id_seq: 100064
2025-04-04 00:06:58,043 - INFO - Next value of sequence pur_id_seq: 100065
2025-04-04 00:06:58,053 - INFO - Next value of sequence pur_id_seq: 100066
2025-04-04 00:06:58,093 - INFO - Successfully inserted data into konghin.purchase.
2025-04-04 00:06:58,093 - INFO - Query: INSERT INTO konghin.purchase (pur_id, pur_slm_id, pur_gold_cost, pur_labor_cost, pur_method, pur_official_invoice, pur_date, pur_billing_date, pur_weight, pur_invoice_no, pur_code, pur_payment_status) VALUES ('PUR_100064','SLM_100024', '288.88', '0', 'CASH', '1', '2024-01-01 00:00:00', '2024-01-01 00:00:00', '0', null, '0124SF', 'PAID'),('PUR_100065','SLM_100007', '286.97', '0', 'CASH', '1', '2024-01-01 00:00:00', '2024-01-01 00:00:00', '0', null, '0124SLG', 'PAID'),('PUR_100066','SLM_100025', '286.29', '0', 'CASH', '1', '2024-01-01 00:00:00', '2024-01-01 00:00:00', '0', null, '0124TC', 'PAID')
2025-04-04 00:06:58,109 - INFO - Next value of sequence pur_id_seq: 100067
2025-04-04 00:06:58,118 - INFO - Next value of sequence pur_id_seq: 100068
2025-04-04 00:06:58,132 - INFO - Next value of sequence pur_id_seq: 100069
2025-04-04 00:06:58,176 - INFO - Successfully inserted data into konghin.purchase.
2025-04-04 00:06:58,176 - INFO - Query: INSERT INTO konghin.purchase (pur_id, pur_slm_id, pur_gold_cost, pur_labor_cost, pur_method, pur_official_invoice, pur_date, pur_billing_date, pur_weight, pur_invoice_no, pur_code, pur_payment_status) VALUES ('PUR_100067','SLM_100026', '284.62', '0', 'CASH', '1', '2024-01-01 00:00:00', '2024-01-01 00:00:00', '0', null, '0124WX', 'PAID'),('PUR_100068','SLM_100017', '289.76', '0', 'CASH', '1', '2024-01-01 00:00:00', '2024-01-01 00:00:00', '0', null, '0124XW', 'PAID'),('PUR_100069','SLM_100015', '287.75', '0', 'CASH', '1', '2024-01-01 00:00:00', '2024-01-01 00:00:00', '0', null, '0124YF', 'PAID')
2025-04-04 00:06:58,201 - INFO - Next value of sequence pur_id_seq: 100070
2025-04-04 00:06:58,209 - INFO - Next value of sequence pur_id_seq: 100071
2025-04-04 00:06:58,218 - INFO - Next value of sequence pur_id_seq: 100072
2025-04-04 00:06:58,235 - INFO - Successfully inserted data into konghin.purchase.
2025-04-04 00:06:58,235 - INFO - Query: INSERT INTO konghin.purchase (pur_id, pur_slm_id, pur_gold_cost, pur_labor_cost, pur_method, pur_official_invoice, pur_date, pur_billing_date, pur_weight, pur_invoice_no, pur_code, pur_payment_status) VALUES ('PUR_100070','SLM_100010', '289.39', '0', 'CASH', '1', '2024-01-01 00:00:00', '2024-01-01 00:00:00', '0', null, '0124YX', 'PAID'),('PUR_100071','SLM_100027', '358.4', '0', 'CASH', '1', '2025-01-01 00:00:00', '2025-01-01 00:00:00', '0', null, '0125CJ7', 'PAID'),('PUR_100072','SLM_100020', '359.95', '0', 'CASH', '1', '2025-01-01 00:00:00', '2025-01-01 00:00:00', '0', null, '0125JJT', 'PAID')
2025-04-04 00:06:58,252 - INFO - Next value of sequence pur_id_seq: 100073
2025-04-04 00:06:58,263 - INFO - Next value of sequence pur_id_seq: 100074
2025-04-04 00:06:58,272 - INFO - Next value of sequence pur_id_seq: 100075
2025-04-04 00:06:58,287 - INFO - Successfully inserted data into konghin.purchase.
2025-04-04 00:06:58,288 - INFO - Query: INSERT INTO konghin.purchase (pur_id, pur_slm_id, pur_gold_cost, pur_labor_cost, pur_method, pur_official_invoice, pur_date, pur_billing_date, pur_weight, pur_invoice_no, pur_code, pur_payment_status) VALUES ('PUR_100073','SLM_100007', '368.46', '0', 'CASH', '1', '2025-01-01 00:00:00', '2025-01-01 00:00:00', '0', null, '0125SLG', 'PAID'),('PUR_100074','SLM_100018', '362.71', '0', 'CASH', '1', '2025-01-01 00:00:00', '2025-01-01 00:00:00', '0', null, '0125YM', 'PAID'),('PUR_100075','SLM_100010', '367.76', '0', 'CASH', '1', '2025-01-01 00:00:00', '2025-01-01 00:00:00', '0', null, '0125YX', 'PAID')
2025-04-04 00:06:58,301 - INFO - Next value of sequence pur_id_seq: 100076
2025-04-04 00:06:58,309 - INFO - Next value of sequence pur_id_seq: 100077
2025-04-04 00:06:58,318 - INFO - Next value of sequence pur_id_seq: 100078
2025-04-04 00:06:58,333 - INFO - Successfully inserted data into konghin.purchase.
2025-04-04 00:06:58,333 - INFO - Query: INSERT INTO konghin.purchase (pur_id, pur_slm_id, pur_gold_cost, pur_labor_cost, pur_method, pur_official_invoice, pur_date, pur_billing_date, pur_weight, pur_invoice_no, pur_code, pur_payment_status) VALUES ('PUR_100076','SLM_100015', '189.71', '0', 'CASH', '1', '1991-01-01 00:00:00', '1991-01-01 00:00:00', '0', null, '0191YF', 'PAID'),('PUR_100077','SLM_100008', '127.0', '0', 'CASH', '1', '2011-02-01 00:00:00', '2011-02-01 00:00:00', '0', null, '0211MH', 'PAID'),('PUR_100078','SLM_100007', '125.5', '0', 'CASH', '1', '2011-02-01 00:00:00', '2011-02-01 00:00:00', '0', null, '0211SLG', 'PAID')
2025-04-04 00:06:58,347 - INFO - Next value of sequence pur_id_seq: 100079
2025-04-04 00:06:58,355 - INFO - Next value of sequence pur_id_seq: 100080
2025-04-04 00:06:58,364 - INFO - Next value of sequence pur_id_seq: 100081
2025-04-04 00:06:58,378 - INFO - Successfully inserted data into konghin.purchase.
2025-04-04 00:06:58,378 - INFO - Query: INSERT INTO konghin.purchase (pur_id, pur_slm_id, pur_gold_cost, pur_labor_cost, pur_method, pur_official_invoice, pur_date, pur_billing_date, pur_weight, pur_invoice_no, pur_code, pur_payment_status) VALUES ('PUR_100079','SLM_100011', '153.5', '0', 'CASH', '1', '2012-02-01 00:00:00', '2012-02-01 00:00:00', '0', null, '0212GBT', 'PAID'),('PUR_100080','SLM_100028', '158.5', '0', 'CASH', '1', '2012-02-01 00:00:00', '2012-02-01 00:00:00', '0', null, '0212KJS', 'PAID'),('PUR_100081','SLM_100008', '159.5', '0', 'CASH', '1', '2012-02-01 00:00:00', '2012-02-01 00:00:00', '0', null, '0212MH', 'PAID')
2025-04-04 00:06:58,394 - INFO - Next value of sequence pur_id_seq: 100082
2025-04-04 00:06:58,402 - INFO - Next value of sequence pur_id_seq: 100083
2025-04-04 00:06:58,411 - INFO - Next value of sequence pur_id_seq: 100084
2025-04-04 00:06:58,427 - INFO - Successfully inserted data into konghin.purchase.
2025-04-04 00:06:58,427 - INFO - Query: INSERT INTO konghin.purchase (pur_id, pur_slm_id, pur_gold_cost, pur_labor_cost, pur_method, pur_official_invoice, pur_date, pur_billing_date, pur_weight, pur_invoice_no, pur_code, pur_payment_status) VALUES ('PUR_100082','SLM_100009', '161.0', '0', 'CASH', '1', '2012-02-01 00:00:00', '2012-02-01 00:00:00', '0', null, '0212SH', 'PAID'),('PUR_100083','SLM_100007', '162.0', '0', 'CASH', '1', '2012-02-01 00:00:00', '2012-02-01 00:00:00', '0', null, '0212SLG', 'PAID'),('PUR_100084','SLM_100010', '162.5', '0', 'CASH', '1', '2012-02-01 00:00:00', '2012-02-01 00:00:00', '0', null, '0212YX', 'PAID')
2025-04-04 00:06:58,443 - INFO - Next value of sequence pur_id_seq: 100085
2025-04-04 00:06:58,452 - INFO - Next value of sequence pur_id_seq: 100086
2025-04-04 00:06:58,462 - INFO - Next value of sequence pur_id_seq: 100087
2025-04-04 00:06:58,479 - INFO - Successfully inserted data into konghin.purchase.
2025-04-04 00:06:58,479 - INFO - Query: INSERT INTO konghin.purchase (pur_id, pur_slm_id, pur_gold_cost, pur_labor_cost, pur_method, pur_official_invoice, pur_date, pur_billing_date, pur_weight, pur_invoice_no, pur_code, pur_payment_status) VALUES ('PUR_100085','SLM_100029', '132.5', '0', 'CASH', '1', '2014-02-01 00:00:00', '2014-02-01 00:00:00', '0', null, '0214KP', 'PAID'),('PUR_100086','SLM_100012', '127.0', '0', 'CASH', '1', '2014-02-01 00:00:00', '2014-02-01 00:00:00', '0', null, '0214MGI', 'PAID'),('PUR_100087','SLM_100007', '131.5', '0', 'CASH', '1', '2014-02-01 00:00:00', '2014-02-01 00:00:00', '0', null, '0214SLG', 'PAID')
2025-04-04 00:06:58,493 - INFO - Next value of sequence pur_id_seq: 100088
2025-04-04 00:06:58,504 - INFO - Next value of sequence pur_id_seq: 100089
2025-04-04 00:06:58,513 - INFO - Next value of sequence pur_id_seq: 100090
2025-04-04 00:06:58,530 - INFO - Successfully inserted data into konghin.purchase.
2025-04-04 00:06:58,530 - INFO - Query: INSERT INTO konghin.purchase (pur_id, pur_slm_id, pur_gold_cost, pur_labor_cost, pur_method, pur_official_invoice, pur_date, pur_billing_date, pur_weight, pur_invoice_no, pur_code, pur_payment_status) VALUES ('PUR_100088','SLM_100010', '132.0', '0', 'CASH', '1', '2014-02-01 00:00:00', '2014-02-01 00:00:00', '0', null, '0214YX', 'PAID'),('PUR_100089','SLM_100013', '136.5', '0', 'CASH', '1', '2015-02-01 00:00:00', '2015-02-01 00:00:00', '0', null, '0215DE', 'PAID'),('PUR_100090','SLM_100012', '137.0', '0', 'CASH', '1', '2015-02-01 00:00:00', '2015-02-01 00:00:00', '0', null, '0215MGI', 'PAID')
2025-04-04 00:06:58,547 - INFO - Next value of sequence pur_id_seq: 100091
2025-04-04 00:06:58,557 - INFO - Next value of sequence pur_id_seq: 100092
2025-04-04 00:06:58,566 - INFO - Next value of sequence pur_id_seq: 100093
2025-04-04 00:06:58,584 - INFO - Successfully inserted data into konghin.purchase.
2025-04-04 00:06:58,584 - INFO - Query: INSERT INTO konghin.purchase (pur_id, pur_slm_id, pur_gold_cost, pur_labor_cost, pur_method, pur_official_invoice, pur_date, pur_billing_date, pur_weight, pur_invoice_no, pur_code, pur_payment_status) VALUES ('PUR_100091','SLM_100007', '136.8', '0', 'CASH', '1', '2015-02-01 00:00:00', '2015-02-01 00:00:00', '0', null, '0215SLG', 'PAID'),('PUR_100092','SLM_100013', '143.7', '0', 'CASH', '1', '2016-02-01 00:00:00', '2016-02-01 00:00:00', '0', null, '0216DE', 'PAID'),('PUR_100093','SLM_100011', '158.7', '0', 'CASH', '1', '2016-02-01 00:00:00', '2016-02-01 00:00:00', '0', null, '0216GBT', 'PAID')
2025-04-04 00:06:58,597 - INFO - Next value of sequence pur_id_seq: 100094
2025-04-04 00:06:58,606 - INFO - Next value of sequence pur_id_seq: 100095
2025-04-04 00:06:58,615 - INFO - Next value of sequence pur_id_seq: 100096
2025-04-04 00:06:58,632 - INFO - Successfully inserted data into konghin.purchase.
2025-04-04 00:06:58,632 - INFO - Query: INSERT INTO konghin.purchase (pur_id, pur_slm_id, pur_gold_cost, pur_labor_cost, pur_method, pur_official_invoice, pur_date, pur_billing_date, pur_weight, pur_invoice_no, pur_code, pur_payment_status) VALUES ('PUR_100094','SLM_100012', '157.9', '0', 'CASH', '1', '2016-02-01 00:00:00', '2016-02-01 00:00:00', '0', null, '0216MGI', 'PAID'),('PUR_100095','SLM_100007', '144.8', '0', 'CASH', '1', '2016-02-01 00:00:00', '2016-02-01 00:00:00', '0', null, '0216SLG', 'PAID'),('PUR_100096','SLM_100012', '166.2', '0', 'CASH', '1', '2017-02-01 00:00:00', '2017-02-01 00:00:00', '0', null, '0217MGI', 'PAID')
2025-04-04 00:06:58,648 - INFO - Next value of sequence pur_id_seq: 100097
2025-04-04 00:06:58,661 - INFO - Next value of sequence pur_id_seq: 100098
2025-04-04 00:06:58,671 - INFO - Next value of sequence pur_id_seq: 100099
2025-04-04 00:06:58,689 - INFO - Successfully inserted data into konghin.purchase.
2025-04-04 00:06:58,689 - INFO - Query: INSERT INTO konghin.purchase (pur_id, pur_slm_id, pur_gold_cost, pur_labor_cost, pur_method, pur_official_invoice, pur_date, pur_billing_date, pur_weight, pur_invoice_no, pur_code, pur_payment_status) VALUES ('PUR_100097','SLM_100007', '165.4', '0', 'CASH', '1', '2017-02-01 00:00:00', '2017-02-01 00:00:00', '0', null, '0217SLG', 'PAID'),('PUR_100098','SLM_100007', '160.0', '0', 'CASH', '1', '2018-02-01 00:00:00', '2018-02-01 00:00:00', '0', null, '0218SLG', 'PAID'),('PUR_100099','SLM_100018', '157.8', '0', 'CASH', '1', '2018-02-01 00:00:00', '2018-02-01 00:00:00', '0', null, '0218YM', 'PAID')
2025-04-04 00:06:58,705 - INFO - Next value of sequence pur_id_seq: 100100
2025-04-04 00:06:58,714 - INFO - Next value of sequence pur_id_seq: 100101
2025-04-04 00:06:58,723 - INFO - Next value of sequence pur_id_seq: 100102
2025-04-04 00:06:58,738 - INFO - Successfully inserted data into konghin.purchase.
2025-04-04 00:06:58,738 - INFO - Query: INSERT INTO konghin.purchase (pur_id, pur_slm_id, pur_gold_cost, pur_labor_cost, pur_method, pur_official_invoice, pur_date, pur_billing_date, pur_weight, pur_invoice_no, pur_code, pur_payment_status) VALUES ('PUR_100100','SLM_100030', '162.8', '0', 'CASH', '1', '2019-02-01 00:00:00', '2019-02-01 00:00:00', '0', null, '0219KF', 'PAID'),('PUR_100101','SLM_100007', '162.18', '0', 'CASH', '1', '2019-02-01 00:00:00', '2019-02-01 00:00:00', '0', null, '0219SLG', 'PAID'),('PUR_100102','SLM_100017', '164.72', '0', 'CASH', '1', '2019-02-01 00:00:00', '2019-02-01 00:00:00', '0', null, '0219XW', 'PAID')
2025-04-04 00:06:58,754 - INFO - Next value of sequence pur_id_seq: 100103
2025-04-04 00:06:58,763 - INFO - Next value of sequence pur_id_seq: 100104
2025-04-04 00:06:58,772 - INFO - Next value of sequence pur_id_seq: 100105
2025-04-04 00:06:58,788 - INFO - Successfully inserted data into konghin.purchase.
2025-04-04 00:06:58,789 - INFO - Query: INSERT INTO konghin.purchase (pur_id, pur_slm_id, pur_gold_cost, pur_labor_cost, pur_method, pur_official_invoice, pur_date, pur_billing_date, pur_weight, pur_invoice_no, pur_code, pur_payment_status) VALUES ('PUR_100103','SLM_100018', '165.3', '0', 'CASH', '1', '2019-02-01 00:00:00', '2019-02-01 00:00:00', '0', null, '0219YM', 'PAID'),('PUR_100104','SLM_100031', '210.07', '0', 'CASH', '1', '2020-02-01 00:00:00', '2020-02-01 00:00:00', '0', null, '0220MK', 'PAID'),('PUR_100105','SLM_100007', '198.25', '0', 'CASH', '1', '2020-02-01 00:00:00', '2020-02-01 00:00:00', '0', null, '0220SLG', 'PAID')
2025-04-04 00:06:58,808 - INFO - Next value of sequence pur_id_seq: 100106
2025-04-04 00:06:58,817 - INFO - Next value of sequence pur_id_seq: 100107
2025-04-04 00:06:58,828 - INFO - Next value of sequence pur_id_seq: 100108
2025-04-04 00:06:58,845 - INFO - Successfully inserted data into konghin.purchase.
2025-04-04 00:06:58,846 - INFO - Query: INSERT INTO konghin.purchase (pur_id, pur_slm_id, pur_gold_cost, pur_labor_cost, pur_method, pur_official_invoice, pur_date, pur_billing_date, pur_weight, pur_invoice_no, pur_code, pur_payment_status) VALUES ('PUR_100106','SLM_100017', '209.76', '0', 'CASH', '1', '2020-02-01 00:00:00', '2020-02-01 00:00:00', '0', null, '0220XW', 'PAID'),('PUR_100107','SLM_100018', '203.8', '0', 'CASH', '1', '2020-02-01 00:00:00', '2020-02-01 00:00:00', '0', null, '0220YM', 'PAID'),('PUR_100108','SLM_100007', '219.4', '0', 'CASH', '1', '2021-02-01 00:00:00', '2021-02-01 00:00:00', '0', null, '0221SLG', 'PAID')
2025-04-04 00:06:58,859 - INFO - Next value of sequence pur_id_seq: 100109
2025-04-04 00:06:58,869 - INFO - Next value of sequence pur_id_seq: 100110
2025-04-04 00:06:58,878 - INFO - Next value of sequence pur_id_seq: 100111
2025-04-04 00:06:58,901 - INFO - Successfully inserted data into konghin.purchase.
2025-04-04 00:06:58,901 - INFO - Query: INSERT INTO konghin.purchase (pur_id, pur_slm_id, pur_gold_cost, pur_labor_cost, pur_method, pur_official_invoice, pur_date, pur_billing_date, pur_weight, pur_invoice_no, pur_code, pur_payment_status) VALUES ('PUR_100109','SLM_100018', '223.28', '0', 'CASH', '1', '2021-02-01 00:00:00', '2021-02-01 00:00:00', '0', null, '0221YM', 'PAID'),('PUR_100110','SLM_100020', '234.39', '0', 'CASH', '1', '2022-02-01 00:00:00', '2022-02-01 00:00:00', '0', null, '0222JJT', 'PAID'),('PUR_100111','SLM_100032', '238.87', '0', 'CASH', '1', '2022-02-01 00:00:00', '2022-02-01 00:00:00', '0', null, '0222OT', 'PAID')
2025-04-04 00:06:58,917 - INFO - Next value of sequence pur_id_seq: 100112
2025-04-04 00:06:58,927 - INFO - Next value of sequence pur_id_seq: 100113
2025-04-04 00:06:58,939 - INFO - Next value of sequence pur_id_seq: 100114
2025-04-04 00:06:58,958 - INFO - Successfully inserted data into konghin.purchase.
2025-04-04 00:06:58,958 - INFO - Query: INSERT INTO konghin.purchase (pur_id, pur_slm_id, pur_gold_cost, pur_labor_cost, pur_method, pur_official_invoice, pur_date, pur_billing_date, pur_weight, pur_invoice_no, pur_code, pur_payment_status) VALUES ('PUR_100112','SLM_100007', '233.41', '0', 'CASH', '1', '2022-02-01 00:00:00', '2022-02-01 00:00:00', '0', null, '0222SLG', 'PAID'),('PUR_100113','SLM_100033', '234.67', '0', 'CASH', '1', '2022-02-01 00:00:00', '2022-02-01 00:00:00', '0', null, '0222YK', 'PAID'),('PUR_100114','SLM_100018', '231.84', '0', 'CASH', '1', '2022-02-01 00:00:00', '2022-02-01 00:00:00', '0', null, '0222YM', 'PAID')
2025-04-04 00:06:58,975 - INFO - Next value of sequence pur_id_seq: 100115
2025-04-04 00:06:58,986 - INFO - Next value of sequence pur_id_seq: 100116
2025-04-04 00:06:58,995 - INFO - Next value of sequence pur_id_seq: 100117
2025-04-04 00:06:59,011 - INFO - Successfully inserted data into konghin.purchase.
2025-04-04 00:06:59,011 - INFO - Query: INSERT INTO konghin.purchase (pur_id, pur_slm_id, pur_gold_cost, pur_labor_cost, pur_method, pur_official_invoice, pur_date, pur_billing_date, pur_weight, pur_invoice_no, pur_code, pur_payment_status) VALUES ('PUR_100115','SLM_100010', '240.02', '0', 'CASH', '1', '2022-02-01 00:00:00', '2022-02-01 00:00:00', '0', null, '0222YX', 'PAID'),('PUR_100116','SLM_100020', '239.51', '0', 'CASH', '1', '2023-02-01 00:00:00', '2023-02-01 00:00:00', '0', null, '0223JJT', 'PAID'),('PUR_100117','SLM_100034', '244.21', '0', 'CASH', '1', '2023-02-01 00:00:00', '2023-02-01 00:00:00', '0', null, '0223JS', 'PAID')
2025-04-04 00:06:59,026 - INFO - Next value of sequence pur_id_seq: 100118
2025-04-04 00:06:59,036 - INFO - Next value of sequence pur_id_seq: 100119
2025-04-04 00:06:59,048 - INFO - Next value of sequence pur_id_seq: 100120
2025-04-04 00:06:59,064 - INFO - Successfully inserted data into konghin.purchase.
2025-04-04 00:06:59,065 - INFO - Query: INSERT INTO konghin.purchase (pur_id, pur_slm_id, pur_gold_cost, pur_labor_cost, pur_method, pur_official_invoice, pur_date, pur_billing_date, pur_weight, pur_invoice_no, pur_code, pur_payment_status) VALUES ('PUR_100118','SLM_100022', '248.07', '0', 'CASH', '1', '2023-02-01 00:00:00', '2023-02-01 00:00:00', '0', null, '0223RB', 'PAID'),('PUR_100119','SLM_100007', '249.04', '0', 'CASH', '1', '2023-02-01 00:00:00', '2023-02-01 00:00:00', '0', null, '0223SLG', 'PAID'),('PUR_100120','SLM_100017', '244.29', '0', 'CASH', '1', '2023-02-01 00:00:00', '2023-02-01 00:00:00', '0', null, '0223XW', 'PAID')
2025-04-04 00:06:59,082 - INFO - Next value of sequence pur_id_seq: 100121
2025-04-04 00:06:59,094 - INFO - Next value of sequence pur_id_seq: 100122
2025-04-04 00:06:59,106 - INFO - Next value of sequence pur_id_seq: 100123
2025-04-04 00:06:59,124 - INFO - Successfully inserted data into konghin.purchase.
2025-04-04 00:06:59,124 - INFO - Query: INSERT INTO konghin.purchase (pur_id, pur_slm_id, pur_gold_cost, pur_labor_cost, pur_method, pur_official_invoice, pur_date, pur_billing_date, pur_weight, pur_invoice_no, pur_code, pur_payment_status) VALUES ('PUR_100121','SLM_100015', '244.44', '0', 'CASH', '1', '2023-02-01 00:00:00', '2023-02-01 00:00:00', '0', null, '0223YF', 'PAID'),('PUR_100122','SLM_100018', '246.61', '0', 'CASH', '1', '2023-02-01 00:00:00', '2023-02-01 00:00:00', '0', null, '0223YM', 'PAID'),('PUR_100123','SLM_100010', '242.88', '0', 'CASH', '1', '2023-02-01 00:00:00', '2023-02-01 00:00:00', '0', null, '0223YX', 'PAID')
2025-04-04 00:06:59,139 - INFO - Next value of sequence pur_id_seq: 100124
2025-04-04 00:06:59,148 - INFO - Next value of sequence pur_id_seq: 100125
2025-04-04 00:06:59,158 - INFO - Next value of sequence pur_id_seq: 100126
2025-04-04 00:06:59,173 - INFO - Successfully inserted data into konghin.purchase.
2025-04-04 00:06:59,174 - INFO - Query: INSERT INTO konghin.purchase (pur_id, pur_slm_id, pur_gold_cost, pur_labor_cost, pur_method, pur_official_invoice, pur_date, pur_billing_date, pur_weight, pur_invoice_no, pur_code, pur_payment_status) VALUES ('PUR_100124','SLM_100023', '291.66', '0', 'CASH', '1', '2024-02-01 00:00:00', '2024-02-01 00:00:00', '0', null, '0224CJ', 'PAID'),('PUR_100125','SLM_100020', '292.47', '0', 'CASH', '1', '2024-02-01 00:00:00', '2024-02-01 00:00:00', '0', null, '0224JJT', 'PAID'),('PUR_100126','SLM_100007', '294.81', '0', 'CASH', '1', '2024-02-01 00:00:00', '2024-02-01 00:00:00', '0', null, '0224SLG', 'PAID')
2025-04-04 00:06:59,188 - INFO - Next value of sequence pur_id_seq: 100127
2025-04-04 00:06:59,199 - INFO - Next value of sequence pur_id_seq: 100128
2025-04-04 00:06:59,208 - INFO - Next value of sequence pur_id_seq: 100129
2025-04-04 00:06:59,227 - INFO - Successfully inserted data into konghin.purchase.
2025-04-04 00:06:59,227 - INFO - Query: INSERT INTO konghin.purchase (pur_id, pur_slm_id, pur_gold_cost, pur_labor_cost, pur_method, pur_official_invoice, pur_date, pur_billing_date, pur_weight, pur_invoice_no, pur_code, pur_payment_status) VALUES ('PUR_100127','SLM_100018', '293.52', '0', 'CASH', '1', '2024-02-01 00:00:00', '2024-02-01 00:00:00', '0', null, '0224YM', 'PAID'),('PUR_100128','SLM_100023', '384.54', '0', 'CASH', '1', '2025-02-01 00:00:00', '2025-02-01 00:00:00', '0', null, '0225CJ', 'PAID'),('PUR_100129','SLM_100020', '390.97', '0', 'CASH', '1', '2025-02-01 00:00:00', '2025-02-01 00:00:00', '0', null, '0225JJT', 'PAID')
2025-04-04 00:06:59,243 - INFO - Next value of sequence pur_id_seq: 100130
2025-04-04 00:06:59,252 - INFO - Next value of sequence pur_id_seq: 100131
2025-04-04 00:06:59,261 - INFO - Next value of sequence pur_id_seq: 100132
2025-04-04 00:06:59,276 - INFO - Successfully inserted data into konghin.purchase.
2025-04-04 00:06:59,276 - INFO - Query: INSERT INTO konghin.purchase (pur_id, pur_slm_id, pur_gold_cost, pur_labor_cost, pur_method, pur_official_invoice, pur_date, pur_billing_date, pur_weight, pur_invoice_no, pur_code, pur_payment_status) VALUES ('PUR_100130','SLM_100019', '394.28', '0', 'CASH', '1', '2025-02-01 00:00:00', '2025-02-01 00:00:00', '0', null, '0225LUX', 'PAID'),('PUR_100131','SLM_100007', '390.18', '0', 'CASH', '1', '2025-02-01 00:00:00', '2025-02-01 00:00:00', '0', null, '0225SLG', 'PAID'),('PUR_100132','SLM_100017', '389.81', '0', 'CASH', '1', '2025-02-01 00:00:00', '2025-02-01 00:00:00', '0', null, '0225XW', 'PAID')
2025-04-04 00:06:59,293 - INFO - Next value of sequence pur_id_seq: 100133
2025-04-04 00:06:59,301 - INFO - Next value of sequence pur_id_seq: 100134
2025-04-04 00:06:59,311 - INFO - Next value of sequence pur_id_seq: 100135
2025-04-04 00:06:59,328 - INFO - Successfully inserted data into konghin.purchase.
2025-04-04 00:06:59,328 - INFO - Query: INSERT INTO konghin.purchase (pur_id, pur_slm_id, pur_gold_cost, pur_labor_cost, pur_method, pur_official_invoice, pur_date, pur_billing_date, pur_weight, pur_invoice_no, pur_code, pur_payment_status) VALUES ('PUR_100133','SLM_100018', '382.56', '0', 'CASH', '1', '2025-02-01 00:00:00', '2025-02-01 00:00:00', '0', null, '0225YM', 'PAID'),('PUR_100134','SLM_100010', '390.15', '0', 'CASH', '1', '2025-02-01 00:00:00', '2025-02-01 00:00:00', '0', null, '0225YX', 'PAID'),('PUR_100135','SLM_100011', '131.5', '0', 'CASH', '1', '2011-03-01 00:00:00', '2011-03-01 00:00:00', '0', null, '0311GBT', 'PAID')
2025-04-04 00:06:59,343 - INFO - Next value of sequence pur_id_seq: 100136
2025-04-04 00:06:59,352 - INFO - Next value of sequence pur_id_seq: 100137
2025-04-04 00:06:59,361 - INFO - Next value of sequence pur_id_seq: 100138
2025-04-04 00:06:59,392 - INFO - Successfully inserted data into konghin.purchase.
2025-04-04 00:06:59,392 - INFO - Query: INSERT INTO konghin.purchase (pur_id, pur_slm_id, pur_gold_cost, pur_labor_cost, pur_method, pur_official_invoice, pur_date, pur_billing_date, pur_weight, pur_invoice_no, pur_code, pur_payment_status) VALUES ('PUR_100136','SLM_100006', '130.5', '0', 'CASH', '1', '2011-03-01 00:00:00', '2011-03-01 00:00:00', '0', null, '0311MG', 'PAID'),('PUR_100137','SLM_100009', '131.0', '0', 'CASH', '1', '2011-03-01 00:00:00', '2011-03-01 00:00:00', '0', null, '0311SH', 'PAID'),('PUR_100138','SLM_100007', '132.5', '0', 'CASH', '1', '2011-03-01 00:00:00', '2011-03-01 00:00:00', '0', null, '0311SLG', 'PAID')
2025-04-04 00:06:59,407 - INFO - Next value of sequence pur_id_seq: 100139
2025-04-04 00:06:59,416 - INFO - Next value of sequence pur_id_seq: 100140
2025-04-04 00:06:59,424 - INFO - Next value of sequence pur_id_seq: 100141
2025-04-04 00:06:59,439 - INFO - Successfully inserted data into konghin.purchase.
2025-04-04 00:06:59,440 - INFO - Query: INSERT INTO konghin.purchase (pur_id, pur_slm_id, pur_gold_cost, pur_labor_cost, pur_method, pur_official_invoice, pur_date, pur_billing_date, pur_weight, pur_invoice_no, pur_code, pur_payment_status) VALUES ('PUR_100139','SLM_100006', '154.0', '0', 'CASH', '1', '2012-03-01 00:00:00', '2012-03-01 00:00:00', '0', null, '0312MG', 'PAID'),('PUR_100140','SLM_100008', '153.5', '0', 'CASH', '1', '2012-03-01 00:00:00', '2012-03-01 00:00:00', '0', null, '0312MH', 'PAID'),('PUR_100141','SLM_100009', '158.5', '0', 'CASH', '1', '2012-03-01 00:00:00', '2012-03-01 00:00:00', '0', null, '0312SH', 'PAID')
2025-04-04 00:06:59,454 - INFO - Next value of sequence pur_id_seq: 100142
2025-04-04 00:06:59,464 - INFO - Next value of sequence pur_id_seq: 100143
2025-04-04 00:06:59,472 - INFO - Next value of sequence pur_id_seq: 100144
2025-04-04 00:06:59,491 - INFO - Successfully inserted data into konghin.purchase.
2025-04-04 00:06:59,491 - INFO - Query: INSERT INTO konghin.purchase (pur_id, pur_slm_id, pur_gold_cost, pur_labor_cost, pur_method, pur_official_invoice, pur_date, pur_billing_date, pur_weight, pur_invoice_no, pur_code, pur_payment_status) VALUES ('PUR_100142','SLM_100007', '157.5', '0', 'CASH', '1', '2012-03-01 00:00:00', '2012-03-01 00:00:00', '0', null, '0312SLG', 'PAID'),('PUR_100143','SLM_100010', '156.5', '0', 'CASH', '1', '2012-03-01 00:00:00', '2012-03-01 00:00:00', '0', null, '0312YX', 'PAID'),('PUR_100144','SLM_100011', '151.0', '0', 'CASH', '1', '2013-03-01 00:00:00', '2013-03-01 00:00:00', '0', null, '0313GBT', 'PAID')
2025-04-04 00:06:59,508 - INFO - Next value of sequence pur_id_seq: 100145
2025-04-04 00:06:59,518 - INFO - Next value of sequence pur_id_seq: 100146
2025-04-04 00:06:59,526 - INFO - Next value of sequence pur_id_seq: 100147
2025-04-04 00:06:59,541 - INFO - Successfully inserted data into konghin.purchase.
2025-04-04 00:06:59,541 - INFO - Query: INSERT INTO konghin.purchase (pur_id, pur_slm_id, pur_gold_cost, pur_labor_cost, pur_method, pur_official_invoice, pur_date, pur_billing_date, pur_weight, pur_invoice_no, pur_code, pur_payment_status) VALUES ('PUR_100145','SLM_100007', '150.5', '0', 'CASH', '1', '2013-03-01 00:00:00', '2013-03-01 00:00:00', '0', null, '0313SLG', 'PAID'),('PUR_100146','SLM_100011', '136.8', '0', 'CASH', '1', '2014-03-01 00:00:00', '2014-03-01 00:00:00', '0', null, '0314GBT', 'PAID'),('PUR_100147','SLM_100035', '132.7', '0', 'CASH', '1', '2014-03-01 00:00:00', '2014-03-01 00:00:00', '0', null, '0314GC', 'PAID')
2025-04-04 00:06:59,556 - INFO - Next value of sequence pur_id_seq: 100148
2025-04-04 00:06:59,565 - INFO - Next value of sequence pur_id_seq: 100149
2025-04-04 00:06:59,574 - INFO - Next value of sequence pur_id_seq: 100150
2025-04-04 00:06:59,592 - INFO - Successfully inserted data into konghin.purchase.
2025-04-04 00:06:59,593 - INFO - Query: INSERT INTO konghin.purchase (pur_id, pur_slm_id, pur_gold_cost, pur_labor_cost, pur_method, pur_official_invoice, pur_date, pur_billing_date, pur_weight, pur_invoice_no, pur_code, pur_payment_status) VALUES ('PUR_100148','SLM_100029', '134.1', '0', 'CASH', '1', '2014-03-01 00:00:00', '2014-03-01 00:00:00', '0', null, '0314KP', 'PAID'),('PUR_100149','SLM_100012', '136.8', '0', 'CASH', '1', '2014-03-01 00:00:00', '2014-03-01 00:00:00', '0', null, '0314MGI', 'PAID'),('PUR_100150','SLM_100007', '134.5', '0', 'CASH', '1', '2014-03-01 00:00:00', '2014-03-01 00:00:00', '0', null, '0314SLG', 'PAID')
2025-04-04 00:06:59,608 - INFO - Next value of sequence pur_id_seq: 100151
2025-04-04 00:06:59,617 - INFO - Next value of sequence pur_id_seq: 100152
2025-04-04 00:06:59,627 - INFO - Next value of sequence pur_id_seq: 100153
2025-04-04 00:06:59,645 - INFO - Successfully inserted data into konghin.purchase.
2025-04-04 00:06:59,645 - INFO - Query: INSERT INTO konghin.purchase (pur_id, pur_slm_id, pur_gold_cost, pur_labor_cost, pur_method, pur_official_invoice, pur_date, pur_billing_date, pur_weight, pur_invoice_no, pur_code, pur_payment_status) VALUES ('PUR_100151','SLM_100010', '135.2', '0', 'CASH', '1', '2014-03-01 00:00:00', '2014-03-01 00:00:00', '0', null, '0314YX', 'PAID'),('PUR_100152','SLM_100013', '133.4', '0', 'CASH', '1', '2015-03-01 00:00:00', '2015-03-01 00:00:00', '0', null, '0315DE', 'PAID'),('PUR_100153','SLM_100014', '129.1', '0', 'CASH', '1', '2015-03-01 00:00:00', '2015-03-01 00:00:00', '0', null, '0315FS', 'PAID')
2025-04-04 00:06:59,661 - INFO - Next value of sequence pur_id_seq: 100154
2025-04-04 00:06:59,670 - INFO - Next value of sequence pur_id_seq: 100155
2025-04-04 00:06:59,680 - INFO - Next value of sequence pur_id_seq: 100156
2025-04-04 00:06:59,701 - INFO - Successfully inserted data into konghin.purchase.
2025-04-04 00:06:59,701 - INFO - Query: INSERT INTO konghin.purchase (pur_id, pur_slm_id, pur_gold_cost, pur_labor_cost, pur_method, pur_official_invoice, pur_date, pur_billing_date, pur_weight, pur_invoice_no, pur_code, pur_payment_status) VALUES ('PUR_100154','SLM_100007', '130.2', '0', 'CASH', '1', '2015-03-01 00:00:00', '2015-03-01 00:00:00', '0', null, '0315SLG', 'PAID'),('PUR_100155','SLM_100010', '133.5', '0', 'CASH', '1', '2015-03-01 00:00:00', '2015-03-01 00:00:00', '0', null, '0315YX', 'PAID'),('PUR_100156','SLM_100036', '157.6', '0', 'CASH', '1', '2016-03-01 00:00:00', '2016-03-01 00:00:00', '0', null, '0316JF', 'PAID')
2025-04-04 00:06:59,721 - INFO - Next value of sequence pur_id_seq: 100157
2025-04-04 00:06:59,731 - INFO - Next value of sequence pur_id_seq: 100158
2025-04-04 00:06:59,741 - INFO - Next value of sequence pur_id_seq: 100159
2025-04-04 00:06:59,756 - INFO - Successfully inserted data into konghin.purchase.
2025-04-04 00:06:59,756 - INFO - Query: INSERT INTO konghin.purchase (pur_id, pur_slm_id, pur_gold_cost, pur_labor_cost, pur_method, pur_official_invoice, pur_date, pur_billing_date, pur_weight, pur_invoice_no, pur_code, pur_payment_status) VALUES ('PUR_100157','SLM_100037', '149.2', '0', 'CASH', '1', '2016-03-01 00:00:00', '2016-03-01 00:00:00', '0', null, '0316JX', 'PAID'),('PUR_100158','SLM_100012', '152.2', '0', 'CASH', '1', '2016-03-01 00:00:00', '2016-03-01 00:00:00', '0', null, '0316MGI', 'PAID'),('PUR_100159','SLM_100007', '158.2', '0', 'CASH', '1', '2016-03-01 00:00:00', '2016-03-01 00:00:00', '0', null, '0316SLG', 'PAID')
2025-04-04 00:06:59,772 - INFO - Next value of sequence pur_id_seq: 100160
2025-04-04 00:06:59,781 - INFO - Next value of sequence pur_id_seq: 100161
2025-04-04 00:06:59,790 - INFO - Next value of sequence pur_id_seq: 100162
2025-04-04 00:06:59,809 - INFO - Successfully inserted data into konghin.purchase.
2025-04-04 00:06:59,809 - INFO - Query: INSERT INTO konghin.purchase (pur_id, pur_slm_id, pur_gold_cost, pur_labor_cost, pur_method, pur_official_invoice, pur_date, pur_billing_date, pur_weight, pur_invoice_no, pur_code, pur_payment_status) VALUES ('PUR_100160','SLM_100015', '153.9', '0', 'CASH', '1', '2016-03-01 00:00:00', '2016-03-01 00:00:00', '0', null, '0316YF', 'PAID'),('PUR_100161','SLM_100013', '166.6', '0', 'CASH', '1', '2017-03-01 00:00:00', '2017-03-01 00:00:00', '0', null, '0317DE', 'PAID'),('PUR_100162','SLM_100011', '162.2', '0', 'CASH', '1', '2017-03-01 00:00:00', '2017-03-01 00:00:00', '0', null, '0317GBT', 'PAID')
2025-04-04 00:06:59,825 - INFO - Next value of sequence pur_id_seq: 100163
2025-04-04 00:06:59,835 - INFO - Next value of sequence pur_id_seq: 100164
2025-04-04 00:06:59,845 - INFO - Next value of sequence pur_id_seq: 100165
2025-04-04 00:06:59,862 - INFO - Successfully inserted data into konghin.purchase.
2025-04-04 00:06:59,862 - INFO - Query: INSERT INTO konghin.purchase (pur_id, pur_slm_id, pur_gold_cost, pur_labor_cost, pur_method, pur_official_invoice, pur_date, pur_billing_date, pur_weight, pur_invoice_no, pur_code, pur_payment_status) VALUES ('PUR_100163','SLM_100016', '164.3', '0', 'CASH', '1', '2017-03-01 00:00:00', '2017-03-01 00:00:00', '0', null, '0317HL', 'PAID'),('PUR_100164','SLM_100038', '162.4', '0', 'CASH', '1', '2017-03-01 00:00:00', '2017-03-01 00:00:00', '0', null, '0317KDB', 'PAID'),('PUR_100165','SLM_100007', '169.1', '0', 'CASH', '1', '2017-03-01 00:00:00', '2017-03-01 00:00:00', '0', null, '0317SLG', 'PAID')
2025-04-04 00:06:59,881 - INFO - Next value of sequence pur_id_seq: 100166
2025-04-04 00:06:59,889 - INFO - Next value of sequence pur_id_seq: 100167
2025-04-04 00:06:59,900 - INFO - Next value of sequence pur_id_seq: 100168
2025-04-04 00:06:59,916 - INFO - Successfully inserted data into konghin.purchase.
2025-04-04 00:06:59,916 - INFO - Query: INSERT INTO konghin.purchase (pur_id, pur_slm_id, pur_gold_cost, pur_labor_cost, pur_method, pur_official_invoice, pur_date, pur_billing_date, pur_weight, pur_invoice_no, pur_code, pur_payment_status) VALUES ('PUR_100166','SLM_100017', '161.4', '0', 'CASH', '1', '2017-03-01 00:00:00', '2017-03-01 00:00:00', '0', null, '0317XW', 'PAID'),('PUR_100167','SLM_100010', '167.1', '0', 'CASH', '1', '2017-03-01 00:00:00', '2017-03-01 00:00:00', '0', null, '0317YX', 'PAID'),('PUR_100168','SLM_100013', '158.0', '0', 'CASH', '1', '2018-03-01 00:00:00', '2018-03-01 00:00:00', '0', null, '0318DE', 'PAID')
2025-04-04 00:06:59,931 - INFO - Next value of sequence pur_id_seq: 100169
2025-04-04 00:06:59,942 - INFO - Next value of sequence pur_id_seq: 100170
2025-04-04 00:06:59,956 - INFO - Next value of sequence pur_id_seq: 100171
2025-04-04 00:06:59,975 - INFO - Successfully inserted data into konghin.purchase.
2025-04-04 00:06:59,975 - INFO - Query: INSERT INTO konghin.purchase (pur_id, pur_slm_id, pur_gold_cost, pur_labor_cost, pur_method, pur_official_invoice, pur_date, pur_billing_date, pur_weight, pur_invoice_no, pur_code, pur_payment_status) VALUES ('PUR_100169','SLM_100007', '158.4', '0', 'CASH', '1', '2018-03-01 00:00:00', '2018-03-01 00:00:00', '0', null, '0318SLG', 'PAID'),('PUR_100170','SLM_100017', '156.1', '0', 'CASH', '1', '2018-03-01 00:00:00', '2018-03-01 00:00:00', '0', null, '0318XW', 'PAID'),('PUR_100171','SLM_100018', '156.5', '0', 'CASH', '1', '2018-03-01 00:00:00', '2018-03-01 00:00:00', '0', null, '0318YM', 'PAID')
2025-04-04 00:06:59,991 - INFO - Next value of sequence pur_id_seq: 100172
2025-04-04 00:06:59,999 - INFO - Next value of sequence pur_id_seq: 100173
2025-04-04 00:07:00,009 - INFO - Next value of sequence pur_id_seq: 100174
2025-04-04 00:07:00,024 - INFO - Successfully inserted data into konghin.purchase.
2025-04-04 00:07:00,024 - INFO - Query: INSERT INTO konghin.purchase (pur_id, pur_slm_id, pur_gold_cost, pur_labor_cost, pur_method, pur_official_invoice, pur_date, pur_billing_date, pur_weight, pur_invoice_no, pur_code, pur_payment_status) VALUES ('PUR_100172','SLM_100031', '159.11', '0', 'CASH', '1', '2019-03-01 00:00:00', '2019-03-01 00:00:00', '0', null, '0319MK', 'PAID'),('PUR_100173','SLM_100007', '162.05', '0', 'CASH', '1', '2019-03-01 00:00:00', '2019-03-01 00:00:00', '0', null, '0319SLG', 'PAID'),('PUR_100174','SLM_100018', '161.15', '0', 'CASH', '1', '2019-03-01 00:00:00', '2019-03-01 00:00:00', '0', null, '0319YM', 'PAID')
2025-04-04 00:07:00,038 - INFO - Next value of sequence pur_id_seq: 100175
2025-04-04 00:07:00,048 - INFO - Next value of sequence pur_id_seq: 100176
2025-04-04 00:07:00,057 - INFO - Next value of sequence pur_id_seq: 100177
2025-04-04 00:07:00,076 - INFO - Successfully inserted data into konghin.purchase.
2025-04-04 00:07:00,076 - INFO - Query: INSERT INTO konghin.purchase (pur_id, pur_slm_id, pur_gold_cost, pur_labor_cost, pur_method, pur_official_invoice, pur_date, pur_billing_date, pur_weight, pur_invoice_no, pur_code, pur_payment_status) VALUES ('PUR_100175','SLM_100010', '161.05', '0', 'CASH', '1', '2019-03-01 00:00:00', '2019-03-01 00:00:00', '0', null, '0319YX', 'PAID'),('PUR_100176','SLM_100039', '199.08', '0', 'CASH', '1', '2020-03-01 00:00:00', '2020-03-01 00:00:00', '0', null, '0320RG', 'PAID'),('PUR_100177','SLM_100007', '197.6', '0', 'CASH', '1', '2020-03-01 00:00:00', '2020-03-01 00:00:00', '0', null, '0320SLG', 'PAID')
2025-04-04 00:07:00,093 - INFO - Next value of sequence pur_id_seq: 100178
2025-04-04 00:07:00,102 - INFO - Next value of sequence pur_id_seq: 100179
2025-04-04 00:07:00,110 - INFO - Next value of sequence pur_id_seq: 100180
2025-04-04 00:07:00,126 - INFO - Successfully inserted data into konghin.purchase.
2025-04-04 00:07:00,126 - INFO - Query: INSERT INTO konghin.purchase (pur_id, pur_slm_id, pur_gold_cost, pur_labor_cost, pur_method, pur_official_invoice, pur_date, pur_billing_date, pur_weight, pur_invoice_no, pur_code, pur_payment_status) VALUES ('PUR_100178','SLM_100018', '205.37', '0', 'CASH', '1', '2020-03-01 00:00:00', '2020-03-01 00:00:00', '0', null, '0320YM', 'PAID'),('PUR_100179','SLM_100010', '211.79', '0', 'CASH', '1', '2020-03-01 00:00:00', '2020-03-01 00:00:00', '0', null, '0320YX', 'PAID'),('PUR_100180','SLM_100020', '215.84', '0', 'CASH', '1', '2021-03-01 00:00:00', '2021-03-01 00:00:00', '0', null, '0321JJT', 'PAID')
2025-04-04 00:07:00,140 - INFO - Next value of sequence pur_id_seq: 100181
2025-04-04 00:07:00,149 - INFO - Next value of sequence pur_id_seq: 100182
2025-04-04 00:07:00,158 - INFO - Next value of sequence pur_id_seq: 100183
2025-04-04 00:07:00,175 - INFO - Successfully inserted data into konghin.purchase.
2025-04-04 00:07:00,176 - INFO - Query: INSERT INTO konghin.purchase (pur_id, pur_slm_id, pur_gold_cost, pur_labor_cost, pur_method, pur_official_invoice, pur_date, pur_billing_date, pur_weight, pur_invoice_no, pur_code, pur_payment_status) VALUES ('PUR_100181','SLM_100007', '214.5', '0', 'CASH', '1', '2021-03-01 00:00:00', '2021-03-01 00:00:00', '0', null, '0321SLG', 'PAID'),('PUR_100182','SLM_100017', '215.39', '0', 'CASH', '1', '2021-03-01 00:00:00', '2021-03-01 00:00:00', '0', null, '0321XW', 'PAID'),('PUR_100183','SLM_100018', '217.27', '0', 'CASH', '1', '2021-03-01 00:00:00', '2021-03-01 00:00:00', '0', null, '0321YM', 'PAID')
2025-04-04 00:07:00,195 - INFO - Next value of sequence pur_id_seq: 100184
2025-04-04 00:07:00,203 - INFO - Next value of sequence pur_id_seq: 100185
2025-04-04 00:07:00,212 - INFO - Next value of sequence pur_id_seq: 100186
2025-04-04 00:07:00,229 - INFO - Successfully inserted data into konghin.purchase.
2025-04-04 00:07:00,229 - INFO - Query: INSERT INTO konghin.purchase (pur_id, pur_slm_id, pur_gold_cost, pur_labor_cost, pur_method, pur_official_invoice, pur_date, pur_billing_date, pur_weight, pur_invoice_no, pur_code, pur_payment_status) VALUES ('PUR_100184','SLM_100010', '213.03', '0', 'CASH', '1', '2021-03-01 00:00:00', '2021-03-01 00:00:00', '0', null, '0321YX', 'PAID'),('PUR_100185','SLM_100020', '246.04', '0', 'CASH', '1', '2022-03-01 00:00:00', '2022-03-01 00:00:00', '0', null, '0322JJT', 'PAID'),('PUR_100186','SLM_100019', '244.75', '0', 'CASH', '1', '2022-03-01 00:00:00', '2022-03-01 00:00:00', '0', null, '0322LUX', 'PAID')
2025-04-04 00:07:00,245 - INFO - Next value of sequence pur_id_seq: 100187
2025-04-04 00:07:00,254 - INFO - Next value of sequence pur_id_seq: 100188
2025-04-04 00:07:00,262 - INFO - Next value of sequence pur_id_seq: 100189
2025-04-04 00:07:00,277 - INFO - Successfully inserted data into konghin.purchase.
2025-04-04 00:07:00,277 - INFO - Query: INSERT INTO konghin.purchase (pur_id, pur_slm_id, pur_gold_cost, pur_labor_cost, pur_method, pur_official_invoice, pur_date, pur_billing_date, pur_weight, pur_invoice_no, pur_code, pur_payment_status) VALUES ('PUR_100187','SLM_100007', '244.6', '0', 'CASH', '1', '2022-03-01 00:00:00', '2022-03-01 00:00:00', '0', null, '0322SLG', 'PAID'),('PUR_100188','SLM_100017', '243.15', '0', 'CASH', '1', '2022-03-01 00:00:00', '2022-03-01 00:00:00', '0', null, '0322XW', 'PAID'),('PUR_100189','SLM_100015', '244.31', '0', 'CASH', '1', '2022-03-01 00:00:00', '2022-03-01 00:00:00', '0', null, '0322YF', 'PAID')
2025-04-04 00:07:00,293 - INFO - Next value of sequence pur_id_seq: 100190
2025-04-04 00:07:00,302 - INFO - Next value of sequence pur_id_seq: 100191
2025-04-04 00:07:00,311 - INFO - Next value of sequence pur_id_seq: 100192
2025-04-04 00:07:00,329 - INFO - Successfully inserted data into konghin.purchase.
2025-04-04 00:07:00,330 - INFO - Query: INSERT INTO konghin.purchase (pur_id, pur_slm_id, pur_gold_cost, pur_labor_cost, pur_method, pur_official_invoice, pur_date, pur_billing_date, pur_weight, pur_invoice_no, pur_code, pur_payment_status) VALUES ('PUR_100190','SLM_100018', '245.12', '0', 'CASH', '1', '2022-03-01 00:00:00', '2022-03-01 00:00:00', '0', null, '0322YM', 'PAID'),('PUR_100191','SLM_100020', '261.63', '0', 'CASH', '1', '2023-03-01 00:00:00', '2023-03-01 00:00:00', '0', null, '0323JJT', 'PAID'),('PUR_100192','SLM_100019', '265.77', '0', 'CASH', '1', '2023-03-01 00:00:00', '2023-03-01 00:00:00', '0', null, '0323LUX', 'PAID')
2025-04-04 00:07:00,345 - INFO - Next value of sequence pur_id_seq: 100193
2025-04-04 00:07:00,355 - INFO - Next value of sequence pur_id_seq: 100194
2025-04-04 00:07:00,364 - INFO - Next value of sequence pur_id_seq: 100195
2025-04-04 00:07:00,379 - INFO - Successfully inserted data into konghin.purchase.
2025-04-04 00:07:00,379 - INFO - Query: INSERT INTO konghin.purchase (pur_id, pur_slm_id, pur_gold_cost, pur_labor_cost, pur_method, pur_official_invoice, pur_date, pur_billing_date, pur_weight, pur_invoice_no, pur_code, pur_payment_status) VALUES ('PUR_100193','SLM_100022', '262.22', '0', 'CASH', '1', '2023-03-01 00:00:00', '2023-03-01 00:00:00', '0', null, '0323RB', 'PAID'),('PUR_100194','SLM_100007', '252.6', '0', 'CASH', '1', '2023-03-01 00:00:00', '2023-03-01 00:00:00', '0', null, '0323SLG', 'PAID'),('PUR_100195','SLM_100025', '247.13', '0', 'CASH', '1', '2023-03-01 00:00:00', '2023-03-01 00:00:00', '0', null, '0323TC', 'PAID')
2025-04-04 00:07:00,400 - INFO - Next value of sequence pur_id_seq: 100196
2025-04-04 00:07:00,409 - INFO - Next value of sequence pur_id_seq: 100197
2025-04-04 00:07:00,418 - INFO - Next value of sequence pur_id_seq: 100198
2025-04-04 00:07:00,435 - INFO - Successfully inserted data into konghin.purchase.
2025-04-04 00:07:00,436 - INFO - Query: INSERT INTO konghin.purchase (pur_id, pur_slm_id, pur_gold_cost, pur_labor_cost, pur_method, pur_official_invoice, pur_date, pur_billing_date, pur_weight, pur_invoice_no, pur_code, pur_payment_status) VALUES ('PUR_100196','SLM_100017', '261.11', '0', 'CASH', '1', '2023-03-01 00:00:00', '2023-03-01 00:00:00', '0', null, '0323XW', 'PAID'),('PUR_100197','SLM_100015', '259.85', '0', 'CASH', '1', '2023-03-01 00:00:00', '2023-03-01 00:00:00', '0', null, '0323YF', 'PAID'),('PUR_100198','SLM_100018', '248.3', '0', 'CASH', '1', '2023-03-01 00:00:00', '2023-03-01 00:00:00', '0', null, '0323YM', 'PAID')
2025-04-04 00:07:00,449 - INFO - Next value of sequence pur_id_seq: 100199
2025-04-04 00:07:00,460 - INFO - Next value of sequence pur_id_seq: 100200
2025-04-04 00:07:00,470 - INFO - Next value of sequence pur_id_seq: 100201
2025-04-04 00:07:00,487 - INFO - Successfully inserted data into konghin.purchase.
2025-04-04 00:07:00,487 - INFO - Query: INSERT INTO konghin.purchase (pur_id, pur_slm_id, pur_gold_cost, pur_labor_cost, pur_method, pur_official_invoice, pur_date, pur_billing_date, pur_weight, pur_invoice_no, pur_code, pur_payment_status) VALUES ('PUR_100199','SLM_100020', '309.89', '0', 'CASH', '1', '2024-03-01 00:00:00', '2024-03-01 00:00:00', '0', null, '0324JJT', 'PAID'),('PUR_100200','SLM_100019', '313.07', '0', 'CASH', '1', '2024-03-01 00:00:00', '2024-03-01 00:00:00', '0', null, '0324LUX', 'PAID'),('PUR_100201','SLM_100022', '313.72', '0', 'CASH', '1', '2024-03-01 00:00:00', '2024-03-01 00:00:00', '0', null, '0324RB', 'PAID')
2025-04-04 00:07:00,503 - INFO - Next value of sequence pur_id_seq: 100202
2025-04-04 00:07:00,513 - INFO - Next value of sequence pur_id_seq: 100203
2025-04-04 00:07:00,524 - INFO - Next value of sequence pur_id_seq: 100204
2025-04-04 00:07:00,541 - INFO - Successfully inserted data into konghin.purchase.
2025-04-04 00:07:00,541 - INFO - Query: INSERT INTO konghin.purchase (pur_id, pur_slm_id, pur_gold_cost, pur_labor_cost, pur_method, pur_official_invoice, pur_date, pur_billing_date, pur_weight, pur_invoice_no, pur_code, pur_payment_status) VALUES ('PUR_100202','SLM_100007', '309.48', '0', 'CASH', '1', '2024-03-01 00:00:00', '2024-03-01 00:00:00', '0', null, '0324SLG', 'PAID'),('PUR_100203','SLM_100017', '313.72', '0', 'CASH', '1', '2024-03-01 00:00:00', '2024-03-01 00:00:00', '0', null, '0324XW', 'PAID'),('PUR_100204','SLM_100015', '305.74', '0', 'CASH', '1', '2024-03-01 00:00:00', '2024-03-01 00:00:00', '0', null, '0324YF', 'PAID')
2025-04-04 00:07:00,564 - INFO - Next value of sequence pur_id_seq: 100205
2025-04-04 00:07:00,575 - INFO - Next value of sequence pur_id_seq: 100206
2025-04-04 00:07:00,585 - INFO - Next value of sequence pur_id_seq: 100207
2025-04-04 00:07:00,602 - INFO - Successfully inserted data into konghin.purchase.
2025-04-04 00:07:00,602 - INFO - Query: INSERT INTO konghin.purchase (pur_id, pur_slm_id, pur_gold_cost, pur_labor_cost, pur_method, pur_official_invoice, pur_date, pur_billing_date, pur_weight, pur_invoice_no, pur_code, pur_payment_status) VALUES ('PUR_100205','SLM_100018', '307.98', '0', 'CASH', '1', '2024-03-01 00:00:00', '2024-03-01 00:00:00', '0', null, '0324YM', 'PAID'),('PUR_100206','SLM_100010', '307.4', '0', 'CASH', '1', '2024-03-01 00:00:00', '2024-03-01 00:00:00', '0', null, '0324YX', 'PAID'),('PUR_100207','SLM_100023', '384.54', '0', 'CASH', '1', '2025-03-01 00:00:00', '2025-03-01 00:00:00', '0', null, '0325CJ', 'PAID')
2025-04-04 00:07:00,619 - INFO - Next value of sequence pur_id_seq: 100208
2025-04-04 00:07:00,629 - INFO - Next value of sequence pur_id_seq: 100209
2025-04-04 00:07:00,641 - INFO - Next value of sequence pur_id_seq: 100210
2025-04-04 00:07:00,658 - INFO - Successfully inserted data into konghin.purchase.
2025-04-04 00:07:00,658 - INFO - Query: INSERT INTO konghin.purchase (pur_id, pur_slm_id, pur_gold_cost, pur_labor_cost, pur_method, pur_official_invoice, pur_date, pur_billing_date, pur_weight, pur_invoice_no, pur_code, pur_payment_status) VALUES ('PUR_100208','SLM_100020', '384.29', '0', 'CASH', '1', '2025-03-01 00:00:00', '2025-03-01 00:00:00', '0', null, '0325JJT', 'PAID'),('PUR_100209','SLM_100022', '388.87', '0', 'CASH', '1', '2025-03-01 00:00:00', '2025-03-01 00:00:00', '0', null, '0325RB', 'PAID'),('PUR_100210','SLM_100007', '407.98', '0', 'CASH', '1', '2025-03-01 00:00:00', '2025-03-01 00:00:00', '0', null, '0325SLG', 'PAID')
2025-04-04 00:07:00,674 - INFO - Next value of sequence pur_id_seq: 100211
2025-04-04 00:07:00,683 - INFO - Next value of sequence pur_id_seq: 100212
2025-04-04 00:07:00,693 - INFO - Next value of sequence pur_id_seq: 100213
2025-04-04 00:07:00,716 - INFO - Successfully inserted data into konghin.purchase.
2025-04-04 00:07:00,717 - INFO - Query: INSERT INTO konghin.purchase (pur_id, pur_slm_id, pur_gold_cost, pur_labor_cost, pur_method, pur_official_invoice, pur_date, pur_billing_date, pur_weight, pur_invoice_no, pur_code, pur_payment_status) VALUES ('PUR_100211','SLM_100017', '386.0', '0', 'CASH', '1', '2025-03-01 00:00:00', '2025-03-01 00:00:00', '0', null, '0325XW', 'PAID'),('PUR_100212','SLM_100018', '391.41', '0', 'CASH', '1', '2025-03-01 00:00:00', '2025-03-01 00:00:00', '0', null, '0325YM', 'PAID'),('PUR_100213','SLM_100011', '134.0', '0', 'CASH', '1', '2011-04-01 00:00:00', '2011-04-01 00:00:00', '0', null, '0411GBT', 'PAID')
2025-04-04 00:07:00,740 - INFO - Next value of sequence pur_id_seq: 100214
2025-04-04 00:07:00,749 - INFO - Next value of sequence pur_id_seq: 100215
2025-04-04 00:07:00,758 - INFO - Next value of sequence pur_id_seq: 100216
2025-04-04 00:07:00,775 - INFO - Successfully inserted data into konghin.purchase.
2025-04-04 00:07:00,775 - INFO - Query: INSERT INTO konghin.purchase (pur_id, pur_slm_id, pur_gold_cost, pur_labor_cost, pur_method, pur_official_invoice, pur_date, pur_billing_date, pur_weight, pur_invoice_no, pur_code, pur_payment_status) VALUES ('PUR_100214','SLM_100007', '134.5', '0', 'CASH', '1', '2011-04-01 00:00:00', '2011-04-01 00:00:00', '0', null, '0411SLG', 'PAID'),('PUR_100215','SLM_100007', '153.0', '0', 'CASH', '1', '2012-04-01 00:00:00', '2012-04-01 00:00:00', '0', null, '0412SLG', 'PAID'),('PUR_100216','SLM_100011', '136.5', '0', 'CASH', '1', '2013-04-01 00:00:00', '2013-04-01 00:00:00', '0', null, '0413GBT', 'PAID')
2025-04-04 00:07:00,790 - INFO - Next value of sequence pur_id_seq: 100217
2025-04-04 00:07:00,799 - INFO - Next value of sequence pur_id_seq: 100218
2025-04-04 00:07:00,809 - INFO - Next value of sequence pur_id_seq: 100219
2025-04-04 00:07:00,826 - INFO - Successfully inserted data into konghin.purchase.
2025-04-04 00:07:00,826 - INFO - Query: INSERT INTO konghin.purchase (pur_id, pur_slm_id, pur_gold_cost, pur_labor_cost, pur_method, pur_official_invoice, pur_date, pur_billing_date, pur_weight, pur_invoice_no, pur_code, pur_payment_status) VALUES ('PUR_100217','SLM_100035', '135.0', '0', 'CASH', '1', '2013-04-01 00:00:00', '2013-04-01 00:00:00', '0', null, '0413GC', 'PAID'),('PUR_100218','SLM_100008', '146.5', '0', 'CASH', '1', '2013-04-01 00:00:00', '2013-04-01 00:00:00', '0', null, '0413MH', 'PAID'),('PUR_100219','SLM_100009', '135.5', '0', 'CASH', '1', '2013-04-01 00:00:00', '2013-04-01 00:00:00', '0', null, '0413SH', 'PAID')
2025-04-04 00:07:00,857 - INFO - Next value of sequence pur_id_seq: 100220
2025-04-04 00:07:00,867 - INFO - Next value of sequence pur_id_seq: 100221
2025-04-04 00:07:00,877 - INFO - Next value of sequence pur_id_seq: 100222
2025-04-04 00:07:00,960 - INFO - Successfully inserted data into konghin.purchase.
2025-04-04 00:07:00,960 - INFO - Query: INSERT INTO konghin.purchase (pur_id, pur_slm_id, pur_gold_cost, pur_labor_cost, pur_method, pur_official_invoice, pur_date, pur_billing_date, pur_weight, pur_invoice_no, pur_code, pur_payment_status) VALUES ('PUR_100220','SLM_100007', '132.0', '0', 'CASH', '1', '2013-04-01 00:00:00', '2013-04-01 00:00:00', '0', null, '0413SLG', 'PAID'),('PUR_100221','SLM_100011', '129.6', '0', 'CASH', '1', '2014-04-01 00:00:00', '2014-04-01 00:00:00', '0', null, '0414GBT', 'PAID'),('PUR_100222','SLM_100035', '129.4', '0', 'CASH', '1', '2014-04-01 00:00:00', '2014-04-01 00:00:00', '0', null, '0414GC', 'PAID')
2025-04-04 00:07:00,977 - INFO - Next value of sequence pur_id_seq: 100223
2025-04-04 00:07:00,987 - INFO - Next value of sequence pur_id_seq: 100224
2025-04-04 00:07:00,995 - INFO - Next value of sequence pur_id_seq: 100225
2025-04-04 00:07:01,012 - INFO - Successfully inserted data into konghin.purchase.
2025-04-04 00:07:01,012 - INFO - Query: INSERT INTO konghin.purchase (pur_id, pur_slm_id, pur_gold_cost, pur_labor_cost, pur_method, pur_official_invoice, pur_date, pur_billing_date, pur_weight, pur_invoice_no, pur_code, pur_payment_status) VALUES ('PUR_100223','SLM_100029', '126.8', '0', 'CASH', '1', '2014-04-01 00:00:00', '2014-04-01 00:00:00', '0', null, '0414KP', 'PAID'),('PUR_100224','SLM_100040', '130.8', '0', 'CASH', '1', '2014-04-01 00:00:00', '2014-04-01 00:00:00', '0', null, '0414MGT', 'PAID'),('PUR_100225','SLM_100007', '128.0', '0', 'CASH', '1', '2014-04-01 00:00:00', '2014-04-01 00:00:00', '0', null, '0414SLG', 'PAID')
2025-04-04 00:07:01,030 - INFO - Next value of sequence pur_id_seq: 100226
2025-04-04 00:07:01,041 - INFO - Next value of sequence pur_id_seq: 100227
2025-04-04 00:07:01,055 - INFO - Next value of sequence pur_id_seq: 100228
2025-04-04 00:07:01,074 - INFO - Successfully inserted data into konghin.purchase.
2025-04-04 00:07:01,074 - INFO - Query: INSERT INTO konghin.purchase (pur_id, pur_slm_id, pur_gold_cost, pur_labor_cost, pur_method, pur_official_invoice, pur_date, pur_billing_date, pur_weight, pur_invoice_no, pur_code, pur_payment_status) VALUES ('PUR_100226','SLM_100010', '127.8', '0', 'CASH', '1', '2014-04-01 00:00:00', '2014-04-01 00:00:00', '0', null, '0414YX', 'PAID'),('PUR_100227','SLM_100013', '133.4', '0', 'CASH', '1', '2015-04-01 00:00:00', '2015-04-01 00:00:00', '0', null, '0415DE', 'PAID'),('PUR_100228','SLM_100014', '134.2', '0', 'CASH', '1', '2015-04-01 00:00:00', '2015-04-01 00:00:00', '0', null, '0415FS', 'PAID')
2025-04-04 00:07:01,093 - INFO - Next value of sequence pur_id_seq: 100229
2025-04-04 00:07:01,103 - INFO - Next value of sequence pur_id_seq: 100230
2025-04-04 00:07:01,113 - INFO - Next value of sequence pur_id_seq: 100231
2025-04-04 00:07:01,131 - INFO - Successfully inserted data into konghin.purchase.
2025-04-04 00:07:01,131 - INFO - Query: INSERT INTO konghin.purchase (pur_id, pur_slm_id, pur_gold_cost, pur_labor_cost, pur_method, pur_official_invoice, pur_date, pur_billing_date, pur_weight, pur_invoice_no, pur_code, pur_payment_status) VALUES ('PUR_100229','SLM_100011', '133.6', '0', 'CASH', '1', '2015-04-01 00:00:00', '2015-04-01 00:00:00', '0', null, '0415GBT', 'PAID'),('PUR_100230','SLM_100012', '133.6', '0', 'CASH', '1', '2015-04-01 00:00:00', '2015-04-01 00:00:00', '0', null, '0415MGI', 'PAID'),('PUR_100231','SLM_100007', '135.0', '0', 'CASH', '1', '2015-04-01 00:00:00', '2015-04-01 00:00:00', '0', null, '0415SLG', 'PAID')
2025-04-04 00:07:01,144 - INFO - Next value of sequence pur_id_seq: 100232
2025-04-04 00:07:01,155 - INFO - Next value of sequence pur_id_seq: 100233
2025-04-04 00:07:01,164 - INFO - Next value of sequence pur_id_seq: 100234
2025-04-04 00:07:01,181 - INFO - Successfully inserted data into konghin.purchase.
2025-04-04 00:07:01,181 - INFO - Query: INSERT INTO konghin.purchase (pur_id, pur_slm_id, pur_gold_cost, pur_labor_cost, pur_method, pur_official_invoice, pur_date, pur_billing_date, pur_weight, pur_invoice_no, pur_code, pur_payment_status) VALUES ('PUR_100232','SLM_100010', '133.5', '0', 'CASH', '1', '2015-04-01 00:00:00', '2015-04-01 00:00:00', '0', null, '0415YX', 'PAID'),('PUR_100233','SLM_100014', '145.25', '0', 'CASH', '1', '2016-04-01 00:00:00', '2016-04-01 00:00:00', '0', null, '0416FS', 'PAID'),('PUR_100234','SLM_100011', '147.2', '0', 'CASH', '1', '2016-04-01 00:00:00', '2016-04-01 00:00:00', '0', null, '0416GBT', 'PAID')
2025-04-04 00:07:01,198 - INFO - Next value of sequence pur_id_seq: 100235
2025-04-04 00:07:01,208 - INFO - Next value of sequence pur_id_seq: 100236
2025-04-04 00:07:01,219 - INFO - Next value of sequence pur_id_seq: 100237
2025-04-04 00:07:01,236 - INFO - Successfully inserted data into konghin.purchase.
2025-04-04 00:07:01,236 - INFO - Query: INSERT INTO konghin.purchase (pur_id, pur_slm_id, pur_gold_cost, pur_labor_cost, pur_method, pur_official_invoice, pur_date, pur_billing_date, pur_weight, pur_invoice_no, pur_code, pur_payment_status) VALUES ('PUR_100235','SLM_100041', '145.0', '0', 'CASH', '1', '2016-04-01 00:00:00', '2016-04-01 00:00:00', '0', null, '0416KLD', 'PAID'),('PUR_100236','SLM_100012', '146.5', '0', 'CASH', '1', '2016-04-01 00:00:00', '2016-04-01 00:00:00', '0', null, '0416MGI', 'PAID'),('PUR_100237','SLM_100007', '146.9', '0', 'CASH', '1', '2016-04-01 00:00:00', '2016-04-01 00:00:00', '0', null, '0416SLG', 'PAID')
2025-04-04 00:07:01,251 - INFO - Next value of sequence pur_id_seq: 100238
2025-04-04 00:07:01,259 - INFO - Next value of sequence pur_id_seq: 100239
2025-04-04 00:07:01,269 - INFO - Next value of sequence pur_id_seq: 100240
2025-04-04 00:07:01,285 - INFO - Successfully inserted data into konghin.purchase.
2025-04-04 00:07:01,285 - INFO - Query: INSERT INTO konghin.purchase (pur_id, pur_slm_id, pur_gold_cost, pur_labor_cost, pur_method, pur_official_invoice, pur_date, pur_billing_date, pur_weight, pur_invoice_no, pur_code, pur_payment_status) VALUES ('PUR_100238','SLM_100010', '146.5', '0', 'CASH', '1', '2016-04-01 00:00:00', '2016-04-01 00:00:00', '0', null, '0416YX', 'PAID'),('PUR_100239','SLM_100012', '170.7', '0', 'CASH', '1', '2017-04-01 00:00:00', '2017-04-01 00:00:00', '0', null, '0417MGI', 'PAID'),('PUR_100240','SLM_100007', '168.45', '0', 'CASH', '1', '2017-04-01 00:00:00', '2017-04-01 00:00:00', '0', null, '0417SLG', 'PAID')
2025-04-04 00:07:01,301 - INFO - Next value of sequence pur_id_seq: 100241
2025-04-04 00:07:01,312 - INFO - Next value of sequence pur_id_seq: 100242
2025-04-04 00:07:01,322 - INFO - Next value of sequence pur_id_seq: 100243
2025-04-04 00:07:01,341 - INFO - Successfully inserted data into konghin.purchase.
2025-04-04 00:07:01,341 - INFO - Query: INSERT INTO konghin.purchase (pur_id, pur_slm_id, pur_gold_cost, pur_labor_cost, pur_method, pur_official_invoice, pur_date, pur_billing_date, pur_weight, pur_invoice_no, pur_code, pur_payment_status) VALUES ('PUR_100241','SLM_100007', '156.6', '0', 'CASH', '1', '2018-04-01 00:00:00', '2018-04-01 00:00:00', '0', null, '0418SLG', 'PAID'),('PUR_100242','SLM_100042', '157.52', '0', 'CASH', '1', '2018-04-01 00:00:00', '2018-04-01 00:00:00', '0', null, '0418WK', 'PAID'),('PUR_100243','SLM_100015', '158.58', '0', 'CASH', '1', '2018-04-01 00:00:00', '2018-04-01 00:00:00', '0', null, '0418YF', 'PAID')
2025-04-04 00:07:01,360 - INFO - Next value of sequence pur_id_seq: 100244
2025-04-04 00:07:01,368 - INFO - Next value of sequence pur_id_seq: 100245
2025-04-04 00:07:01,378 - INFO - Next value of sequence pur_id_seq: 100246
2025-04-04 00:07:01,397 - INFO - Successfully inserted data into konghin.purchase.
2025-04-04 00:07:01,397 - INFO - Query: INSERT INTO konghin.purchase (pur_id, pur_slm_id, pur_gold_cost, pur_labor_cost, pur_method, pur_official_invoice, pur_date, pur_billing_date, pur_weight, pur_invoice_no, pur_code, pur_payment_status) VALUES ('PUR_100244','SLM_100018', '157.27', '0', 'CASH', '1', '2018-04-01 00:00:00', '2018-04-01 00:00:00', '0', null, '0418YM', 'PAID'),('PUR_100245','SLM_100010', '155.95', '0', 'CASH', '1', '2018-04-01 00:00:00', '2018-04-01 00:00:00', '0', null, '0418YX', 'PAID'),('PUR_100246','SLM_100043', '160.1', '0', 'CASH', '1', '2019-04-01 00:00:00', '2019-04-01 00:00:00', '0', null, '0419DC', 'PAID')
2025-04-04 00:07:01,413 - INFO - Next value of sequence pur_id_seq: 100247
2025-04-04 00:07:01,425 - INFO - Next value of sequence pur_id_seq: 100248
2025-04-04 00:07:01,434 - INFO - Next value of sequence pur_id_seq: 100249
2025-04-04 00:07:01,450 - INFO - Successfully inserted data into konghin.purchase.
2025-04-04 00:07:01,451 - INFO - Query: INSERT INTO konghin.purchase (pur_id, pur_slm_id, pur_gold_cost, pur_labor_cost, pur_method, pur_official_invoice, pur_date, pur_billing_date, pur_weight, pur_invoice_no, pur_code, pur_payment_status) VALUES ('PUR_100247','SLM_100007', '162.68', '0', 'CASH', '1', '2019-04-01 00:00:00', '2019-04-01 00:00:00', '0', null, '0419SLG', 'PAID'),('PUR_100248','SLM_100015', '159.8', '0', 'CASH', '1', '2019-04-01 00:00:00', '2019-04-01 00:00:00', '0', null, '0419YF', 'PAID'),('PUR_100249','SLM_100018', '159.95', '0', 'CASH', '1', '2019-04-01 00:00:00', '2019-04-01 00:00:00', '0', null, '0419YM', 'PAID')
2025-04-04 00:07:01,468 - INFO - Next value of sequence pur_id_seq: 100250
2025-04-04 00:07:01,477 - INFO - Next value of sequence pur_id_seq: 100251
2025-04-04 00:07:01,486 - INFO - Next value of sequence pur_id_seq: 100252
2025-04-04 00:07:01,505 - INFO - Successfully inserted data into konghin.purchase.
2025-04-04 00:07:01,505 - INFO - Query: INSERT INTO konghin.purchase (pur_id, pur_slm_id, pur_gold_cost, pur_labor_cost, pur_method, pur_official_invoice, pur_date, pur_billing_date, pur_weight, pur_invoice_no, pur_code, pur_payment_status) VALUES ('PUR_100250','SLM_100007', '221.19', '0', 'CASH', '1', '2021-04-01 00:00:00', '2021-04-01 00:00:00', '0', null, '0421SLG', 'PAID'),('PUR_100251','SLM_100015', '218.7', '0', 'CASH', '1', '2021-04-01 00:00:00', '2021-04-01 00:00:00', '0', null, '0421YF', 'PAID'),('PUR_100252','SLM_100018', '218.88', '0', 'CASH', '1', '2021-04-01 00:00:00', '2021-04-01 00:00:00', '0', null, '0421YM', 'PAID')
2025-04-04 00:07:01,524 - INFO - Next value of sequence pur_id_seq: 100253
2025-04-04 00:07:01,534 - INFO - Next value of sequence pur_id_seq: 100254
2025-04-04 00:07:01,546 - INFO - Next value of sequence pur_id_seq: 100255
2025-04-04 00:07:01,564 - INFO - Successfully inserted data into konghin.purchase.
2025-04-04 00:07:01,564 - INFO - Query: INSERT INTO konghin.purchase (pur_id, pur_slm_id, pur_gold_cost, pur_labor_cost, pur_method, pur_official_invoice, pur_date, pur_billing_date, pur_weight, pur_invoice_no, pur_code, pur_payment_status) VALUES ('PUR_100253','SLM_100010', '216.39', '0', 'CASH', '1', '2021-04-01 00:00:00', '2021-04-01 00:00:00', '0', null, '0421YX', 'PAID'),('PUR_100254','SLM_100020', '244.34', '0', 'CASH', '1', '2022-04-01 00:00:00', '2022-04-01 00:00:00', '0', null, '0422JJT', 'PAID'),('PUR_100255','SLM_100007', '248.39', '0', 'CASH', '1', '2022-04-01 00:00:00', '2022-04-01 00:00:00', '0', null, '0422SLG', 'PAID')
2025-04-04 00:07:01,583 - INFO - Next value of sequence pur_id_seq: 100256
2025-04-04 00:07:01,594 - INFO - Next value of sequence pur_id_seq: 100257
2025-04-04 00:07:01,603 - INFO - Next value of sequence pur_id_seq: 100258
2025-04-04 00:07:01,626 - INFO - Successfully inserted data into konghin.purchase.
2025-04-04 00:07:01,627 - INFO - Query: INSERT INTO konghin.purchase (pur_id, pur_slm_id, pur_gold_cost, pur_labor_cost, pur_method, pur_official_invoice, pur_date, pur_billing_date, pur_weight, pur_invoice_no, pur_code, pur_payment_status) VALUES ('PUR_100256','SLM_100025', '249.75', '0', 'CASH', '1', '2022-04-01 00:00:00', '2022-04-01 00:00:00', '0', null, '0422TC', 'PAID'),('PUR_100257','SLM_100018', '252.85', '0', 'CASH', '1', '2022-04-01 00:00:00', '2022-04-01 00:00:00', '0', null, '0422YM', 'PAID'),('PUR_100258','SLM_100010', '245.75', '0', 'CASH', '1', '2022-04-01 00:00:00', '2022-04-01 00:00:00', '0', null, '0422YX', 'PAID')
2025-04-04 00:07:01,642 - INFO - Next value of sequence pur_id_seq: 100259
2025-04-04 00:07:01,651 - INFO - Next value of sequence pur_id_seq: 100260
2025-04-04 00:07:01,660 - INFO - Next value of sequence pur_id_seq: 100261
2025-04-04 00:07:01,677 - INFO - Successfully inserted data into konghin.purchase.
2025-04-04 00:07:01,678 - INFO - Query: INSERT INTO konghin.purchase (pur_id, pur_slm_id, pur_gold_cost, pur_labor_cost, pur_method, pur_official_invoice, pur_date, pur_billing_date, pur_weight, pur_invoice_no, pur_code, pur_payment_status) VALUES ('PUR_100259','SLM_100020', '266.1', '0', 'CASH', '1', '2023-04-01 00:00:00', '2023-04-01 00:00:00', '0', null, '0423JJT', 'PAID'),('PUR_100260','SLM_100007', '272.63', '0', 'CASH', '1', '2023-04-01 00:00:00', '2023-04-01 00:00:00', '0', null, '0423SLG', 'PAID'),('PUR_100261','SLM_100025', '268.52', '0', 'CASH', '1', '2023-04-01 00:00:00', '2023-04-01 00:00:00', '0', null, '0423TC', 'PAID')
2025-04-04 00:07:01,693 - INFO - Next value of sequence pur_id_seq: 100262
2025-04-04 00:07:01,706 - INFO - Next value of sequence pur_id_seq: 100263
2025-04-04 00:07:01,720 - INFO - Next value of sequence pur_id_seq: 100264
2025-04-04 00:07:01,736 - INFO - Successfully inserted data into konghin.purchase.
2025-04-04 00:07:01,736 - INFO - Query: INSERT INTO konghin.purchase (pur_id, pur_slm_id, pur_gold_cost, pur_labor_cost, pur_method, pur_official_invoice, pur_date, pur_billing_date, pur_weight, pur_invoice_no, pur_code, pur_payment_status) VALUES ('PUR_100262','SLM_100018', '267.84', '0', 'CASH', '1', '2023-04-01 00:00:00', '2023-04-01 00:00:00', '0', null, '0423YM', 'PAID'),('PUR_100263','SLM_100023', '342.2', '0', 'CASH', '1', '2024-04-01 00:00:00', '2024-04-01 00:00:00', '0', null, '0424CJ', 'PAID'),('PUR_100264','SLM_100020', '341.92', '0', 'CASH', '1', '2024-04-01 00:00:00', '2024-04-01 00:00:00', '0', null, '0424JJT', 'PAID')
2025-04-04 00:07:01,776 - INFO - Next value of sequence pur_id_seq: 100265
2025-04-04 00:07:01,786 - INFO - Next value of sequence pur_id_seq: 100266
2025-04-04 00:07:01,796 - INFO - Next value of sequence pur_id_seq: 100267
2025-04-04 00:07:01,813 - INFO - Successfully inserted data into konghin.purchase.
2025-04-04 00:07:01,813 - INFO - Query: INSERT INTO konghin.purchase (pur_id, pur_slm_id, pur_gold_cost, pur_labor_cost, pur_method, pur_official_invoice, pur_date, pur_billing_date, pur_weight, pur_invoice_no, pur_code, pur_payment_status) VALUES ('PUR_100265','SLM_100024', '335.76', '0', 'CASH', '1', '2024-04-01 00:00:00', '2024-04-01 00:00:00', '0', null, '0424SF', 'PAID'),('PUR_100266','SLM_100007', '347.74', '0', 'CASH', '1', '2024-04-01 00:00:00', '2024-04-01 00:00:00', '0', null, '0424SLG', 'PAID'),('PUR_100267','SLM_100018', '345.83', '0', 'CASH', '1', '2024-04-01 00:00:00', '2024-04-01 00:00:00', '0', null, '0424YM', 'PAID')
2025-04-04 00:07:01,830 - INFO - Next value of sequence pur_id_seq: 100268
2025-04-04 00:07:01,839 - INFO - Next value of sequence pur_id_seq: 100269
2025-04-04 00:07:01,848 - INFO - Next value of sequence pur_id_seq: 100270
2025-04-04 00:07:01,863 - INFO - Successfully inserted data into konghin.purchase.
2025-04-04 00:07:01,863 - INFO - Query: INSERT INTO konghin.purchase (pur_id, pur_slm_id, pur_gold_cost, pur_labor_cost, pur_method, pur_official_invoice, pur_date, pur_billing_date, pur_weight, pur_invoice_no, pur_code, pur_payment_status) VALUES ('PUR_100268','SLM_100006', '136.5', '0', 'CASH', '1', '2011-05-01 00:00:00', '2011-05-01 00:00:00', '0', null, '0511MG', 'PAID'),('PUR_100269','SLM_100007', '139.5', '0', 'CASH', '1', '2011-05-01 00:00:00', '2011-05-01 00:00:00', '0', null, '0511SLG', 'PAID'),('PUR_100270','SLM_100010', '139.0', '0', 'CASH', '1', '2011-05-01 00:00:00', '2011-05-01 00:00:00', '0', null, '0511YX', 'PAID')
2025-04-04 00:07:01,881 - INFO - Next value of sequence pur_id_seq: 100271
2025-04-04 00:07:01,908 - INFO - Next value of sequence pur_id_seq: 100272
2025-04-04 00:07:01,967 - INFO - Next value of sequence pur_id_seq: 100273
2025-04-04 00:07:01,988 - INFO - Successfully inserted data into konghin.purchase.
2025-04-04 00:07:01,988 - INFO - Query: INSERT INTO konghin.purchase (pur_id, pur_slm_id, pur_gold_cost, pur_labor_cost, pur_method, pur_official_invoice, pur_date, pur_billing_date, pur_weight, pur_invoice_no, pur_code, pur_payment_status) VALUES ('PUR_100271','SLM_100007', '148.0', '0', 'CASH', '1', '2012-05-01 00:00:00', '2012-05-01 00:00:00', '0', null, '0512SLG', 'PAID'),('PUR_100272','SLM_100010', '148.5', '0', 'CASH', '1', '2012-05-01 00:00:00', '2012-05-01 00:00:00', '0', null, '0512YX', 'PAID'),('PUR_100273','SLM_100011', '134.0', '0', 'CASH', '1', '2013-05-01 00:00:00', '2013-05-01 00:00:00', '0', null, '0513GBT', 'PAID')
2025-04-04 00:07:02,004 - INFO - Next value of sequence pur_id_seq: 100274
2025-04-04 00:07:02,014 - INFO - Next value of sequence pur_id_seq: 100275
2025-04-04 00:07:02,024 - INFO - Next value of sequence pur_id_seq: 100276
2025-04-04 00:07:02,042 - INFO - Successfully inserted data into konghin.purchase.
2025-04-04 00:07:02,042 - INFO - Query: INSERT INTO konghin.purchase (pur_id, pur_slm_id, pur_gold_cost, pur_labor_cost, pur_method, pur_official_invoice, pur_date, pur_billing_date, pur_weight, pur_invoice_no, pur_code, pur_payment_status) VALUES ('PUR_100274','SLM_100007', '134.0', '0', 'CASH', '1', '2013-05-01 00:00:00', '2013-05-01 00:00:00', '0', null, '0513SLG', 'PAID'),('PUR_100275','SLM_100011', '126.3', '0', 'CASH', '1', '2014-05-01 00:00:00', '2014-05-01 00:00:00', '0', null, '0514GBT', 'PAID'),('PUR_100276','SLM_100029', '126.3', '0', 'CASH', '1', '2014-05-01 00:00:00', '2014-05-01 00:00:00', '0', null, '0514KP', 'PAID')
2025-04-04 00:07:02,065 - INFO - Next value of sequence pur_id_seq: 100277
2025-04-04 00:07:02,075 - INFO - Next value of sequence pur_id_seq: 100278
2025-04-04 00:07:02,088 - INFO - Next value of sequence pur_id_seq: 100279
2025-04-04 00:07:02,106 - INFO - Successfully inserted data into konghin.purchase.
2025-04-04 00:07:02,106 - INFO - Query: INSERT INTO konghin.purchase (pur_id, pur_slm_id, pur_gold_cost, pur_labor_cost, pur_method, pur_official_invoice, pur_date, pur_billing_date, pur_weight, pur_invoice_no, pur_code, pur_payment_status) VALUES ('PUR_100277','SLM_100012', '126.2', '0', 'CASH', '1', '2014-05-01 00:00:00', '2014-05-01 00:00:00', '0', null, '0514MGI', 'PAID'),('PUR_100278','SLM_100007', '127.9', '0', 'CASH', '1', '2014-05-01 00:00:00', '2014-05-01 00:00:00', '0', null, '0514SLG', 'PAID'),('PUR_100279','SLM_100010', '122.5', '0', 'CASH', '1', '2014-05-01 00:00:00', '2014-05-01 00:00:00', '0', null, '0514YX', 'PAID')
2025-04-04 00:07:02,127 - INFO - Next value of sequence pur_id_seq: 100280
2025-04-04 00:07:02,138 - INFO - Next value of sequence pur_id_seq: 100281
2025-04-04 00:07:02,150 - INFO - Next value of sequence pur_id_seq: 100282
2025-04-04 00:07:02,172 - INFO - Successfully inserted data into konghin.purchase.
2025-04-04 00:07:02,172 - INFO - Query: INSERT INTO konghin.purchase (pur_id, pur_slm_id, pur_gold_cost, pur_labor_cost, pur_method, pur_official_invoice, pur_date, pur_billing_date, pur_weight, pur_invoice_no, pur_code, pur_payment_status) VALUES ('PUR_100280','SLM_100013', '128.0', '0', 'CASH', '1', '2015-05-01 00:00:00', '2015-05-01 00:00:00', '0', null, '0515DE', 'PAID'),('PUR_100281','SLM_100014', '130.8', '0', 'CASH', '1', '2015-05-01 00:00:00', '2015-05-01 00:00:00', '0', null, '0515FS', 'PAID'),('PUR_100282','SLM_100011', '129.5', '0', 'CASH', '1', '2015-05-01 00:00:00', '2015-05-01 00:00:00', '0', null, '0515GBT', 'PAID')
2025-04-04 00:07:02,189 - INFO - Next value of sequence pur_id_seq: 100283
2025-04-04 00:07:02,198 - INFO - Next value of sequence pur_id_seq: 100284
2025-04-04 00:07:02,209 - INFO - Next value of sequence pur_id_seq: 100285
2025-04-04 00:07:02,228 - INFO - Successfully inserted data into konghin.purchase.
2025-04-04 00:07:02,228 - INFO - Query: INSERT INTO konghin.purchase (pur_id, pur_slm_id, pur_gold_cost, pur_labor_cost, pur_method, pur_official_invoice, pur_date, pur_billing_date, pur_weight, pur_invoice_no, pur_code, pur_payment_status) VALUES ('PUR_100283','SLM_100012', '132.3', '0', 'CASH', '1', '2015-05-01 00:00:00', '2015-05-01 00:00:00', '0', null, '0515MGI', 'PAID'),('PUR_100284','SLM_100007', '130.7', '0', 'CASH', '1', '2015-05-01 00:00:00', '2015-05-01 00:00:00', '0', null, '0515SLG', 'PAID'),('PUR_100285','SLM_100015', '131.7', '0', 'CASH', '1', '2015-05-01 00:00:00', '2015-05-01 00:00:00', '0', null, '0515YF', 'PAID')
2025-04-04 00:07:02,244 - INFO - Next value of sequence pur_id_seq: 100286
2025-04-04 00:07:02,258 - INFO - Next value of sequence pur_id_seq: 100287
2025-04-04 00:07:02,270 - INFO - Next value of sequence pur_id_seq: 100288
2025-04-04 00:07:02,288 - INFO - Successfully inserted data into konghin.purchase.
2025-04-04 00:07:02,288 - INFO - Query: INSERT INTO konghin.purchase (pur_id, pur_slm_id, pur_gold_cost, pur_labor_cost, pur_method, pur_official_invoice, pur_date, pur_billing_date, pur_weight, pur_invoice_no, pur_code, pur_payment_status) VALUES ('PUR_100286','SLM_100014', '151.4', '0', 'CASH', '1', '2016-05-01 00:00:00', '2016-05-01 00:00:00', '0', null, '0516FS', 'PAID'),('PUR_100287','SLM_100016', '155.1', '0', 'CASH', '1', '2016-05-01 00:00:00', '2016-05-01 00:00:00', '0', null, '0516HL', 'PAID'),('PUR_100288','SLM_100012', '154.7', '0', 'CASH', '1', '2016-05-01 00:00:00', '2016-05-01 00:00:00', '0', null, '0516MGI', 'PAID')
2025-04-04 00:07:02,303 - INFO - Next value of sequence pur_id_seq: 100289
2025-04-04 00:07:02,312 - INFO - Next value of sequence pur_id_seq: 100290
2025-04-04 00:07:02,331 - INFO - Next value of sequence pur_id_seq: 100291
2025-04-04 00:07:02,347 - INFO - Successfully inserted data into konghin.purchase.
2025-04-04 00:07:02,347 - INFO - Query: INSERT INTO konghin.purchase (pur_id, pur_slm_id, pur_gold_cost, pur_labor_cost, pur_method, pur_official_invoice, pur_date, pur_billing_date, pur_weight, pur_invoice_no, pur_code, pur_payment_status) VALUES ('PUR_100289','SLM_100007', '156.7', '0', 'CASH', '1', '2016-05-01 00:00:00', '2016-05-01 00:00:00', '0', null, '0516SLG', 'PAID'),('PUR_100290','SLM_100010', '156.0', '0', 'CASH', '1', '2016-05-01 00:00:00', '2016-05-01 00:00:00', '0', null, '0516YX', 'PAID'),('PUR_100291','SLM_100013', '164.0', '0', 'CASH', '1', '2017-05-01 00:00:00', '2017-05-01 00:00:00', '0', null, '0517DE', 'PAID')
2025-04-04 00:07:02,366 - INFO - Next value of sequence pur_id_seq: 100292
2025-04-04 00:07:02,376 - INFO - Next value of sequence pur_id_seq: 100293
2025-04-04 00:07:02,404 - INFO - Next value of sequence pur_id_seq: 100294
2025-04-04 00:07:02,422 - INFO - Successfully inserted data into konghin.purchase.
2025-04-04 00:07:02,422 - INFO - Query: INSERT INTO konghin.purchase (pur_id, pur_slm_id, pur_gold_cost, pur_labor_cost, pur_method, pur_official_invoice, pur_date, pur_billing_date, pur_weight, pur_invoice_no, pur_code, pur_payment_status) VALUES ('PUR_100292','SLM_100007', '162.8', '0', 'CASH', '1', '2017-05-01 00:00:00', '2017-05-01 00:00:00', '0', null, '0517SLG', 'PAID'),('PUR_100293','SLM_100017', '160.9', '0', 'CASH', '1', '2017-05-01 00:00:00', '2017-05-01 00:00:00', '0', null, '0517XW', 'PAID'),('PUR_100294','SLM_100015', '160.2', '0', 'CASH', '1', '2017-05-01 00:00:00', '2017-05-01 00:00:00', '0', null, '0517YF', 'PAID')
2025-04-04 00:07:02,439 - INFO - Next value of sequence pur_id_seq: 100295
2025-04-04 00:07:02,451 - INFO - Next value of sequence pur_id_seq: 100296
2025-04-04 00:07:02,460 - INFO - Next value of sequence pur_id_seq: 100297
2025-04-04 00:07:02,477 - INFO - Successfully inserted data into konghin.purchase.
2025-04-04 00:07:02,477 - INFO - Query: INSERT INTO konghin.purchase (pur_id, pur_slm_id, pur_gold_cost, pur_labor_cost, pur_method, pur_official_invoice, pur_date, pur_billing_date, pur_weight, pur_invoice_no, pur_code, pur_payment_status) VALUES ('PUR_100295','SLM_100018', '163.7', '0', 'CASH', '1', '2017-05-01 00:00:00', '2017-05-01 00:00:00', '0', null, '0517YM', 'PAID'),('PUR_100296','SLM_100007', '159.1', '0', 'CASH', '1', '2018-05-01 00:00:00', '2018-05-01 00:00:00', '0', null, '0518SLG', 'PAID'),('PUR_100297','SLM_100017', '156.31', '0', 'CASH', '1', '2018-05-01 00:00:00', '2018-05-01 00:00:00', '0', null, '0518XW', 'PAID')
2025-04-04 00:07:02,494 - INFO - Next value of sequence pur_id_seq: 100298
2025-04-04 00:07:02,504 - INFO - Next value of sequence pur_id_seq: 100299
2025-04-04 00:07:02,513 - INFO - Next value of sequence pur_id_seq: 100300
2025-04-04 00:07:02,535 - INFO - Successfully inserted data into konghin.purchase.
2025-04-04 00:07:02,535 - INFO - Query: INSERT INTO konghin.purchase (pur_id, pur_slm_id, pur_gold_cost, pur_labor_cost, pur_method, pur_official_invoice, pur_date, pur_billing_date, pur_weight, pur_invoice_no, pur_code, pur_payment_status) VALUES ('PUR_100298','SLM_100018', '156.05', '0', 'CASH', '1', '2018-05-01 00:00:00', '2018-05-01 00:00:00', '0', null, '0518YM', 'PAID'),('PUR_100299','SLM_100007', '162.65', '0', 'CASH', '1', '2019-05-01 00:00:00', '2019-05-01 00:00:00', '0', null, '0519SLG', 'PAID'),('PUR_100300','SLM_100017', '158.98', '0', 'CASH', '1', '2019-05-01 00:00:00', '2019-05-01 00:00:00', '0', null, '0519XW', 'PAID')
2025-04-04 00:07:02,553 - INFO - Next value of sequence pur_id_seq: 100301
2025-04-04 00:07:02,562 - INFO - Next value of sequence pur_id_seq: 100302
2025-04-04 00:07:02,572 - INFO - Next value of sequence pur_id_seq: 100303
2025-04-04 00:07:02,589 - INFO - Successfully inserted data into konghin.purchase.
2025-04-04 00:07:02,590 - INFO - Query: INSERT INTO konghin.purchase (pur_id, pur_slm_id, pur_gold_cost, pur_labor_cost, pur_method, pur_official_invoice, pur_date, pur_billing_date, pur_weight, pur_invoice_no, pur_code, pur_payment_status) VALUES ('PUR_100301','SLM_100018', '163.64', '0', 'CASH', '1', '2019-05-01 00:00:00', '2019-05-01 00:00:00', '0', null, '0519YM', 'PAID'),('PUR_100302','SLM_100031', '221.22', '0', 'CASH', '1', '2020-05-01 00:00:00', '2020-05-01 00:00:00', '0', null, '0520MK', 'PAID'),('PUR_100303','SLM_100007', '229.53', '0', 'CASH', '1', '2020-05-01 00:00:00', '2020-05-01 00:00:00', '0', null, '0520SLG', 'PAID')
2025-04-04 00:07:02,610 - INFO - Next value of sequence pur_id_seq: 100304
2025-04-04 00:07:02,623 - INFO - Next value of sequence pur_id_seq: 100305
2025-04-04 00:07:02,633 - INFO - Next value of sequence pur_id_seq: 100306
2025-04-04 00:07:02,649 - INFO - Successfully inserted data into konghin.purchase.
2025-04-04 00:07:02,649 - INFO - Query: INSERT INTO konghin.purchase (pur_id, pur_slm_id, pur_gold_cost, pur_labor_cost, pur_method, pur_official_invoice, pur_date, pur_billing_date, pur_weight, pur_invoice_no, pur_code, pur_payment_status) VALUES ('PUR_100304','SLM_100017', '228.14', '0', 'CASH', '1', '2020-05-01 00:00:00', '2020-05-01 00:00:00', '0', null, '0520XW', 'PAID'),('PUR_100305','SLM_100015', '222.46', '0', 'CASH', '1', '2020-05-01 00:00:00', '2020-05-01 00:00:00', '0', null, '0520YF', 'PAID'),('PUR_100306','SLM_100018', '225.92', '0', 'CASH', '1', '2020-05-01 00:00:00', '2020-05-01 00:00:00', '0', null, '0520YM', 'PAID')
2025-04-04 00:07:02,679 - INFO - Next value of sequence pur_id_seq: 100307
2025-04-04 00:07:02,688 - INFO - Next value of sequence pur_id_seq: 100308
2025-04-04 00:07:02,698 - INFO - Next value of sequence pur_id_seq: 100309
2025-04-04 00:07:02,715 - INFO - Successfully inserted data into konghin.purchase.
2025-04-04 00:07:02,715 - INFO - Query: INSERT INTO konghin.purchase (pur_id, pur_slm_id, pur_gold_cost, pur_labor_cost, pur_method, pur_official_invoice, pur_date, pur_billing_date, pur_weight, pur_invoice_no, pur_code, pur_payment_status) VALUES ('PUR_100307','SLM_100020', '228.09', '0', 'CASH', '1', '2021-05-01 00:00:00', '2021-05-01 00:00:00', '0', null, '0521JJT', 'PAID'),('PUR_100308','SLM_100007', '234.11', '0', 'CASH', '1', '2021-05-01 00:00:00', '2021-05-01 00:00:00', '0', null, '0521SLG', 'PAID'),('PUR_100309','SLM_100018', '234.02', '0', 'CASH', '1', '2021-05-01 00:00:00', '2021-05-01 00:00:00', '0', null, '0521YM', 'PAID')
2025-04-04 00:07:02,735 - INFO - Next value of sequence pur_id_seq: 100310
2025-04-04 00:07:02,744 - INFO - Next value of sequence pur_id_seq: 100311
2025-04-04 00:07:02,755 - INFO - Next value of sequence pur_id_seq: 100312
2025-04-04 00:07:02,781 - INFO - Successfully inserted data into konghin.purchase.
2025-04-04 00:07:02,781 - INFO - Query: INSERT INTO konghin.purchase (pur_id, pur_slm_id, pur_gold_cost, pur_labor_cost, pur_method, pur_official_invoice, pur_date, pur_billing_date, pur_weight, pur_invoice_no, pur_code, pur_payment_status) VALUES ('PUR_100310','SLM_100020', '244.86', '0', 'CASH', '1', '2022-05-01 00:00:00', '2022-05-01 00:00:00', '0', null, '0522JJT', 'PAID'),('PUR_100311','SLM_100007', '247.37', '0', 'CASH', '1', '2022-05-01 00:00:00', '2022-05-01 00:00:00', '0', null, '0522SLG', 'PAID'),('PUR_100312','SLM_100025', '246.54', '0', 'CASH', '1', '2022-05-01 00:00:00', '2022-05-01 00:00:00', '0', null, '0522TC', 'PAID')
2025-04-04 00:07:02,797 - INFO - Next value of sequence pur_id_seq: 100313
2025-04-04 00:07:02,807 - INFO - Next value of sequence pur_id_seq: 100314
2025-04-04 00:07:02,818 - INFO - Next value of sequence pur_id_seq: 100315
2025-04-04 00:07:02,836 - INFO - Successfully inserted data into konghin.purchase.
2025-04-04 00:07:02,836 - INFO - Query: INSERT INTO konghin.purchase (pur_id, pur_slm_id, pur_gold_cost, pur_labor_cost, pur_method, pur_official_invoice, pur_date, pur_billing_date, pur_weight, pur_invoice_no, pur_code, pur_payment_status) VALUES ('PUR_100313','SLM_100017', '248.17', '0', 'CASH', '1', '2022-05-01 00:00:00', '2022-05-01 00:00:00', '0', null, '0522XW', 'PAID'),('PUR_100314','SLM_100018', '246.46', '0', 'CASH', '1', '2022-05-01 00:00:00', '2022-05-01 00:00:00', '0', null, '0522YM', 'PAID'),('PUR_100315','SLM_100020', '272.68', '0', 'CASH', '1', '2023-05-01 00:00:00', '2023-05-01 00:00:00', '0', null, '0523JJT', 'PAID')
2025-04-04 00:07:02,852 - INFO - Next value of sequence pur_id_seq: 100316
2025-04-04 00:07:02,862 - INFO - Next value of sequence pur_id_seq: 100317
2025-04-04 00:07:02,874 - INFO - Next value of sequence pur_id_seq: 100318
2025-04-04 00:07:02,889 - INFO - Successfully inserted data into konghin.purchase.
2025-04-04 00:07:02,890 - INFO - Query: INSERT INTO konghin.purchase (pur_id, pur_slm_id, pur_gold_cost, pur_labor_cost, pur_method, pur_official_invoice, pur_date, pur_billing_date, pur_weight, pur_invoice_no, pur_code, pur_payment_status) VALUES ('PUR_100316','SLM_100007', '272.07', '0', 'CASH', '1', '2023-05-01 00:00:00', '2023-05-01 00:00:00', '0', null, '0523SLG', 'PAID'),('PUR_100317','SLM_100017', '271.2', '0', 'CASH', '1', '2023-05-01 00:00:00', '2023-05-01 00:00:00', '0', null, '0523XW', 'PAID'),('PUR_100318','SLM_100015', '268.9', '0', 'CASH', '1', '2023-05-01 00:00:00', '2023-05-01 00:00:00', '0', null, '0523YF', 'PAID')
2025-04-04 00:07:02,904 - INFO - Next value of sequence pur_id_seq: 100319
2025-04-04 00:07:02,912 - INFO - Next value of sequence pur_id_seq: 100320
2025-04-04 00:07:02,921 - INFO - Next value of sequence pur_id_seq: 100321
2025-04-04 00:07:02,939 - INFO - Successfully inserted data into konghin.purchase.
2025-04-04 00:07:02,939 - INFO - Query: INSERT INTO konghin.purchase (pur_id, pur_slm_id, pur_gold_cost, pur_labor_cost, pur_method, pur_official_invoice, pur_date, pur_billing_date, pur_weight, pur_invoice_no, pur_code, pur_payment_status) VALUES ('PUR_100319','SLM_100018', '273.13', '0', 'CASH', '1', '2023-05-01 00:00:00', '2023-05-01 00:00:00', '0', null, '0523YM', 'PAID'),('PUR_100320','SLM_100020', '341.33', '0', 'CASH', '1', '2024-05-01 00:00:00', '2024-05-01 00:00:00', '0', null, '0524JJT', 'PAID'),('PUR_100321','SLM_100007', '347.8', '0', 'CASH', '1', '2024-05-01 00:00:00', '2024-05-01 00:00:00', '0', null, '0524SLG', 'PAID')
2025-04-04 00:07:02,953 - INFO - Next value of sequence pur_id_seq: 100322
2025-04-04 00:07:02,961 - INFO - Next value of sequence pur_id_seq: 100323
2025-04-04 00:07:02,974 - INFO - Next value of sequence pur_id_seq: 100324
2025-04-04 00:07:02,990 - INFO - Successfully inserted data into konghin.purchase.
2025-04-04 00:07:02,991 - INFO - Query: INSERT INTO konghin.purchase (pur_id, pur_slm_id, pur_gold_cost, pur_labor_cost, pur_method, pur_official_invoice, pur_date, pur_billing_date, pur_weight, pur_invoice_no, pur_code, pur_payment_status) VALUES ('PUR_100322','SLM_100026', '338.36', '0', 'CASH', '1', '2024-05-01 00:00:00', '2024-05-01 00:00:00', '0', null, '0524WX', 'PAID'),('PUR_100323','SLM_100017', '336.91', '0', 'CASH', '1', '2024-05-01 00:00:00', '2024-05-01 00:00:00', '0', null, '0524XW', 'PAID'),('PUR_100324','SLM_100015', '331.87', '0', 'CASH', '1', '2024-05-01 00:00:00', '2024-05-01 00:00:00', '0', null, '0524YF', 'PAID')
2025-04-04 00:07:03,005 - INFO - Next value of sequence pur_id_seq: 100325
2025-04-04 00:07:03,013 - INFO - Next value of sequence pur_id_seq: 100326
2025-04-04 00:07:03,024 - INFO - Next value of sequence pur_id_seq: 100327
2025-04-04 00:07:03,040 - INFO - Successfully inserted data into konghin.purchase.
2025-04-04 00:07:03,041 - INFO - Query: INSERT INTO konghin.purchase (pur_id, pur_slm_id, pur_gold_cost, pur_labor_cost, pur_method, pur_official_invoice, pur_date, pur_billing_date, pur_weight, pur_invoice_no, pur_code, pur_payment_status) VALUES ('PUR_100325','SLM_100018', '330.97', '0', 'CASH', '1', '2024-05-01 00:00:00', '2024-05-01 00:00:00', '0', null, '0524YM', 'PAID'),('PUR_100326','SLM_100010', '330.53', '0', 'CASH', '1', '2024-05-01 00:00:00', '2024-05-01 00:00:00', '0', null, '0524YX', 'PAID'),('PUR_100327','SLM_100011', '142.0', '0', 'CASH', '1', '2011-06-01 00:00:00', '2011-06-01 00:00:00', '0', null, '0611GBT', 'PAID')
2025-04-04 00:07:03,059 - INFO - Next value of sequence pur_id_seq: 100328
2025-04-04 00:07:03,072 - INFO - Next value of sequence pur_id_seq: 100329
2025-04-04 00:07:03,080 - INFO - Next value of sequence pur_id_seq: 100330
2025-04-04 00:07:03,100 - INFO - Successfully inserted data into konghin.purchase.
2025-04-04 00:07:03,101 - INFO - Query: INSERT INTO konghin.purchase (pur_id, pur_slm_id, pur_gold_cost, pur_labor_cost, pur_method, pur_official_invoice, pur_date, pur_billing_date, pur_weight, pur_invoice_no, pur_code, pur_payment_status) VALUES ('PUR_100328','SLM_100044', '142.0', '0', 'CASH', '1', '2011-06-01 00:00:00', '2011-06-01 00:00:00', '0', null, '0611GM', 'PAID'),('PUR_100329','SLM_100009', '142.0', '0', 'CASH', '1', '2011-06-01 00:00:00', '2011-06-01 00:00:00', '0', null, '0611SH', 'PAID'),('PUR_100330','SLM_100007', '141.0', '0', 'CASH', '1', '2011-06-01 00:00:00', '2011-06-01 00:00:00', '0', null, '0611SLG', 'PAID')
2025-04-04 00:07:03,113 - INFO - Next value of sequence pur_id_seq: 100331
2025-04-04 00:07:03,123 - INFO - Next value of sequence pur_id_seq: 100332
2025-04-04 00:07:03,132 - INFO - Next value of sequence pur_id_seq: 100333
2025-04-04 00:07:03,149 - INFO - Successfully inserted data into konghin.purchase.
2025-04-04 00:07:03,149 - INFO - Query: INSERT INTO konghin.purchase (pur_id, pur_slm_id, pur_gold_cost, pur_labor_cost, pur_method, pur_official_invoice, pur_date, pur_billing_date, pur_weight, pur_invoice_no, pur_code, pur_payment_status) VALUES ('PUR_100331','SLM_100010', '139.0', '0', 'CASH', '1', '2011-06-01 00:00:00', '2011-06-01 00:00:00', '0', null, '0611YX', 'PAID'),('PUR_100332','SLM_100011', '157.0', '0', 'CASH', '1', '2012-06-01 00:00:00', '2012-06-01 00:00:00', '0', null, '0612GBT', 'PAID'),('PUR_100333','SLM_100008', '155.0', '0', 'CASH', '1', '2012-06-01 00:00:00', '2012-06-01 00:00:00', '0', null, '0612MH', 'PAID')
2025-04-04 00:07:03,165 - INFO - Next value of sequence pur_id_seq: 100334
2025-04-04 00:07:03,175 - INFO - Next value of sequence pur_id_seq: 100335
2025-04-04 00:07:03,184 - INFO - Next value of sequence pur_id_seq: 100336
2025-04-04 00:07:03,201 - INFO - Successfully inserted data into konghin.purchase.
2025-04-04 00:07:03,201 - INFO - Query: INSERT INTO konghin.purchase (pur_id, pur_slm_id, pur_gold_cost, pur_labor_cost, pur_method, pur_official_invoice, pur_date, pur_billing_date, pur_weight, pur_invoice_no, pur_code, pur_payment_status) VALUES ('PUR_100334','SLM_100007', '157.5', '0', 'CASH', '1', '2012-06-01 00:00:00', '2012-06-01 00:00:00', '0', null, '0612SLG', 'PAID'),('PUR_100335','SLM_100010', '156.5', '0', 'CASH', '1', '2012-06-01 00:00:00', '2012-06-01 00:00:00', '0', null, '0612YX', 'PAID'),('PUR_100336','SLM_100007', '133.0', '0', 'CASH', '1', '2013-06-01 00:00:00', '2013-06-01 00:00:00', '0', null, '0613SLG', 'PAID')
2025-04-04 00:07:03,218 - INFO - Next value of sequence pur_id_seq: 100337
2025-04-04 00:07:03,227 - INFO - Next value of sequence pur_id_seq: 100338
2025-04-04 00:07:03,239 - INFO - Next value of sequence pur_id_seq: 100339
2025-04-04 00:07:03,258 - INFO - Successfully inserted data into konghin.purchase.
2025-04-04 00:07:03,258 - INFO - Query: INSERT INTO konghin.purchase (pur_id, pur_slm_id, pur_gold_cost, pur_labor_cost, pur_method, pur_official_invoice, pur_date, pur_billing_date, pur_weight, pur_invoice_no, pur_code, pur_payment_status) VALUES ('PUR_100337','SLM_100035', '122.0', '0', 'CASH', '1', '2014-06-01 00:00:00', '2014-06-01 00:00:00', '0', null, '0614GC', 'PAID'),('PUR_100338','SLM_100045', '122.2', '0', 'CASH', '1', '2014-06-01 00:00:00', '2014-06-01 00:00:00', '0', null, '0614GG', 'PAID'),('PUR_100339','SLM_100036', '121.1', '0', 'CASH', '1', '2014-06-01 00:00:00', '2014-06-01 00:00:00', '0', null, '0614JF', 'PAID')
2025-04-04 00:07:03,274 - INFO - Next value of sequence pur_id_seq: 100340
2025-04-04 00:07:03,284 - INFO - Next value of sequence pur_id_seq: 100341
2025-04-04 00:07:03,295 - INFO - Next value of sequence pur_id_seq: 100342
2025-04-04 00:07:03,313 - INFO - Successfully inserted data into konghin.purchase.
2025-04-04 00:07:03,313 - INFO - Query: INSERT INTO konghin.purchase (pur_id, pur_slm_id, pur_gold_cost, pur_labor_cost, pur_method, pur_official_invoice, pur_date, pur_billing_date, pur_weight, pur_invoice_no, pur_code, pur_payment_status) VALUES ('PUR_100340','SLM_100040', '124.2', '0', 'CASH', '1', '2014-06-01 00:00:00', '2014-06-01 00:00:00', '0', null, '0614MGT', 'PAID'),('PUR_100341','SLM_100007', '129.3', '0', 'CASH', '1', '2014-06-01 00:00:00', '2014-06-01 00:00:00', '0', null, '0614SLG', 'PAID'),('PUR_100342','SLM_100010', '122.5', '0', 'CASH', '1', '2014-06-01 00:00:00', '2014-06-01 00:00:00', '0', null, '0614YX', 'PAID')
2025-04-04 00:07:03,330 - INFO - Next value of sequence pur_id_seq: 100343
2025-04-04 00:07:03,338 - INFO - Next value of sequence pur_id_seq: 100344
2025-04-04 00:07:03,352 - INFO - Next value of sequence pur_id_seq: 100345
2025-04-04 00:07:03,369 - INFO - Successfully inserted data into konghin.purchase.
2025-04-04 00:07:03,369 - INFO - Query: INSERT INTO konghin.purchase (pur_id, pur_slm_id, pur_gold_cost, pur_labor_cost, pur_method, pur_official_invoice, pur_date, pur_billing_date, pur_weight, pur_invoice_no, pur_code, pur_payment_status) VALUES ('PUR_100343','SLM_100013', '134.65', '0', 'CASH', '1', '2015-06-01 00:00:00', '2015-06-01 00:00:00', '0', null, '0615DE', 'PAID'),('PUR_100344','SLM_100011', '133.85', '0', 'CASH', '1', '2015-06-01 00:00:00', '2015-06-01 00:00:00', '0', null, '0615GBT', 'PAID'),('PUR_100345','SLM_100007', '135.7', '0', 'CASH', '1', '2015-06-01 00:00:00', '2015-06-01 00:00:00', '0', null, '0615SLG', 'PAID')
2025-04-04 00:07:03,385 - INFO - Next value of sequence pur_id_seq: 100346
2025-04-04 00:07:03,395 - INFO - Next value of sequence pur_id_seq: 100347
2025-04-04 00:07:03,404 - INFO - Next value of sequence pur_id_seq: 100348
2025-04-04 00:07:03,420 - INFO - Successfully inserted data into konghin.purchase.
2025-04-04 00:07:03,420 - INFO - Query: INSERT INTO konghin.purchase (pur_id, pur_slm_id, pur_gold_cost, pur_labor_cost, pur_method, pur_official_invoice, pur_date, pur_billing_date, pur_weight, pur_invoice_no, pur_code, pur_payment_status) VALUES ('PUR_100346','SLM_100015', '134.2', '0', 'CASH', '1', '2015-06-01 00:00:00', '2015-06-01 00:00:00', '0', null, '0615YF', 'PAID'),('PUR_100347','SLM_100010', '134.1', '0', 'CASH', '1', '2015-06-01 00:00:00', '2015-06-01 00:00:00', '0', null, '0615YX', 'PAID'),('PUR_100348','SLM_100016', '158.1', '0', 'CASH', '1', '2016-06-01 00:00:00', '2016-06-01 00:00:00', '0', null, '0616HL', 'PAID')
2025-04-04 00:07:03,437 - INFO - Next value of sequence pur_id_seq: 100349
2025-04-04 00:07:03,446 - INFO - Next value of sequence pur_id_seq: 100350
2025-04-04 00:07:03,456 - INFO - Next value of sequence pur_id_seq: 100351
2025-04-04 00:07:03,476 - INFO - Successfully inserted data into konghin.purchase.
2025-04-04 00:07:03,477 - INFO - Query: INSERT INTO konghin.purchase (pur_id, pur_slm_id, pur_gold_cost, pur_labor_cost, pur_method, pur_official_invoice, pur_date, pur_billing_date, pur_weight, pur_invoice_no, pur_code, pur_payment_status) VALUES ('PUR_100349','SLM_100012', '153.6', '0', 'CASH', '1', '2016-06-01 00:00:00', '2016-06-01 00:00:00', '0', null, '0616MGI', 'PAID'),('PUR_100350','SLM_100007', '157.4', '0', 'CASH', '1', '2016-06-01 00:00:00', '2016-06-01 00:00:00', '0', null, '0616SLG', 'PAID'),('PUR_100351','SLM_100017', '160.8', '0', 'CASH', '1', '2016-06-01 00:00:00', '2016-06-01 00:00:00', '0', null, '0616XW', 'PAID')
2025-04-04 00:07:03,503 - INFO - Next value of sequence pur_id_seq: 100352
2025-04-04 00:07:03,516 - INFO - Next value of sequence pur_id_seq: 100353
2025-04-04 00:07:03,525 - INFO - Next value of sequence pur_id_seq: 100354
2025-04-04 00:07:03,545 - INFO - Successfully inserted data into konghin.purchase.
2025-04-04 00:07:03,545 - INFO - Query: INSERT INTO konghin.purchase (pur_id, pur_slm_id, pur_gold_cost, pur_labor_cost, pur_method, pur_official_invoice, pur_date, pur_billing_date, pur_weight, pur_invoice_no, pur_code, pur_payment_status) VALUES ('PUR_100352','SLM_100011', '162.7', '0', 'CASH', '1', '2017-06-01 00:00:00', '2017-06-01 00:00:00', '0', null, '0617GBT', 'PAID'),('PUR_100353','SLM_100016', '164.2', '0', 'CASH', '1', '2017-06-01 00:00:00', '2017-06-01 00:00:00', '0', null, '0617HL', 'PAID'),('PUR_100354','SLM_100007', '166.8', '0', 'CASH', '1', '2017-06-01 00:00:00', '2017-06-01 00:00:00', '0', null, '0617SLG', 'PAID')
2025-04-04 00:07:03,562 - INFO - Next value of sequence pur_id_seq: 100355
2025-04-04 00:07:03,572 - INFO - Next value of sequence pur_id_seq: 100356
2025-04-04 00:07:03,583 - INFO - Next value of sequence pur_id_seq: 100357
2025-04-04 00:07:03,602 - INFO - Successfully inserted data into konghin.purchase.
2025-04-04 00:07:03,603 - INFO - Query: INSERT INTO konghin.purchase (pur_id, pur_slm_id, pur_gold_cost, pur_labor_cost, pur_method, pur_official_invoice, pur_date, pur_billing_date, pur_weight, pur_invoice_no, pur_code, pur_payment_status) VALUES ('PUR_100355','SLM_100018', '166.8', '0', 'CASH', '1', '2017-06-01 00:00:00', '2017-06-01 00:00:00', '0', null, '0617YM', 'PAID'),('PUR_100356','SLM_100013', '153.86', '0', 'CASH', '1', '2018-06-01 00:00:00', '2018-06-01 00:00:00', '0', null, '0618DE', 'PAID'),('PUR_100357','SLM_100007', '156.3', '0', 'CASH', '1', '2018-06-01 00:00:00', '2018-06-01 00:00:00', '0', null, '0618SLG', 'PAID')
2025-04-04 00:07:03,619 - INFO - Next value of sequence pur_id_seq: 100358
2025-04-04 00:07:03,629 - INFO - Next value of sequence pur_id_seq: 100359
2025-04-04 00:07:03,637 - INFO - Next value of sequence pur_id_seq: 100360
2025-04-04 00:07:03,655 - INFO - Successfully inserted data into konghin.purchase.
2025-04-04 00:07:03,656 - INFO - Query: INSERT INTO konghin.purchase (pur_id, pur_slm_id, pur_gold_cost, pur_labor_cost, pur_method, pur_official_invoice, pur_date, pur_billing_date, pur_weight, pur_invoice_no, pur_code, pur_payment_status) VALUES ('PUR_100358','SLM_100017', '153.0', '0', 'CASH', '1', '2018-06-01 00:00:00', '2018-06-01 00:00:00', '0', null, '0618XW', 'PAID'),('PUR_100359','SLM_100015', '156.11', '0', 'CASH', '1', '2018-06-01 00:00:00', '2018-06-01 00:00:00', '0', null, '0618YF', 'PAID'),('PUR_100360','SLM_100018', '153.91', '0', 'CASH', '1', '2018-06-01 00:00:00', '2018-06-01 00:00:00', '0', null, '0618YM', 'PAID')
2025-04-04 00:07:03,670 - INFO - Next value of sequence pur_id_seq: 100361
2025-04-04 00:07:03,681 - INFO - Next value of sequence pur_id_seq: 100362
2025-04-04 00:07:03,690 - INFO - Next value of sequence pur_id_seq: 100363
2025-04-04 00:07:03,708 - INFO - Successfully inserted data into konghin.purchase.
2025-04-04 00:07:03,708 - INFO - Query: INSERT INTO konghin.purchase (pur_id, pur_slm_id, pur_gold_cost, pur_labor_cost, pur_method, pur_official_invoice, pur_date, pur_billing_date, pur_weight, pur_invoice_no, pur_code, pur_payment_status) VALUES ('PUR_100361','SLM_100010', '156.7', '0', 'CASH', '1', '2018-06-01 00:00:00', '2018-06-01 00:00:00', '0', null, '0618YX', 'PAID'),('PUR_100362','SLM_100007', '170.23', '0', 'CASH', '1', '2019-06-01 00:00:00', '2019-06-01 00:00:00', '0', null, '0619SLG', 'PAID'),('PUR_100363','SLM_100017', '173.9', '0', 'CASH', '1', '2019-06-01 00:00:00', '2019-06-01 00:00:00', '0', null, '0619XW', 'PAID')
2025-04-04 00:07:03,723 - INFO - Next value of sequence pur_id_seq: 100364
2025-04-04 00:07:03,732 - INFO - Next value of sequence pur_id_seq: 100365
2025-04-04 00:07:03,741 - INFO - Next value of sequence pur_id_seq: 100366
2025-04-04 00:07:03,756 - INFO - Successfully inserted data into konghin.purchase.
2025-04-04 00:07:03,756 - INFO - Query: INSERT INTO konghin.purchase (pur_id, pur_slm_id, pur_gold_cost, pur_labor_cost, pur_method, pur_official_invoice, pur_date, pur_billing_date, pur_weight, pur_invoice_no, pur_code, pur_payment_status) VALUES ('PUR_100364','SLM_100018', '168.41', '0', 'CASH', '1', '2019-06-01 00:00:00', '2019-06-01 00:00:00', '0', null, '0619YM', 'PAID'),('PUR_100365','SLM_100010', '166.4', '0', 'CASH', '1', '2019-06-01 00:00:00', '2019-06-01 00:00:00', '0', null, '0619YX', 'PAID'),('PUR_100366','SLM_100007', '224.28', '0', 'CASH', '1', '2020-06-01 00:00:00', '2020-06-01 00:00:00', '0', null, '0620SLG', 'PAID')
2025-04-04 00:07:03,773 - INFO - Next value of sequence pur_id_seq: 100367
2025-04-04 00:07:03,782 - INFO - Next value of sequence pur_id_seq: 100368
2025-04-04 00:07:03,792 - INFO - Next value of sequence pur_id_seq: 100369
2025-04-04 00:07:03,810 - INFO - Successfully inserted data into konghin.purchase.
2025-04-04 00:07:03,810 - INFO - Query: INSERT INTO konghin.purchase (pur_id, pur_slm_id, pur_gold_cost, pur_labor_cost, pur_method, pur_official_invoice, pur_date, pur_billing_date, pur_weight, pur_invoice_no, pur_code, pur_payment_status) VALUES ('PUR_100367','SLM_100018', '227.93', '0', 'CASH', '1', '2020-06-01 00:00:00', '2020-06-01 00:00:00', '0', null, '0620YM', 'PAID'),('PUR_100368','SLM_100020', '244.11', '0', 'CASH', '1', '2022-06-01 00:00:00', '2022-06-01 00:00:00', '0', null, '0622JJT', 'PAID'),('PUR_100369','SLM_100019', '244.03', '0', 'CASH', '1', '2022-06-01 00:00:00', '2022-06-01 00:00:00', '0', null, '0622LUX', 'PAID')
2025-04-04 00:07:03,826 - INFO - Next value of sequence pur_id_seq: 100370
2025-04-04 00:07:03,837 - INFO - Next value of sequence pur_id_seq: 100371
2025-04-04 00:07:03,846 - INFO - Next value of sequence pur_id_seq: 100372
2025-04-04 00:07:03,862 - INFO - Successfully inserted data into konghin.purchase.
2025-04-04 00:07:03,862 - INFO - Query: INSERT INTO konghin.purchase (pur_id, pur_slm_id, pur_gold_cost, pur_labor_cost, pur_method, pur_official_invoice, pur_date, pur_billing_date, pur_weight, pur_invoice_no, pur_code, pur_payment_status) VALUES ('PUR_100370','SLM_100007', '246.92', '0', 'CASH', '1', '2022-06-01 00:00:00', '2022-06-01 00:00:00', '0', null, '0622SLG', 'PAID'),('PUR_100371','SLM_100017', '239.87', '0', 'CASH', '1', '2022-06-01 00:00:00', '2022-06-01 00:00:00', '0', null, '0622XW', 'PAID'),('PUR_100372','SLM_100015', '241.6', '0', 'CASH', '1', '2022-06-01 00:00:00', '2022-06-01 00:00:00', '0', null, '0622YF', 'PAID')
2025-04-04 00:07:03,877 - INFO - Next value of sequence pur_id_seq: 100373
2025-04-04 00:07:03,892 - INFO - Next value of sequence pur_id_seq: 100374
2025-04-04 00:07:03,902 - INFO - Next value of sequence pur_id_seq: 100375
2025-04-04 00:07:03,919 - INFO - Successfully inserted data into konghin.purchase.
2025-04-04 00:07:03,919 - INFO - Query: INSERT INTO konghin.purchase (pur_id, pur_slm_id, pur_gold_cost, pur_labor_cost, pur_method, pur_official_invoice, pur_date, pur_billing_date, pur_weight, pur_invoice_no, pur_code, pur_payment_status) VALUES ('PUR_100373','SLM_100018', '246.51', '0', 'CASH', '1', '2022-06-01 00:00:00', '2022-06-01 00:00:00', '0', null, '0622YM', 'PAID'),('PUR_100374','SLM_100010', '248.6', '0', 'CASH', '1', '2022-06-01 00:00:00', '2022-06-01 00:00:00', '0', null, '0622YX', 'PAID'),('PUR_100375','SLM_100023', '329.4', '0', 'CASH', '1', '2024-06-01 00:00:00', '2024-06-01 00:00:00', '0', null, '0624CJ', 'PAID')
2025-04-04 00:07:03,936 - INFO - Next value of sequence pur_id_seq: 100376
2025-04-04 00:07:03,945 - INFO - Next value of sequence pur_id_seq: 100377
2025-04-04 00:07:03,955 - INFO - Next value of sequence pur_id_seq: 100378
2025-04-04 00:07:03,973 - INFO - Successfully inserted data into konghin.purchase.
2025-04-04 00:07:03,973 - INFO - Query: INSERT INTO konghin.purchase (pur_id, pur_slm_id, pur_gold_cost, pur_labor_cost, pur_method, pur_official_invoice, pur_date, pur_billing_date, pur_weight, pur_invoice_no, pur_code, pur_payment_status) VALUES ('PUR_100376','SLM_100020', '326.24', '0', 'CASH', '1', '2024-06-01 00:00:00', '2024-06-01 00:00:00', '0', null, '0624JJT', 'PAID'),('PUR_100377','SLM_100034', '335.45', '0', 'CASH', '1', '2024-06-01 00:00:00', '2024-06-01 00:00:00', '0', null, '0624JS', 'PAID'),('PUR_100378','SLM_100007', '337.24', '0', 'CASH', '1', '2024-06-01 00:00:00', '2024-06-01 00:00:00', '0', null, '0624SLG', 'PAID')
2025-04-04 00:07:03,989 - INFO - Next value of sequence pur_id_seq: 100379
2025-04-04 00:07:04,002 - INFO - Next value of sequence pur_id_seq: 100380
2025-04-04 00:07:04,016 - INFO - Next value of sequence pur_id_seq: 100381
2025-04-04 00:07:04,038 - INFO - Successfully inserted data into konghin.purchase.
2025-04-04 00:07:04,038 - INFO - Query: INSERT INTO konghin.purchase (pur_id, pur_slm_id, pur_gold_cost, pur_labor_cost, pur_method, pur_official_invoice, pur_date, pur_billing_date, pur_weight, pur_invoice_no, pur_code, pur_payment_status) VALUES ('PUR_100379','SLM_100015', '329.62', '0', 'CASH', '1', '2024-06-01 00:00:00', '2024-06-01 00:00:00', '0', null, '0624YF', 'PAID'),('PUR_100380','SLM_100018', '331.41', '0', 'CASH', '1', '2024-06-01 00:00:00', '2024-06-01 00:00:00', '0', null, '0624YM', 'PAID'),('PUR_100381','SLM_100010', '328.42', '0', 'CASH', '1', '2024-06-01 00:00:00', '2024-06-01 00:00:00', '0', null, '0624YX', 'PAID')
2025-04-04 00:07:04,067 - INFO - Next value of sequence pur_id_seq: 100382
2025-04-04 00:07:04,080 - INFO - Next value of sequence pur_id_seq: 100383
2025-04-04 00:07:04,092 - INFO - Next value of sequence pur_id_seq: 100384
2025-04-04 00:07:04,115 - INFO - Successfully inserted data into konghin.purchase.
2025-04-04 00:07:04,115 - INFO - Query: INSERT INTO konghin.purchase (pur_id, pur_slm_id, pur_gold_cost, pur_labor_cost, pur_method, pur_official_invoice, pur_date, pur_billing_date, pur_weight, pur_invoice_no, pur_code, pur_payment_status) VALUES ('PUR_100382','SLM_100006', '144.5', '0', 'CASH', '1', '2011-07-01 00:00:00', '2011-07-01 00:00:00', '0', null, '0711MG', 'PAID'),('PUR_100383','SLM_100007', '138.0', '0', 'CASH', '1', '2011-07-01 00:00:00', '2011-07-01 00:00:00', '0', null, '0711SLG', 'PAID'),('PUR_100384','SLM_100010', '139.0', '0', 'CASH', '1', '2011-07-01 00:00:00', '2011-07-01 00:00:00', '0', null, '0711YX', 'PAID')
2025-04-04 00:07:04,137 - INFO - Next value of sequence pur_id_seq: 100385
2025-04-04 00:07:04,149 - INFO - Next value of sequence pur_id_seq: 100386
2025-04-04 00:07:04,181 - INFO - Next value of sequence pur_id_seq: 100387
2025-04-04 00:07:04,200 - INFO - Successfully inserted data into konghin.purchase.
2025-04-04 00:07:04,201 - INFO - Query: INSERT INTO konghin.purchase (pur_id, pur_slm_id, pur_gold_cost, pur_labor_cost, pur_method, pur_official_invoice, pur_date, pur_billing_date, pur_weight, pur_invoice_no, pur_code, pur_payment_status) VALUES ('PUR_100385','SLM_100011', '153.5', '0', 'CASH', '1', '2012-07-01 00:00:00', '2012-07-01 00:00:00', '0', null, '0712GBT', 'PAID'),('PUR_100386','SLM_100007', '153.5', '0', 'CASH', '1', '2012-07-01 00:00:00', '2012-07-01 00:00:00', '0', null, '0712SLG', 'PAID'),('PUR_100387','SLM_100011', '121.0', '0', 'CASH', '1', '2013-07-01 00:00:00', '2013-07-01 00:00:00', '0', null, '0713GBT', 'PAID')
2025-04-04 00:07:04,227 - INFO - Next value of sequence pur_id_seq: 100388
2025-04-04 00:07:04,243 - INFO - Next value of sequence pur_id_seq: 100389
2025-04-04 00:07:04,253 - INFO - Next value of sequence pur_id_seq: 100390
2025-04-04 00:07:04,270 - INFO - Successfully inserted data into konghin.purchase.
2025-04-04 00:07:04,270 - INFO - Query: INSERT INTO konghin.purchase (pur_id, pur_slm_id, pur_gold_cost, pur_labor_cost, pur_method, pur_official_invoice, pur_date, pur_billing_date, pur_weight, pur_invoice_no, pur_code, pur_payment_status) VALUES ('PUR_100388','SLM_100029', '120.5', '0', 'CASH', '1', '2013-07-01 00:00:00', '2013-07-01 00:00:00', '0', null, '0713KP', 'PAID'),('PUR_100389','SLM_100007', '129.5', '0', 'CASH', '1', '2013-07-01 00:00:00', '2013-07-01 00:00:00', '0', null, '0713SLG', 'PAID'),('PUR_100390','SLM_100010', '124.0', '0', 'CASH', '1', '2013-07-01 00:00:00', '2013-07-01 00:00:00', '0', null, '0713YX', 'PAID')
2025-04-04 00:07:04,292 - INFO - Next value of sequence pur_id_seq: 100391
2025-04-04 00:07:04,303 - INFO - Next value of sequence pur_id_seq: 100392
2025-04-04 00:07:04,322 - INFO - Next value of sequence pur_id_seq: 100393
2025-04-04 00:07:04,343 - INFO - Successfully inserted data into konghin.purchase.
2025-04-04 00:07:04,343 - INFO - Query: INSERT INTO konghin.purchase (pur_id, pur_slm_id, pur_gold_cost, pur_labor_cost, pur_method, pur_official_invoice, pur_date, pur_billing_date, pur_weight, pur_invoice_no, pur_code, pur_payment_status) VALUES ('PUR_100391','SLM_100011', '127.8', '0', 'CASH', '1', '2014-07-01 00:00:00', '2014-07-01 00:00:00', '0', null, '0714GBT', 'PAID'),('PUR_100392','SLM_100035', '127.4', '0', 'CASH', '1', '2014-07-01 00:00:00', '2014-07-01 00:00:00', '0', null, '0714GC', 'PAID'),('PUR_100393','SLM_100045', '126.4', '0', 'CASH', '1', '2014-07-01 00:00:00', '2014-07-01 00:00:00', '0', null, '0714GG', 'PAID')
2025-04-04 00:07:04,363 - INFO - Next value of sequence pur_id_seq: 100394
2025-04-04 00:07:04,378 - INFO - Next value of sequence pur_id_seq: 100395
2025-04-04 00:07:04,390 - INFO - Next value of sequence pur_id_seq: 100396
2025-04-04 00:07:04,411 - INFO - Successfully inserted data into konghin.purchase.
2025-04-04 00:07:04,411 - INFO - Query: INSERT INTO konghin.purchase (pur_id, pur_slm_id, pur_gold_cost, pur_labor_cost, pur_method, pur_official_invoice, pur_date, pur_billing_date, pur_weight, pur_invoice_no, pur_code, pur_payment_status) VALUES ('PUR_100394','SLM_100029', '125.8', '0', 'CASH', '1', '2014-07-01 00:00:00', '2014-07-01 00:00:00', '0', null, '0714KP', 'PAID'),('PUR_100395','SLM_100012', '125.3', '0', 'CASH', '1', '2014-07-01 00:00:00', '2014-07-01 00:00:00', '0', null, '0714MGI', 'PAID'),('PUR_100396','SLM_100009', '128.1', '0', 'CASH', '1', '2014-07-01 00:00:00', '2014-07-01 00:00:00', '0', null, '0714SH', 'PAID')
2025-04-04 00:07:04,446 - INFO - Next value of sequence pur_id_seq: 100397
2025-04-04 00:07:04,458 - INFO - Next value of sequence pur_id_seq: 100398
2025-04-04 00:07:04,469 - INFO - Next value of sequence pur_id_seq: 100399
2025-04-04 00:07:04,517 - INFO - Successfully inserted data into konghin.purchase.
2025-04-04 00:07:04,517 - INFO - Query: INSERT INTO konghin.purchase (pur_id, pur_slm_id, pur_gold_cost, pur_labor_cost, pur_method, pur_official_invoice, pur_date, pur_billing_date, pur_weight, pur_invoice_no, pur_code, pur_payment_status) VALUES ('PUR_100397','SLM_100007', '128.0', '0', 'CASH', '1', '2014-07-01 00:00:00', '2014-07-01 00:00:00', '0', null, '0714SLG', 'PAID'),('PUR_100398','SLM_100010', '127.5', '0', 'CASH', '1', '2014-07-01 00:00:00', '2014-07-01 00:00:00', '0', null, '0714YX', 'PAID'),('PUR_100399','SLM_100014', '126.45', '0', 'CASH', '1', '2015-07-01 00:00:00', '2015-07-01 00:00:00', '0', null, '0715FS', 'PAID')
2025-04-04 00:07:04,533 - INFO - Next value of sequence pur_id_seq: 100400
2025-04-04 00:07:04,541 - INFO - Next value of sequence pur_id_seq: 100401
2025-04-04 00:07:04,550 - INFO - Next value of sequence pur_id_seq: 100402
2025-04-04 00:07:04,568 - INFO - Successfully inserted data into konghin.purchase.
2025-04-04 00:07:04,568 - INFO - Query: INSERT INTO konghin.purchase (pur_id, pur_slm_id, pur_gold_cost, pur_labor_cost, pur_method, pur_official_invoice, pur_date, pur_billing_date, pur_weight, pur_invoice_no, pur_code, pur_payment_status) VALUES ('PUR_100400','SLM_100011', '133.5', '0', 'CASH', '1', '2015-07-01 00:00:00', '2015-07-01 00:00:00', '0', null, '0715GBT', 'PAID'),('PUR_100401','SLM_100036', '133.2', '0', 'CASH', '1', '2015-07-01 00:00:00', '2015-07-01 00:00:00', '0', null, '0715JF', 'PAID'),('PUR_100402','SLM_100007', '135.7', '0', 'CASH', '1', '2015-07-01 00:00:00', '2015-07-01 00:00:00', '0', null, '0715SLG', 'PAID')
2025-04-04 00:07:04,589 - INFO - Next value of sequence pur_id_seq: 100403
2025-04-04 00:07:04,601 - INFO - Next value of sequence pur_id_seq: 100404
2025-04-04 00:07:04,614 - INFO - Next value of sequence pur_id_seq: 100405
2025-04-04 00:07:04,631 - INFO - Successfully inserted data into konghin.purchase.
2025-04-04 00:07:04,631 - INFO - Query: INSERT INTO konghin.purchase (pur_id, pur_slm_id, pur_gold_cost, pur_labor_cost, pur_method, pur_official_invoice, pur_date, pur_billing_date, pur_weight, pur_invoice_no, pur_code, pur_payment_status) VALUES ('PUR_100403','SLM_100015', '126.5', '0', 'CASH', '1', '2015-07-01 00:00:00', '2015-07-01 00:00:00', '0', null, '0715YF', 'PAID'),('PUR_100404','SLM_100010', '125.65', '0', 'CASH', '1', '2015-07-01 00:00:00', '2015-07-01 00:00:00', '0', null, '0715YX', 'PAID'),('PUR_100405','SLM_100013', '163.3', '0', 'CASH', '1', '2016-07-01 00:00:00', '2016-07-01 00:00:00', '0', null, '0716DE', 'PAID')
2025-04-04 00:07:04,645 - INFO - Next value of sequence pur_id_seq: 100406
2025-04-04 00:07:04,655 - INFO - Next value of sequence pur_id_seq: 100407
2025-04-04 00:07:04,667 - INFO - Next value of sequence pur_id_seq: 100408
2025-04-04 00:07:04,684 - INFO - Successfully inserted data into konghin.purchase.
2025-04-04 00:07:04,685 - INFO - Query: INSERT INTO konghin.purchase (pur_id, pur_slm_id, pur_gold_cost, pur_labor_cost, pur_method, pur_official_invoice, pur_date, pur_billing_date, pur_weight, pur_invoice_no, pur_code, pur_payment_status) VALUES ('PUR_100406','SLM_100012', '161.2', '0', 'CASH', '1', '2016-07-01 00:00:00', '2016-07-01 00:00:00', '0', null, '0716MGI', 'PAID'),('PUR_100407','SLM_100007', '164.9', '0', 'CASH', '1', '2016-07-01 00:00:00', '2016-07-01 00:00:00', '0', null, '0716SLG', 'PAID'),('PUR_100408','SLM_100010', '164.4', '0', 'CASH', '1', '2016-07-01 00:00:00', '2016-07-01 00:00:00', '0', null, '0716YX', 'PAID')
2025-04-04 00:07:04,700 - INFO - Next value of sequence pur_id_seq: 100409
2025-04-04 00:07:04,710 - INFO - Next value of sequence pur_id_seq: 100410
2025-04-04 00:07:04,720 - INFO - Next value of sequence pur_id_seq: 100411
2025-04-04 00:07:04,738 - INFO - Successfully inserted data into konghin.purchase.
2025-04-04 00:07:04,739 - INFO - Query: INSERT INTO konghin.purchase (pur_id, pur_slm_id, pur_gold_cost, pur_labor_cost, pur_method, pur_official_invoice, pur_date, pur_billing_date, pur_weight, pur_invoice_no, pur_code, pur_payment_status) VALUES ('PUR_100409','SLM_100007', '161.7', '0', 'CASH', '1', '2017-07-01 00:00:00', '2017-07-01 00:00:00', '0', null, '0717SLG', 'PAID'),('PUR_100410','SLM_100018', '161.1', '0', 'CASH', '1', '2017-07-01 00:00:00', '2017-07-01 00:00:00', '0', null, '0717YM', 'PAID'),('PUR_100411','SLM_100010', '162.7', '0', 'CASH', '1', '2017-07-01 00:00:00', '2017-07-01 00:00:00', '0', null, '0717YX', 'PAID')
2025-04-04 00:07:04,754 - INFO - Next value of sequence pur_id_seq: 100412
2025-04-04 00:07:04,765 - INFO - Next value of sequence pur_id_seq: 100413
2025-04-04 00:07:04,774 - INFO - Next value of sequence pur_id_seq: 100414
2025-04-04 00:07:04,790 - INFO - Successfully inserted data into konghin.purchase.
2025-04-04 00:07:04,790 - INFO - Query: INSERT INTO konghin.purchase (pur_id, pur_slm_id, pur_gold_cost, pur_labor_cost, pur_method, pur_official_invoice, pur_date, pur_billing_date, pur_weight, pur_invoice_no, pur_code, pur_payment_status) VALUES ('PUR_100412','SLM_100007', '155.2', '0', 'CASH', '1', '2018-07-01 00:00:00', '2018-07-01 00:00:00', '0', null, '0718SLG', 'PAID'),('PUR_100413','SLM_100018', '152.72', '0', 'CASH', '1', '2018-07-01 00:00:00', '2018-07-01 00:00:00', '0', null, '0718YM', 'PAID'),('PUR_100414','SLM_100043', '174.58', '0', 'CASH', '1', '2019-07-01 00:00:00', '2019-07-01 00:00:00', '0', null, '0719DC', 'PAID')
2025-04-04 00:07:04,803 - INFO - Next value of sequence pur_id_seq: 100415
2025-04-04 00:07:04,812 - INFO - Next value of sequence pur_id_seq: 100416
2025-04-04 00:07:04,822 - INFO - Next value of sequence pur_id_seq: 100417
2025-04-04 00:07:04,839 - INFO - Successfully inserted data into konghin.purchase.
2025-04-04 00:07:04,839 - INFO - Query: INSERT INTO konghin.purchase (pur_id, pur_slm_id, pur_gold_cost, pur_labor_cost, pur_method, pur_official_invoice, pur_date, pur_billing_date, pur_weight, pur_invoice_no, pur_code, pur_payment_status) VALUES ('PUR_100415','SLM_100031', '178.96', '0', 'CASH', '1', '2019-07-01 00:00:00', '2019-07-01 00:00:00', '0', null, '0719MK', 'PAID'),('PUR_100416','SLM_100007', '174.35', '0', 'CASH', '1', '2019-07-01 00:00:00', '2019-07-01 00:00:00', '0', null, '0719SLG', 'PAID'),('PUR_100417','SLM_100015', '174.57', '0', 'CASH', '1', '2019-07-01 00:00:00', '2019-07-01 00:00:00', '0', null, '0719YF', 'PAID')
2025-04-04 00:07:04,854 - INFO - Next value of sequence pur_id_seq: 100418
2025-04-04 00:07:04,864 - INFO - Next value of sequence pur_id_seq: 100419
2025-04-04 00:07:04,872 - INFO - Next value of sequence pur_id_seq: 100420
2025-04-04 00:07:04,889 - INFO - Successfully inserted data into konghin.purchase.
2025-04-04 00:07:04,889 - INFO - Query: INSERT INTO konghin.purchase (pur_id, pur_slm_id, pur_gold_cost, pur_labor_cost, pur_method, pur_official_invoice, pur_date, pur_billing_date, pur_weight, pur_invoice_no, pur_code, pur_payment_status) VALUES ('PUR_100418','SLM_100018', '177.66', '0', 'CASH', '1', '2019-07-01 00:00:00', '2019-07-01 00:00:00', '0', null, '0719YM', 'PAID'),('PUR_100419','SLM_100010', '179.58', '0', 'CASH', '1', '2019-07-01 00:00:00', '2019-07-01 00:00:00', '0', null, '0719YX', 'PAID'),('PUR_100420','SLM_100031', '230.79', '0', 'CASH', '1', '2020-07-01 00:00:00', '2020-07-01 00:00:00', '0', null, '0720MK', 'PAID')
2025-04-04 00:07:04,907 - INFO - Next value of sequence pur_id_seq: 100421
2025-04-04 00:07:04,914 - INFO - Next value of sequence pur_id_seq: 100422
2025-04-04 00:07:04,923 - INFO - Next value of sequence pur_id_seq: 100423
2025-04-04 00:07:04,941 - INFO - Successfully inserted data into konghin.purchase.
2025-04-04 00:07:04,941 - INFO - Query: INSERT INTO konghin.purchase (pur_id, pur_slm_id, pur_gold_cost, pur_labor_cost, pur_method, pur_official_invoice, pur_date, pur_billing_date, pur_weight, pur_invoice_no, pur_code, pur_payment_status) VALUES ('PUR_100421','SLM_100017', '249.88', '0', 'CASH', '1', '2020-07-01 00:00:00', '2020-07-01 00:00:00', '0', null, '0720XW', 'PAID'),('PUR_100422','SLM_100020', '240.06', '0', 'CASH', '1', '2022-07-01 00:00:00', '2022-07-01 00:00:00', '0', null, '0722JJT', 'PAID'),('PUR_100423','SLM_100019', '236.37', '0', 'CASH', '1', '2022-07-01 00:00:00', '2022-07-01 00:00:00', '0', null, '0722LUX', 'PAID')
2025-04-04 00:07:04,966 - INFO - Next value of sequence pur_id_seq: 100424
2025-04-04 00:07:04,985 - INFO - Next value of sequence pur_id_seq: 100425
2025-04-04 00:07:05,017 - INFO - Next value of sequence pur_id_seq: 100426
2025-04-04 00:07:05,041 - INFO - Successfully inserted data into konghin.purchase.
2025-04-04 00:07:05,041 - INFO - Query: INSERT INTO konghin.purchase (pur_id, pur_slm_id, pur_gold_cost, pur_labor_cost, pur_method, pur_official_invoice, pur_date, pur_billing_date, pur_weight, pur_invoice_no, pur_code, pur_payment_status) VALUES ('PUR_100424','SLM_100007', '230.78', '0', 'CASH', '1', '2022-07-01 00:00:00', '2022-07-01 00:00:00', '0', null, '0722SLG', 'PAID'),('PUR_100425','SLM_100025', '240.87', '0', 'CASH', '1', '2022-07-01 00:00:00', '2022-07-01 00:00:00', '0', null, '0722TC', 'PAID'),('PUR_100426','SLM_100015', '230.44', '0', 'CASH', '1', '2022-07-01 00:00:00', '2022-07-01 00:00:00', '0', null, '0722YF', 'PAID')
2025-04-04 00:07:05,078 - INFO - Next value of sequence pur_id_seq: 100427
2025-04-04 00:07:05,088 - INFO - Next value of sequence pur_id_seq: 100428
2025-04-04 00:07:05,098 - INFO - Next value of sequence pur_id_seq: 100429
2025-04-04 00:07:05,116 - INFO - Successfully inserted data into konghin.purchase.
2025-04-04 00:07:05,116 - INFO - Query: INSERT INTO konghin.purchase (pur_id, pur_slm_id, pur_gold_cost, pur_labor_cost, pur_method, pur_official_invoice, pur_date, pur_billing_date, pur_weight, pur_invoice_no, pur_code, pur_payment_status) VALUES ('PUR_100427','SLM_100018', '240.59', '0', 'CASH', '1', '2022-07-01 00:00:00', '2022-07-01 00:00:00', '0', null, '0722YM', 'PAID'),('PUR_100428','SLM_100010', '234.67', '0', 'CASH', '1', '2022-07-01 00:00:00', '2022-07-01 00:00:00', '0', null, '0722YX', 'PAID'),('PUR_100429','SLM_100023', '334.9', '0', 'CASH', '1', '2024-07-01 00:00:00', '2024-07-01 00:00:00', '0', null, '0724CJ', 'PAID')
2025-04-04 00:07:05,132 - INFO - Next value of sequence pur_id_seq: 100430
2025-04-04 00:07:05,142 - INFO - Next value of sequence pur_id_seq: 100431
2025-04-04 00:07:05,152 - INFO - Next value of sequence pur_id_seq: 100432
2025-04-04 00:07:05,167 - INFO - Successfully inserted data into konghin.purchase.
2025-04-04 00:07:05,167 - INFO - Query: INSERT INTO konghin.purchase (pur_id, pur_slm_id, pur_gold_cost, pur_labor_cost, pur_method, pur_official_invoice, pur_date, pur_billing_date, pur_weight, pur_invoice_no, pur_code, pur_payment_status) VALUES ('PUR_100430','SLM_100020', '335.0', '0', 'CASH', '1', '2024-07-01 00:00:00', '2024-07-01 00:00:00', '0', null, '0724JJT', 'PAID'),('PUR_100431','SLM_100019', '333.97', '0', 'CASH', '1', '2024-07-01 00:00:00', '2024-07-01 00:00:00', '0', null, '0724LUX', 'PAID'),('PUR_100432','SLM_100024', '339.4', '0', 'CASH', '1', '2024-07-01 00:00:00', '2024-07-01 00:00:00', '0', null, '0724SF', 'PAID')
2025-04-04 00:07:05,182 - INFO - Next value of sequence pur_id_seq: 100433
2025-04-04 00:07:05,193 - INFO - Next value of sequence pur_id_seq: 100434
2025-04-04 00:07:05,202 - INFO - Next value of sequence pur_id_seq: 100435
2025-04-04 00:07:05,221 - INFO - Successfully inserted data into konghin.purchase.
2025-04-04 00:07:05,222 - INFO - Query: INSERT INTO konghin.purchase (pur_id, pur_slm_id, pur_gold_cost, pur_labor_cost, pur_method, pur_official_invoice, pur_date, pur_billing_date, pur_weight, pur_invoice_no, pur_code, pur_payment_status) VALUES ('PUR_100433','SLM_100007', '337.65', '0', 'CASH', '1', '2024-07-01 00:00:00', '2024-07-01 00:00:00', '0', null, '0724SLG', 'PAID'),('PUR_100434','SLM_100017', '342.06', '0', 'CASH', '1', '2024-07-01 00:00:00', '2024-07-01 00:00:00', '0', null, '0724XW', 'PAID'),('PUR_100435','SLM_100018', '347.73', '0', 'CASH', '1', '2024-07-01 00:00:00', '2024-07-01 00:00:00', '0', null, '0724YM', 'PAID')
2025-04-04 00:07:05,238 - INFO - Next value of sequence pur_id_seq: 100436
2025-04-04 00:07:05,247 - INFO - Next value of sequence pur_id_seq: 100437
2025-04-04 00:07:05,256 - INFO - Next value of sequence pur_id_seq: 100438
2025-04-04 00:07:05,273 - INFO - Successfully inserted data into konghin.purchase.
2025-04-04 00:07:05,273 - INFO - Query: INSERT INTO konghin.purchase (pur_id, pur_slm_id, pur_gold_cost, pur_labor_cost, pur_method, pur_official_invoice, pur_date, pur_billing_date, pur_weight, pur_invoice_no, pur_code, pur_payment_status) VALUES ('PUR_100436','SLM_100010', '336.84', '0', 'CASH', '1', '2024-07-01 00:00:00', '2024-07-01 00:00:00', '0', null, '0724YX', 'PAID'),('PUR_100437','SLM_100011', '166.5', '0', 'CASH', '1', '2011-08-01 00:00:00', '2011-08-01 00:00:00', '0', null, '0811GBT', 'PAID'),('PUR_100438','SLM_100007', '161.5', '0', 'CASH', '1', '2011-08-01 00:00:00', '2011-08-01 00:00:00', '0', null, '0811SLG', 'PAID')
2025-04-04 00:07:05,297 - INFO - Next value of sequence pur_id_seq: 100439
2025-04-04 00:07:05,306 - INFO - Next value of sequence pur_id_seq: 100440
2025-04-04 00:07:05,316 - INFO - Next value of sequence pur_id_seq: 100441
2025-04-04 00:07:05,333 - INFO - Successfully inserted data into konghin.purchase.
2025-04-04 00:07:05,333 - INFO - Query: INSERT INTO konghin.purchase (pur_id, pur_slm_id, pur_gold_cost, pur_labor_cost, pur_method, pur_official_invoice, pur_date, pur_billing_date, pur_weight, pur_invoice_no, pur_code, pur_payment_status) VALUES ('PUR_100439','SLM_100010', '169.0', '0', 'CASH', '1', '2011-08-01 00:00:00', '2011-08-01 00:00:00', '0', null, '0811YX', 'PAID'),('PUR_100440','SLM_100011', '153.0', '0', 'CASH', '1', '2012-08-01 00:00:00', '2012-08-01 00:00:00', '0', null, '0812GBT', 'PAID'),('PUR_100441','SLM_100006', '151.0', '0', 'CASH', '1', '2012-08-01 00:00:00', '2012-08-01 00:00:00', '0', null, '0812MG', 'PAID')
2025-04-04 00:07:05,356 - INFO - Next value of sequence pur_id_seq: 100442
2025-04-04 00:07:05,364 - INFO - Next value of sequence pur_id_seq: 100443
2025-04-04 00:07:05,373 - INFO - Next value of sequence pur_id_seq: 100444
2025-04-04 00:07:05,388 - INFO - Successfully inserted data into konghin.purchase.
2025-04-04 00:07:05,388 - INFO - Query: INSERT INTO konghin.purchase (pur_id, pur_slm_id, pur_gold_cost, pur_labor_cost, pur_method, pur_official_invoice, pur_date, pur_billing_date, pur_weight, pur_invoice_no, pur_code, pur_payment_status) VALUES ('PUR_100442','SLM_100007', '154.5', '0', 'CASH', '1', '2012-08-01 00:00:00', '2012-08-01 00:00:00', '0', null, '0812SLG', 'PAID'),('PUR_100443','SLM_100010', '154.0', '0', 'CASH', '1', '2012-08-01 00:00:00', '2012-08-01 00:00:00', '0', null, '0812YX', 'PAID'),('PUR_100444','SLM_100029', '128.5', '0', 'CASH', '1', '2013-08-01 00:00:00', '2013-08-01 00:00:00', '0', null, '0813KP', 'PAID')
2025-04-04 00:07:05,403 - INFO - Next value of sequence pur_id_seq: 100445
2025-04-04 00:07:05,412 - INFO - Next value of sequence pur_id_seq: 100446
2025-04-04 00:07:05,421 - INFO - Next value of sequence pur_id_seq: 100447
2025-04-04 00:07:05,444 - INFO - Successfully inserted data into konghin.purchase.
2025-04-04 00:07:05,444 - INFO - Query: INSERT INTO konghin.purchase (pur_id, pur_slm_id, pur_gold_cost, pur_labor_cost, pur_method, pur_official_invoice, pur_date, pur_billing_date, pur_weight, pur_invoice_no, pur_code, pur_payment_status) VALUES ('PUR_100445','SLM_100007', '131.0', '0', 'CASH', '1', '2013-08-01 00:00:00', '2013-08-01 00:00:00', '0', null, '0813SLG', 'PAID'),('PUR_100446','SLM_100010', '142.0', '0', 'CASH', '1', '2013-08-01 00:00:00', '2013-08-01 00:00:00', '0', null, '0813YX', 'PAID'),('PUR_100447','SLM_100011', '122.8', '0', 'CASH', '1', '2014-08-01 00:00:00', '2014-08-01 00:00:00', '0', null, '0814GBT', 'PAID')
2025-04-04 00:07:05,461 - INFO - Next value of sequence pur_id_seq: 100448
2025-04-04 00:07:05,470 - INFO - Next value of sequence pur_id_seq: 100449
2025-04-04 00:07:05,480 - INFO - Next value of sequence pur_id_seq: 100450
2025-04-04 00:07:05,498 - INFO - Successfully inserted data into konghin.purchase.
2025-04-04 00:07:05,498 - INFO - Query: INSERT INTO konghin.purchase (pur_id, pur_slm_id, pur_gold_cost, pur_labor_cost, pur_method, pur_official_invoice, pur_date, pur_billing_date, pur_weight, pur_invoice_no, pur_code, pur_payment_status) VALUES ('PUR_100448','SLM_100035', '127.1', '0', 'CASH', '1', '2014-08-01 00:00:00', '2014-08-01 00:00:00', '0', null, '0814GC', 'PAID'),('PUR_100449','SLM_100045', '123.2', '0', 'CASH', '1', '2014-08-01 00:00:00', '2014-08-01 00:00:00', '0', null, '0814GG', 'PAID'),('PUR_100450','SLM_100012', '126.2', '0', 'CASH', '1', '2014-08-01 00:00:00', '2014-08-01 00:00:00', '0', null, '0814MGI', 'PAID')
2025-04-04 00:07:05,517 - INFO - Next value of sequence pur_id_seq: 100451
2025-04-04 00:07:05,531 - INFO - Next value of sequence pur_id_seq: 100452
2025-04-04 00:07:05,543 - INFO - Next value of sequence pur_id_seq: 100453
2025-04-04 00:07:05,565 - INFO - Successfully inserted data into konghin.purchase.
2025-04-04 00:07:05,565 - INFO - Query: INSERT INTO konghin.purchase (pur_id, pur_slm_id, pur_gold_cost, pur_labor_cost, pur_method, pur_official_invoice, pur_date, pur_billing_date, pur_weight, pur_invoice_no, pur_code, pur_payment_status) VALUES ('PUR_100451','SLM_100007', '127.4', '0', 'CASH', '1', '2014-08-01 00:00:00', '2014-08-01 00:00:00', '0', null, '0814SLG', 'PAID'),('PUR_100452','SLM_100011', '129.6', '0', 'CASH', '1', '2015-08-01 00:00:00', '2015-08-01 00:00:00', '0', null, '0815GBT', 'PAID'),('PUR_100453','SLM_100036', '129.85', '0', 'CASH', '1', '2015-08-01 00:00:00', '2015-08-01 00:00:00', '0', null, '0815JF', 'PAID')
2025-04-04 00:07:05,583 - INFO - Next value of sequence pur_id_seq: 100454
2025-04-04 00:07:05,595 - INFO - Next value of sequence pur_id_seq: 100455
2025-04-04 00:07:05,608 - INFO - Next value of sequence pur_id_seq: 100456
2025-04-04 00:07:05,627 - INFO - Successfully inserted data into konghin.purchase.
2025-04-04 00:07:05,627 - INFO - Query: INSERT INTO konghin.purchase (pur_id, pur_slm_id, pur_gold_cost, pur_labor_cost, pur_method, pur_official_invoice, pur_date, pur_billing_date, pur_weight, pur_invoice_no, pur_code, pur_payment_status) VALUES ('PUR_100454','SLM_100012', '147.3', '0', 'CASH', '1', '2015-08-01 00:00:00', '2015-08-01 00:00:00', '0', null, '0815MGI', 'PAID'),('PUR_100455','SLM_100007', '138.8', '0', 'CASH', '1', '2015-08-01 00:00:00', '2015-08-01 00:00:00', '0', null, '0815SLG', 'PAID'),('PUR_100456','SLM_100011', '166.7', '0', 'CASH', '1', '2016-08-01 00:00:00', '2016-08-01 00:00:00', '0', null, '0816GBT', 'PAID')
2025-04-04 00:07:05,655 - INFO - Next value of sequence pur_id_seq: 100457
2025-04-04 00:07:05,666 - INFO - Next value of sequence pur_id_seq: 100458
2025-04-04 00:07:05,677 - INFO - Next value of sequence pur_id_seq: 100459
2025-04-04 00:07:05,694 - INFO - Successfully inserted data into konghin.purchase.
2025-04-04 00:07:05,694 - INFO - Query: INSERT INTO konghin.purchase (pur_id, pur_slm_id, pur_gold_cost, pur_labor_cost, pur_method, pur_official_invoice, pur_date, pur_billing_date, pur_weight, pur_invoice_no, pur_code, pur_payment_status) VALUES ('PUR_100457','SLM_100007', '165.6', '0', 'CASH', '1', '2016-08-01 00:00:00', '2016-08-01 00:00:00', '0', null, '0816SLG', 'PAID'),('PUR_100458','SLM_100013', '164.7', '0', 'CASH', '1', '2017-08-01 00:00:00', '2017-08-01 00:00:00', '0', null, '0817DE', 'PAID'),('PUR_100459','SLM_100011', '168.5', '0', 'CASH', '1', '2017-08-01 00:00:00', '2017-08-01 00:00:00', '0', null, '0817GBT', 'PAID')
2025-04-04 00:07:05,711 - INFO - Next value of sequence pur_id_seq: 100460
2025-04-04 00:07:05,720 - INFO - Next value of sequence pur_id_seq: 100461
2025-04-04 00:07:05,733 - INFO - Next value of sequence pur_id_seq: 100462
2025-04-04 00:07:05,762 - INFO - Successfully inserted data into konghin.purchase.
2025-04-04 00:07:05,762 - INFO - Query: INSERT INTO konghin.purchase (pur_id, pur_slm_id, pur_gold_cost, pur_labor_cost, pur_method, pur_official_invoice, pur_date, pur_billing_date, pur_weight, pur_invoice_no, pur_code, pur_payment_status) VALUES ('PUR_100460','SLM_100007', '165.7', '0', 'CASH', '1', '2017-08-01 00:00:00', '2017-08-01 00:00:00', '0', null, '0817SLG', 'PAID'),('PUR_100461','SLM_100017', '166.9', '0', 'CASH', '1', '2017-08-01 00:00:00', '2017-08-01 00:00:00', '0', null, '0817XW', 'PAID'),('PUR_100462','SLM_100018', '164.8', '0', 'CASH', '1', '2017-08-01 00:00:00', '2017-08-01 00:00:00', '0', null, '0817YM', 'PAID')
2025-04-04 00:07:05,785 - INFO - Next value of sequence pur_id_seq: 100463
2025-04-04 00:07:05,795 - INFO - Next value of sequence pur_id_seq: 100464
2025-04-04 00:07:05,813 - INFO - Next value of sequence pur_id_seq: 100465
2025-04-04 00:07:05,836 - INFO - Successfully inserted data into konghin.purchase.
2025-04-04 00:07:05,836 - INFO - Query: INSERT INTO konghin.purchase (pur_id, pur_slm_id, pur_gold_cost, pur_labor_cost, pur_method, pur_official_invoice, pur_date, pur_billing_date, pur_weight, pur_invoice_no, pur_code, pur_payment_status) VALUES ('PUR_100463','SLM_100013', '148.21', '0', 'CASH', '1', '2018-08-01 00:00:00', '2018-08-01 00:00:00', '0', null, '0818DE', 'PAID'),('PUR_100464','SLM_100007', '151.6', '0', 'CASH', '1', '2018-08-01 00:00:00', '2018-08-01 00:00:00', '0', null, '0818SLG', 'PAID'),('PUR_100465','SLM_100017', '147.25', '0', 'CASH', '1', '2018-08-01 00:00:00', '2018-08-01 00:00:00', '0', null, '0818XW', 'PAID')
2025-04-04 00:07:05,851 - INFO - Next value of sequence pur_id_seq: 100466
2025-04-04 00:07:05,861 - INFO - Next value of sequence pur_id_seq: 100467
2025-04-04 00:07:05,869 - INFO - Next value of sequence pur_id_seq: 100468
2025-04-04 00:07:05,885 - INFO - Successfully inserted data into konghin.purchase.
2025-04-04 00:07:05,885 - INFO - Query: INSERT INTO konghin.purchase (pur_id, pur_slm_id, pur_gold_cost, pur_labor_cost, pur_method, pur_official_invoice, pur_date, pur_billing_date, pur_weight, pur_invoice_no, pur_code, pur_payment_status) VALUES ('PUR_100466','SLM_100015', '145.25', '0', 'CASH', '1', '2018-08-01 00:00:00', '2018-08-01 00:00:00', '0', null, '0818YF', 'PAID'),('PUR_100467','SLM_100018', '150.0', '0', 'CASH', '1', '2018-08-01 00:00:00', '2018-08-01 00:00:00', '0', null, '0818YM', 'PAID'),('PUR_100468','SLM_100010', '150.23', '0', 'CASH', '1', '2018-08-01 00:00:00', '2018-08-01 00:00:00', '0', null, '0818YX', 'PAID')
2025-04-04 00:07:05,900 - INFO - Next value of sequence pur_id_seq: 100469
2025-04-04 00:07:05,912 - INFO - Next value of sequence pur_id_seq: 100470
2025-04-04 00:07:05,929 - INFO - Next value of sequence pur_id_seq: 100471
2025-04-04 00:07:05,946 - INFO - Successfully inserted data into konghin.purchase.
2025-04-04 00:07:05,946 - INFO - Query: INSERT INTO konghin.purchase (pur_id, pur_slm_id, pur_gold_cost, pur_labor_cost, pur_method, pur_official_invoice, pur_date, pur_billing_date, pur_weight, pur_invoice_no, pur_code, pur_payment_status) VALUES ('PUR_100469','SLM_100007', '178.03', '0', 'CASH', '1', '2019-08-01 00:00:00', '2019-08-01 00:00:00', '0', null, '0819SLG', 'PAID'),('PUR_100470','SLM_100018', '176.49', '0', 'CASH', '1', '2019-08-01 00:00:00', '2019-08-01 00:00:00', '0', null, '0819YM', 'PAID'),('PUR_100471','SLM_100010', '194.88', '0', 'CASH', '1', '2019-08-01 00:00:00', '2019-08-01 00:00:00', '0', null, '0819YX', 'PAID')
2025-04-04 00:07:05,963 - INFO - Next value of sequence pur_id_seq: 100472
2025-04-04 00:07:05,977 - INFO - Next value of sequence pur_id_seq: 100473
2025-04-04 00:07:05,986 - INFO - Next value of sequence pur_id_seq: 100474
2025-04-04 00:07:06,003 - INFO - Successfully inserted data into konghin.purchase.
2025-04-04 00:07:06,003 - INFO - Query: INSERT INTO konghin.purchase (pur_id, pur_slm_id, pur_gold_cost, pur_labor_cost, pur_method, pur_official_invoice, pur_date, pur_billing_date, pur_weight, pur_invoice_no, pur_code, pur_payment_status) VALUES ('PUR_100472','SLM_100031', '245.85', '0', 'CASH', '1', '2020-08-01 00:00:00', '2020-08-01 00:00:00', '0', null, '0820MK', 'PAID'),('PUR_100473','SLM_100007', '257.58', '0', 'CASH', '1', '2020-08-01 00:00:00', '2020-08-01 00:00:00', '0', null, '0820SLG', 'PAID'),('PUR_100474','SLM_100018', '260.12', '0', 'CASH', '1', '2020-08-01 00:00:00', '2020-08-01 00:00:00', '0', null, '0820YM', 'PAID')
2025-04-04 00:07:06,019 - INFO - Next value of sequence pur_id_seq: 100475
2025-04-04 00:07:06,032 - INFO - Next value of sequence pur_id_seq: 100476
2025-04-04 00:07:06,051 - INFO - Next value of sequence pur_id_seq: 100477
2025-04-04 00:07:06,067 - INFO - Successfully inserted data into konghin.purchase.
2025-04-04 00:07:06,067 - INFO - Query: INSERT INTO konghin.purchase (pur_id, pur_slm_id, pur_gold_cost, pur_labor_cost, pur_method, pur_official_invoice, pur_date, pur_billing_date, pur_weight, pur_invoice_no, pur_code, pur_payment_status) VALUES ('PUR_100475','SLM_100020', '227.37', '0', 'CASH', '1', '2021-08-01 00:00:00', '2021-08-01 00:00:00', '0', null, '0821JJT', 'PAID'),('PUR_100476','SLM_100020', '239.93', '0', 'CASH', '1', '2022-08-01 00:00:00', '2022-08-01 00:00:00', '0', null, '0822JJT', 'PAID'),('PUR_100477','SLM_100034', '236.76', '0', 'CASH', '1', '2022-08-01 00:00:00', '2022-08-01 00:00:00', '0', null, '0822JS', 'PAID')
2025-04-04 00:07:06,082 - INFO - Next value of sequence pur_id_seq: 100478
2025-04-04 00:07:06,091 - INFO - Next value of sequence pur_id_seq: 100479
2025-04-04 00:07:06,100 - INFO - Next value of sequence pur_id_seq: 100480
2025-04-04 00:07:06,122 - INFO - Successfully inserted data into konghin.purchase.
2025-04-04 00:07:06,122 - INFO - Query: INSERT INTO konghin.purchase (pur_id, pur_slm_id, pur_gold_cost, pur_labor_cost, pur_method, pur_official_invoice, pur_date, pur_billing_date, pur_weight, pur_invoice_no, pur_code, pur_payment_status) VALUES ('PUR_100478','SLM_100022', '237.46', '0', 'CASH', '1', '2022-08-01 00:00:00', '2022-08-01 00:00:00', '0', null, '0822RB', 'PAID'),('PUR_100479','SLM_100007', '240.83', '0', 'CASH', '1', '2022-08-01 00:00:00', '2022-08-01 00:00:00', '0', null, '0822SLG', 'PAID'),('PUR_100480','SLM_100025', '237.46', '0', 'CASH', '1', '2022-08-01 00:00:00', '2022-08-01 00:00:00', '0', null, '0822TC', 'PAID')
2025-04-04 00:07:06,138 - INFO - Next value of sequence pur_id_seq: 100481
2025-04-04 00:07:06,149 - INFO - Next value of sequence pur_id_seq: 100482
2025-04-04 00:07:06,160 - INFO - Next value of sequence pur_id_seq: 100483
2025-04-04 00:07:06,177 - INFO - Successfully inserted data into konghin.purchase.
2025-04-04 00:07:06,177 - INFO - Query: INSERT INTO konghin.purchase (pur_id, pur_slm_id, pur_gold_cost, pur_labor_cost, pur_method, pur_official_invoice, pur_date, pur_billing_date, pur_weight, pur_invoice_no, pur_code, pur_payment_status) VALUES ('PUR_100481','SLM_100023', '325.84', '0', 'CASH', '1', '2024-08-01 00:00:00', '2024-08-01 00:00:00', '0', null, '0824CJ', 'PAID'),('PUR_100482','SLM_100020', '331.26', '0', 'CASH', '1', '2024-08-01 00:00:00', '2024-08-01 00:00:00', '0', null, '0824JJT', 'PAID'),('PUR_100483','SLM_100019', '329.97', '0', 'CASH', '1', '2024-08-01 00:00:00', '2024-08-01 00:00:00', '0', null, '0824LUX', 'PAID')
2025-04-04 00:07:06,196 - INFO - Next value of sequence pur_id_seq: 100484
2025-04-04 00:07:06,207 - INFO - Next value of sequence pur_id_seq: 100485
2025-04-04 00:07:06,217 - INFO - Next value of sequence pur_id_seq: 100486
2025-04-04 00:07:06,232 - INFO - Successfully inserted data into konghin.purchase.
2025-04-04 00:07:06,232 - INFO - Query: INSERT INTO konghin.purchase (pur_id, pur_slm_id, pur_gold_cost, pur_labor_cost, pur_method, pur_official_invoice, pur_date, pur_billing_date, pur_weight, pur_invoice_no, pur_code, pur_payment_status) VALUES ('PUR_100484','SLM_100007', '330.94', '0', 'CASH', '1', '2024-08-01 00:00:00', '2024-08-01 00:00:00', '0', null, '0824SLG', 'PAID'),('PUR_100485','SLM_100018', '328.82', '0', 'CASH', '1', '2024-08-01 00:00:00', '2024-08-01 00:00:00', '0', null, '0824YM', 'PAID'),('PUR_100486','SLM_100010', '329.41', '0', 'CASH', '1', '2024-08-01 00:00:00', '2024-08-01 00:00:00', '0', null, '0824YX', 'PAID')
2025-04-04 00:07:06,252 - INFO - Next value of sequence pur_id_seq: 100487
2025-04-04 00:07:06,263 - INFO - Next value of sequence pur_id_seq: 100488
2025-04-04 00:07:06,271 - INFO - Next value of sequence pur_id_seq: 100489
2025-04-04 00:07:06,289 - INFO - Successfully inserted data into konghin.purchase.
2025-04-04 00:07:06,290 - INFO - Query: INSERT INTO konghin.purchase (pur_id, pur_slm_id, pur_gold_cost, pur_labor_cost, pur_method, pur_official_invoice, pur_date, pur_billing_date, pur_weight, pur_invoice_no, pur_code, pur_payment_status) VALUES ('PUR_100487','SLM_100011', '170.0', '0', 'CASH', '1', '2011-09-01 00:00:00', '2011-09-01 00:00:00', '0', null, '0911GBT', 'PAID'),('PUR_100488','SLM_100007', '169.5', '0', 'CASH', '1', '2011-09-01 00:00:00', '2011-09-01 00:00:00', '0', null, '0911SLG', 'PAID'),('PUR_100489','SLM_100010', '157.0', '0', 'CASH', '1', '2011-09-01 00:00:00', '2011-09-01 00:00:00', '0', null, '0911YX', 'PAID')
2025-04-04 00:07:06,307 - INFO - Next value of sequence pur_id_seq: 100490
2025-04-04 00:07:06,319 - INFO - Next value of sequence pur_id_seq: 100491
2025-04-04 00:07:06,332 - INFO - Next value of sequence pur_id_seq: 100492
2025-04-04 00:07:06,351 - INFO - Successfully inserted data into konghin.purchase.
2025-04-04 00:07:06,351 - INFO - Query: INSERT INTO konghin.purchase (pur_id, pur_slm_id, pur_gold_cost, pur_labor_cost, pur_method, pur_official_invoice, pur_date, pur_billing_date, pur_weight, pur_invoice_no, pur_code, pur_payment_status) VALUES ('PUR_100490','SLM_100011', '133.0', '0', 'CASH', '1', '2013-09-01 00:00:00', '2013-09-01 00:00:00', '0', null, '0913GBT', 'PAID'),('PUR_100491','SLM_100007', '132.0', '0', 'CASH', '1', '2013-09-01 00:00:00', '2013-09-01 00:00:00', '0', null, '0913SLG', 'PAID'),('PUR_100492','SLM_100011', '121.4', '0', 'CASH', '1', '2014-09-01 00:00:00', '2014-09-01 00:00:00', '0', null, '0914GBT', 'PAID')
2025-04-04 00:07:06,367 - INFO - Next value of sequence pur_id_seq: 100493
2025-04-04 00:07:06,376 - INFO - Next value of sequence pur_id_seq: 100494
2025-04-04 00:07:06,384 - INFO - Next value of sequence pur_id_seq: 100495
2025-04-04 00:07:06,403 - INFO - Successfully inserted data into konghin.purchase.
2025-04-04 00:07:06,403 - INFO - Query: INSERT INTO konghin.purchase (pur_id, pur_slm_id, pur_gold_cost, pur_labor_cost, pur_method, pur_official_invoice, pur_date, pur_billing_date, pur_weight, pur_invoice_no, pur_code, pur_payment_status) VALUES ('PUR_100493','SLM_100035', '120.1', '0', 'CASH', '1', '2014-09-01 00:00:00', '2014-09-01 00:00:00', '0', null, '0914GC', 'PAID'),('PUR_100494','SLM_100009', '120.6', '0', 'CASH', '1', '2014-09-01 00:00:00', '2014-09-01 00:00:00', '0', null, '0914SH', 'PAID'),('PUR_100495','SLM_100007', '121.5', '0', 'CASH', '1', '2014-09-01 00:00:00', '2014-09-01 00:00:00', '0', null, '0914SLG', 'PAID')
2025-04-04 00:07:06,429 - INFO - Next value of sequence pur_id_seq: 100496
2025-04-04 00:07:06,442 - INFO - Next value of sequence pur_id_seq: 100497
2025-04-04 00:07:06,460 - INFO - Next value of sequence pur_id_seq: 100498
2025-04-04 00:07:06,484 - INFO - Successfully inserted data into konghin.purchase.
2025-04-04 00:07:06,484 - INFO - Query: INSERT INTO konghin.purchase (pur_id, pur_slm_id, pur_gold_cost, pur_labor_cost, pur_method, pur_official_invoice, pur_date, pur_billing_date, pur_weight, pur_invoice_no, pur_code, pur_payment_status) VALUES ('PUR_100496','SLM_100010', '121.2', '0', 'CASH', '1', '2014-09-01 00:00:00', '2014-09-01 00:00:00', '0', null, '0914YX', 'PAID'),('PUR_100497','SLM_100013', '144.5', '0', 'CASH', '1', '2015-09-01 00:00:00', '2015-09-01 00:00:00', '0', null, '0915DE', 'PAID'),('PUR_100498','SLM_100014', '146.5', '0', 'CASH', '1', '2015-09-01 00:00:00', '2015-09-01 00:00:00', '0', null, '0915FS', 'PAID')
2025-04-04 00:07:06,498 - INFO - Next value of sequence pur_id_seq: 100499
2025-04-04 00:07:06,507 - INFO - Next value of sequence pur_id_seq: 100500
2025-04-04 00:07:06,516 - INFO - Next value of sequence pur_id_seq: 100501
2025-04-04 00:07:06,537 - INFO - Successfully inserted data into konghin.purchase.
2025-04-04 00:07:06,537 - INFO - Query: INSERT INTO konghin.purchase (pur_id, pur_slm_id, pur_gold_cost, pur_labor_cost, pur_method, pur_official_invoice, pur_date, pur_billing_date, pur_weight, pur_invoice_no, pur_code, pur_payment_status) VALUES ('PUR_100499','SLM_100011', '144.8', '0', 'CASH', '1', '2015-09-01 00:00:00', '2015-09-01 00:00:00', '0', null, '0915GBT', 'PAID'),('PUR_100500','SLM_100035', '144.6', '0', 'CASH', '1', '2015-09-01 00:00:00', '2015-09-01 00:00:00', '0', null, '0915GC', 'PAID'),('PUR_100501','SLM_100046', '147.4', '0', 'CASH', '1', '2015-09-01 00:00:00', '2015-09-01 00:00:00', '0', null, '0915GCJ', 'PAID')
2025-04-04 00:07:06,565 - INFO - Next value of sequence pur_id_seq: 100502
2025-04-04 00:07:06,581 - INFO - Next value of sequence pur_id_seq: 100503
2025-04-04 00:07:06,590 - INFO - Next value of sequence pur_id_seq: 100504
2025-04-04 00:07:06,607 - INFO - Successfully inserted data into konghin.purchase.
2025-04-04 00:07:06,607 - INFO - Query: INSERT INTO konghin.purchase (pur_id, pur_slm_id, pur_gold_cost, pur_labor_cost, pur_method, pur_official_invoice, pur_date, pur_billing_date, pur_weight, pur_invoice_no, pur_code, pur_payment_status) VALUES ('PUR_100502','SLM_100007', '145.1', '0', 'CASH', '1', '2015-09-01 00:00:00', '2015-09-01 00:00:00', '0', null, '0915SLG', 'PAID'),('PUR_100503','SLM_100015', '151.1', '0', 'CASH', '1', '2015-09-01 00:00:00', '2015-09-01 00:00:00', '0', null, '0915YF', 'PAID'),('PUR_100504','SLM_100010', '145.4', '0', 'CASH', '1', '2015-09-01 00:00:00', '2015-09-01 00:00:00', '0', null, '0915YX', 'PAID')
2025-04-04 00:07:06,625 - INFO - Next value of sequence pur_id_seq: 100505
2025-04-04 00:07:06,639 - INFO - Next value of sequence pur_id_seq: 100506
2025-04-04 00:07:06,647 - INFO - Next value of sequence pur_id_seq: 100507
2025-04-04 00:07:06,667 - INFO - Successfully inserted data into konghin.purchase.
2025-04-04 00:07:06,667 - INFO - Query: INSERT INTO konghin.purchase (pur_id, pur_slm_id, pur_gold_cost, pur_labor_cost, pur_method, pur_official_invoice, pur_date, pur_billing_date, pur_weight, pur_invoice_no, pur_code, pur_payment_status) VALUES ('PUR_100505','SLM_100016', '164.9', '0', 'CASH', '1', '2016-09-01 00:00:00', '2016-09-01 00:00:00', '0', null, '0916HL', 'PAID'),('PUR_100506','SLM_100012', '165.0', '0', 'CASH', '1', '2016-09-01 00:00:00', '2016-09-01 00:00:00', '0', null, '0916MGI', 'PAID'),('PUR_100507','SLM_100017', '164.7', '0', 'CASH', '1', '2016-09-01 00:00:00', '2016-09-01 00:00:00', '0', null, '0916XW', 'PAID')
2025-04-04 00:07:06,688 - INFO - Next value of sequence pur_id_seq: 100508
2025-04-04 00:07:06,696 - INFO - Next value of sequence pur_id_seq: 100509
2025-04-04 00:07:06,706 - INFO - Next value of sequence pur_id_seq: 100510
2025-04-04 00:07:06,724 - INFO - Successfully inserted data into konghin.purchase.
2025-04-04 00:07:06,724 - INFO - Query: INSERT INTO konghin.purchase (pur_id, pur_slm_id, pur_gold_cost, pur_labor_cost, pur_method, pur_official_invoice, pur_date, pur_billing_date, pur_weight, pur_invoice_no, pur_code, pur_payment_status) VALUES ('PUR_100508','SLM_100010', '165.0', '0', 'CASH', '1', '2016-09-01 00:00:00', '2016-09-01 00:00:00', '0', null, '0916YX', 'PAID'),('PUR_100509','SLM_100013', '164.7', '0', 'CASH', '1', '2017-09-01 00:00:00', '2017-09-01 00:00:00', '0', null, '0917DE', 'PAID'),('PUR_100510','SLM_100007', '172.5', '0', 'CASH', '1', '2017-09-01 00:00:00', '2017-09-01 00:00:00', '0', null, '0917SLG', 'PAID')
2025-04-04 00:07:06,749 - INFO - Next value of sequence pur_id_seq: 100511
2025-04-04 00:07:06,758 - INFO - Next value of sequence pur_id_seq: 100512
2025-04-04 00:07:06,770 - INFO - Next value of sequence pur_id_seq: 100513
2025-04-04 00:07:06,791 - INFO - Successfully inserted data into konghin.purchase.
2025-04-04 00:07:06,791 - INFO - Query: INSERT INTO konghin.purchase (pur_id, pur_slm_id, pur_gold_cost, pur_labor_cost, pur_method, pur_official_invoice, pur_date, pur_billing_date, pur_weight, pur_invoice_no, pur_code, pur_payment_status) VALUES ('PUR_100511','SLM_100015', '164.3', '0', 'CASH', '1', '2017-09-01 00:00:00', '2017-09-01 00:00:00', '0', null, '0917YF', 'PAID'),('PUR_100512','SLM_100018', '166.5', '0', 'CASH', '1', '2017-09-01 00:00:00', '2017-09-01 00:00:00', '0', null, '0917YM', 'PAID'),('PUR_100513','SLM_100007', '151.0', '0', 'CASH', '1', '2018-09-01 00:00:00', '2018-09-01 00:00:00', '0', null, '0918SLG', 'PAID')
2025-04-04 00:07:06,809 - INFO - Next value of sequence pur_id_seq: 100514
2025-04-04 00:07:06,832 - INFO - Next value of sequence pur_id_seq: 100515
2025-04-04 00:07:06,842 - INFO - Next value of sequence pur_id_seq: 100516
2025-04-04 00:07:06,860 - INFO - Successfully inserted data into konghin.purchase.
2025-04-04 00:07:06,860 - INFO - Query: INSERT INTO konghin.purchase (pur_id, pur_slm_id, pur_gold_cost, pur_labor_cost, pur_method, pur_official_invoice, pur_date, pur_billing_date, pur_weight, pur_invoice_no, pur_code, pur_payment_status) VALUES ('PUR_100514','SLM_100018', '151.22', '0', 'CASH', '1', '2018-09-01 00:00:00', '2018-09-01 00:00:00', '0', null, '0918YM', 'PAID'),('PUR_100515','SLM_100007', '189.55', '0', 'CASH', '1', '2019-09-01 00:00:00', '2019-09-01 00:00:00', '0', null, '0919SLG', 'PAID'),('PUR_100516','SLM_100017', '196.73', '0', 'CASH', '1', '2019-09-01 00:00:00', '2019-09-01 00:00:00', '0', null, '0919XW', 'PAID')
2025-04-04 00:07:06,877 - INFO - Next value of sequence pur_id_seq: 100517
2025-04-04 00:07:06,886 - INFO - Next value of sequence pur_id_seq: 100518
2025-04-04 00:07:06,894 - INFO - Next value of sequence pur_id_seq: 100519
2025-04-04 00:07:06,912 - INFO - Successfully inserted data into konghin.purchase.
2025-04-04 00:07:06,912 - INFO - Query: INSERT INTO konghin.purchase (pur_id, pur_slm_id, pur_gold_cost, pur_labor_cost, pur_method, pur_official_invoice, pur_date, pur_billing_date, pur_weight, pur_invoice_no, pur_code, pur_payment_status) VALUES ('PUR_100517','SLM_100015', '194.66', '0', 'CASH', '1', '2019-09-01 00:00:00', '2019-09-01 00:00:00', '0', null, '0919YF', 'PAID'),('PUR_100518','SLM_100031', '243.96', '0', 'CASH', '1', '2020-09-01 00:00:00', '2020-09-01 00:00:00', '0', null, '0920MK', 'PAID'),('PUR_100519','SLM_100007', '244.85', '0', 'CASH', '1', '2020-09-01 00:00:00', '2020-09-01 00:00:00', '0', null, '0920SLG', 'PAID')
2025-04-04 00:07:06,931 - INFO - Next value of sequence pur_id_seq: 100520
2025-04-04 00:07:06,941 - INFO - Next value of sequence pur_id_seq: 100521
2025-04-04 00:07:06,954 - INFO - Next value of sequence pur_id_seq: 100522
2025-04-04 00:07:06,970 - INFO - Successfully inserted data into konghin.purchase.
2025-04-04 00:07:06,970 - INFO - Query: INSERT INTO konghin.purchase (pur_id, pur_slm_id, pur_gold_cost, pur_labor_cost, pur_method, pur_official_invoice, pur_date, pur_billing_date, pur_weight, pur_invoice_no, pur_code, pur_payment_status) VALUES ('PUR_100520','SLM_100017', '242.4', '0', 'CASH', '1', '2020-09-01 00:00:00', '2020-09-01 00:00:00', '0', null, '0920XW', 'PAID'),('PUR_100521','SLM_100018', '238.1', '0', 'CASH', '1', '2020-09-01 00:00:00', '2020-09-01 00:00:00', '0', null, '0920YM', 'PAID'),('PUR_100522','SLM_100007', '229.87', '0', 'CASH', '1', '2021-09-01 00:00:00', '2021-09-01 00:00:00', '0', null, '0921SLG', 'PAID')
2025-04-04 00:07:06,986 - INFO - Next value of sequence pur_id_seq: 100523
2025-04-04 00:07:06,995 - INFO - Next value of sequence pur_id_seq: 100524
2025-04-04 00:07:07,005 - INFO - Next value of sequence pur_id_seq: 100525
2025-04-04 00:07:07,021 - INFO - Successfully inserted data into konghin.purchase.
2025-04-04 00:07:07,022 - INFO - Query: INSERT INTO konghin.purchase (pur_id, pur_slm_id, pur_gold_cost, pur_labor_cost, pur_method, pur_official_invoice, pur_date, pur_billing_date, pur_weight, pur_invoice_no, pur_code, pur_payment_status) VALUES ('PUR_100523','SLM_100017', '219.22', '0', 'CASH', '1', '2021-09-01 00:00:00', '2021-09-01 00:00:00', '0', null, '0921XW', 'PAID'),('PUR_100524','SLM_100018', '225.97', '0', 'CASH', '1', '2021-09-01 00:00:00', '2021-09-01 00:00:00', '0', null, '0921YM', 'PAID'),('PUR_100525','SLM_100010', '220.49', '0', 'CASH', '1', '2021-09-01 00:00:00', '2021-09-01 00:00:00', '0', null, '0921YX', 'PAID')
2025-04-04 00:07:07,035 - INFO - Next value of sequence pur_id_seq: 100526
2025-04-04 00:07:07,044 - INFO - Next value of sequence pur_id_seq: 100527
2025-04-04 00:07:07,052 - INFO - Next value of sequence pur_id_seq: 100528
2025-04-04 00:07:07,068 - INFO - Successfully inserted data into konghin.purchase.
2025-04-04 00:07:07,068 - INFO - Query: INSERT INTO konghin.purchase (pur_id, pur_slm_id, pur_gold_cost, pur_labor_cost, pur_method, pur_official_invoice, pur_date, pur_billing_date, pur_weight, pur_invoice_no, pur_code, pur_payment_status) VALUES ('PUR_100526','SLM_100020', '231.23', '0', 'CASH', '1', '2022-09-01 00:00:00', '2022-09-01 00:00:00', '0', null, '0922JJT', 'PAID'),('PUR_100527','SLM_100019', '234.26', '0', 'CASH', '1', '2022-09-01 00:00:00', '2022-09-01 00:00:00', '0', null, '0922LUX', 'PAID'),('PUR_100528','SLM_100022', '228.88', '0', 'CASH', '1', '2022-09-01 00:00:00', '2022-09-01 00:00:00', '0', null, '0922RB', 'PAID')
2025-04-04 00:07:07,083 - INFO - Next value of sequence pur_id_seq: 100529
2025-04-04 00:07:07,095 - INFO - Next value of sequence pur_id_seq: 100530
2025-04-04 00:07:07,104 - INFO - Next value of sequence pur_id_seq: 100531
2025-04-04 00:07:07,120 - INFO - Successfully inserted data into konghin.purchase.
2025-04-04 00:07:07,121 - INFO - Query: INSERT INTO konghin.purchase (pur_id, pur_slm_id, pur_gold_cost, pur_labor_cost, pur_method, pur_official_invoice, pur_date, pur_billing_date, pur_weight, pur_invoice_no, pur_code, pur_payment_status) VALUES ('PUR_100529','SLM_100007', '236.35', '0', 'CASH', '1', '2022-09-01 00:00:00', '2022-09-01 00:00:00', '0', null, '0922SLG', 'PAID'),('PUR_100530','SLM_100025', '232.46', '0', 'CASH', '1', '2022-09-01 00:00:00', '2022-09-01 00:00:00', '0', null, '0922TC', 'PAID'),('PUR_100531','SLM_100017', '232.54', '0', 'CASH', '1', '2022-09-01 00:00:00', '2022-09-01 00:00:00', '0', null, '0922XW', 'PAID')
2025-04-04 00:07:07,139 - INFO - Next value of sequence pur_id_seq: 100532
2025-04-04 00:07:07,166 - INFO - Next value of sequence pur_id_seq: 100533
2025-04-04 00:07:07,176 - INFO - Next value of sequence pur_id_seq: 100534
2025-04-04 00:07:07,202 - INFO - Successfully inserted data into konghin.purchase.
2025-04-04 00:07:07,202 - INFO - Query: INSERT INTO konghin.purchase (pur_id, pur_slm_id, pur_gold_cost, pur_labor_cost, pur_method, pur_official_invoice, pur_date, pur_billing_date, pur_weight, pur_invoice_no, pur_code, pur_payment_status) VALUES ('PUR_100532','SLM_100015', '228.61', '0', 'CASH', '1', '2022-09-01 00:00:00', '2022-09-01 00:00:00', '0', null, '0922YF', 'PAID'),('PUR_100533','SLM_100018', '231.54', '0', 'CASH', '1', '2022-09-01 00:00:00', '2022-09-01 00:00:00', '0', null, '0922YM', 'PAID'),('PUR_100534','SLM_100023', '271.28', '0', 'CASH', '1', '2023-09-01 00:00:00', '2023-09-01 00:00:00', '0', null, '0923CJ', 'PAID')
2025-04-04 00:07:07,217 - INFO - Next value of sequence pur_id_seq: 100535
2025-04-04 00:07:07,228 - INFO - Next value of sequence pur_id_seq: 100536
2025-04-04 00:07:07,239 - INFO - Next value of sequence pur_id_seq: 100537
2025-04-04 00:07:07,260 - INFO - Successfully inserted data into konghin.purchase.
2025-04-04 00:07:07,261 - INFO - Query: INSERT INTO konghin.purchase (pur_id, pur_slm_id, pur_gold_cost, pur_labor_cost, pur_method, pur_official_invoice, pur_date, pur_billing_date, pur_weight, pur_invoice_no, pur_code, pur_payment_status) VALUES ('PUR_100535','SLM_100020', '271.62', '0', 'CASH', '1', '2023-09-01 00:00:00', '2023-09-01 00:00:00', '0', null, '0923JJT', 'PAID'),('PUR_100536','SLM_100019', '264.82', '0', 'CASH', '1', '2023-09-01 00:00:00', '2023-09-01 00:00:00', '0', null, '0923LUX', 'PAID'),('PUR_100537','SLM_100007', '270.83', '0', 'CASH', '1', '2023-09-01 00:00:00', '2023-09-01 00:00:00', '0', null, '0923SLG', 'PAID')
2025-04-04 00:07:07,279 - INFO - Next value of sequence pur_id_seq: 100538
2025-04-04 00:07:07,287 - INFO - Next value of sequence pur_id_seq: 100539
2025-04-04 00:07:07,295 - INFO - Next value of sequence pur_id_seq: 100540
2025-04-04 00:07:07,312 - INFO - Successfully inserted data into konghin.purchase.
2025-04-04 00:07:07,313 - INFO - Query: INSERT INTO konghin.purchase (pur_id, pur_slm_id, pur_gold_cost, pur_labor_cost, pur_method, pur_official_invoice, pur_date, pur_billing_date, pur_weight, pur_invoice_no, pur_code, pur_payment_status) VALUES ('PUR_100538','SLM_100015', '269.37', '0', 'CASH', '1', '2023-09-01 00:00:00', '2023-09-01 00:00:00', '0', null, '0923YF', 'PAID'),('PUR_100539','SLM_100018', '269.72', '0', 'CASH', '1', '2023-09-01 00:00:00', '2023-09-01 00:00:00', '0', null, '0923YM', 'PAID'),('PUR_100540','SLM_100010', '270.66', '0', 'CASH', '1', '2023-09-01 00:00:00', '2023-09-01 00:00:00', '0', null, '0923YX', 'PAID')
2025-04-04 00:07:07,328 - INFO - Next value of sequence pur_id_seq: 100541
2025-04-04 00:07:07,337 - INFO - Next value of sequence pur_id_seq: 100542
2025-04-04 00:07:07,348 - INFO - Next value of sequence pur_id_seq: 100543
2025-04-04 00:07:07,364 - INFO - Successfully inserted data into konghin.purchase.
2025-04-04 00:07:07,364 - INFO - Query: INSERT INTO konghin.purchase (pur_id, pur_slm_id, pur_gold_cost, pur_labor_cost, pur_method, pur_official_invoice, pur_date, pur_billing_date, pur_weight, pur_invoice_no, pur_code, pur_payment_status) VALUES ('PUR_100541','SLM_100020', '332.42', '0', 'CASH', '1', '2024-09-01 00:00:00', '2024-09-01 00:00:00', '0', null, '0924JJT', 'PAID'),('PUR_100542','SLM_100022', '328.37', '0', 'CASH', '1', '2024-09-01 00:00:00', '2024-09-01 00:00:00', '0', null, '0924RB', 'PAID'),('PUR_100543','SLM_100007', '328.95', '0', 'CASH', '1', '2024-09-01 00:00:00', '2024-09-01 00:00:00', '0', null, '0924SLG', 'PAID')
2025-04-04 00:07:07,379 - INFO - Next value of sequence pur_id_seq: 100544
2025-04-04 00:07:07,414 - INFO - Next value of sequence pur_id_seq: 100545
2025-04-04 00:07:07,424 - INFO - Next value of sequence pur_id_seq: 100546
2025-04-04 00:07:07,444 - INFO - Successfully inserted data into konghin.purchase.
2025-04-04 00:07:07,444 - INFO - Query: INSERT INTO konghin.purchase (pur_id, pur_slm_id, pur_gold_cost, pur_labor_cost, pur_method, pur_official_invoice, pur_date, pur_billing_date, pur_weight, pur_invoice_no, pur_code, pur_payment_status) VALUES ('PUR_100544','SLM_100017', '331.46', '0', 'CASH', '1', '2024-09-01 00:00:00', '2024-09-01 00:00:00', '0', null, '0924XW', 'PAID'),('PUR_100545','SLM_100015', '328.42', '0', 'CASH', '1', '2024-09-01 00:00:00', '2024-09-01 00:00:00', '0', null, '0924YF', 'PAID'),('PUR_100546','SLM_100018', '329.61', '0', 'CASH', '1', '2024-09-01 00:00:00', '2024-09-01 00:00:00', '0', null, '0924YM', 'PAID')
2025-04-04 00:07:07,460 - INFO - Next value of sequence pur_id_seq: 100547
2025-04-04 00:07:07,470 - INFO - Next value of sequence pur_id_seq: 100548
2025-04-04 00:07:07,480 - INFO - Next value of sequence pur_id_seq: 100549
2025-04-04 00:07:07,496 - INFO - Successfully inserted data into konghin.purchase.
2025-04-04 00:07:07,496 - INFO - Query: INSERT INTO konghin.purchase (pur_id, pur_slm_id, pur_gold_cost, pur_labor_cost, pur_method, pur_official_invoice, pur_date, pur_billing_date, pur_weight, pur_invoice_no, pur_code, pur_payment_status) VALUES ('PUR_100547','SLM_100044', '126.5', '0', 'CASH', '1', '2010-10-01 00:00:00', '2010-10-01 00:00:00', '0', null, '1010GM', 'PAID'),('PUR_100548','SLM_100006', '127.0', '0', 'CASH', '1', '2010-10-01 00:00:00', '2010-10-01 00:00:00', '0', null, '1010MG', 'PAID'),('PUR_100549','SLM_100007', '126.5', '0', 'CASH', '1', '2010-10-01 00:00:00', '2010-10-01 00:00:00', '0', null, '1010SLG', 'PAID')
2025-04-04 00:07:07,512 - INFO - Next value of sequence pur_id_seq: 100550
2025-04-04 00:07:07,522 - INFO - Next value of sequence pur_id_seq: 100551
2025-04-04 00:07:07,531 - INFO - Next value of sequence pur_id_seq: 100552
2025-04-04 00:07:07,548 - INFO - Successfully inserted data into konghin.purchase.
2025-04-04 00:07:07,549 - INFO - Query: INSERT INTO konghin.purchase (pur_id, pur_slm_id, pur_gold_cost, pur_labor_cost, pur_method, pur_official_invoice, pur_date, pur_billing_date, pur_weight, pur_invoice_no, pur_code, pur_payment_status) VALUES ('PUR_100550','SLM_100006', '158.5', '0', 'CASH', '1', '2011-10-01 00:00:00', '2011-10-01 00:00:00', '0', null, '1011MG', 'PAID'),('PUR_100551','SLM_100009', '158.5', '0', 'CASH', '1', '2011-10-01 00:00:00', '2011-10-01 00:00:00', '0', null, '1011SH', 'PAID'),('PUR_100552','SLM_100007', '161.5', '0', 'CASH', '1', '2011-10-01 00:00:00', '2011-10-01 00:00:00', '0', null, '1011SLG', 'PAID')
2025-04-04 00:07:07,564 - INFO - Next value of sequence pur_id_seq: 100553
2025-04-04 00:07:07,576 - INFO - Next value of sequence pur_id_seq: 100554
2025-04-04 00:07:07,587 - INFO - Next value of sequence pur_id_seq: 100555
2025-04-04 00:07:07,604 - INFO - Successfully inserted data into konghin.purchase.
2025-04-04 00:07:07,604 - INFO - Query: INSERT INTO konghin.purchase (pur_id, pur_slm_id, pur_gold_cost, pur_labor_cost, pur_method, pur_official_invoice, pur_date, pur_billing_date, pur_weight, pur_invoice_no, pur_code, pur_payment_status) VALUES ('PUR_100553','SLM_100007', '163.0', '0', 'CASH', '1', '2012-10-01 00:00:00', '2012-10-01 00:00:00', '0', null, '1012SLG', 'PAID'),('PUR_100554','SLM_100010', '164.5', '0', 'CASH', '1', '2012-10-01 00:00:00', '2012-10-01 00:00:00', '0', null, '1012YX', 'PAID'),('PUR_100555','SLM_100011', '128.5', '0', 'CASH', '1', '2013-10-01 00:00:00', '2013-10-01 00:00:00', '0', null, '1013GBT', 'PAID')
2025-04-04 00:07:07,619 - INFO - Next value of sequence pur_id_seq: 100556
2025-04-04 00:07:07,627 - INFO - Next value of sequence pur_id_seq: 100557
2025-04-04 00:07:07,636 - INFO - Next value of sequence pur_id_seq: 100558
2025-04-04 00:07:07,655 - INFO - Successfully inserted data into konghin.purchase.
2025-04-04 00:07:07,655 - INFO - Query: INSERT INTO konghin.purchase (pur_id, pur_slm_id, pur_gold_cost, pur_labor_cost, pur_method, pur_official_invoice, pur_date, pur_billing_date, pur_weight, pur_invoice_no, pur_code, pur_payment_status) VALUES ('PUR_100556','SLM_100035', '127.5', '0', 'CASH', '1', '2013-10-01 00:00:00', '2013-10-01 00:00:00', '0', null, '1013GC', 'PAID'),('PUR_100557','SLM_100029', '128.0', '0', 'CASH', '1', '2013-10-01 00:00:00', '2013-10-01 00:00:00', '0', null, '1013KP', 'PAID'),('PUR_100558','SLM_100009', '122.5', '0', 'CASH', '1', '2013-10-01 00:00:00', '2013-10-01 00:00:00', '0', null, '1013SH', 'PAID')
2025-04-04 00:07:07,674 - INFO - Next value of sequence pur_id_seq: 100559
2025-04-04 00:07:07,685 - INFO - Next value of sequence pur_id_seq: 100560
2025-04-04 00:07:07,694 - INFO - Next value of sequence pur_id_seq: 100561
2025-04-04 00:07:07,710 - INFO - Successfully inserted data into konghin.purchase.
2025-04-04 00:07:07,710 - INFO - Query: INSERT INTO konghin.purchase (pur_id, pur_slm_id, pur_gold_cost, pur_labor_cost, pur_method, pur_official_invoice, pur_date, pur_billing_date, pur_weight, pur_invoice_no, pur_code, pur_payment_status) VALUES ('PUR_100559','SLM_100007', '120.0', '0', 'CASH', '1', '2013-10-01 00:00:00', '2013-10-01 00:00:00', '0', null, '1013SLG', 'PAID'),('PUR_100560','SLM_100010', '127.5', '0', 'CASH', '1', '2013-10-01 00:00:00', '2013-10-01 00:00:00', '0', null, '1013YX', 'PAID'),('PUR_100561','SLM_100011', '122.2', '0', 'CASH', '1', '2014-10-01 00:00:00', '2014-10-01 00:00:00', '0', null, '1014GBT', 'PAID')
2025-04-04 00:07:07,727 - INFO - Next value of sequence pur_id_seq: 100562
2025-04-04 00:07:07,736 - INFO - Next value of sequence pur_id_seq: 100563
2025-04-04 00:07:07,744 - INFO - Next value of sequence pur_id_seq: 100564
2025-04-04 00:07:07,759 - INFO - Successfully inserted data into konghin.purchase.
2025-04-04 00:07:07,759 - INFO - Query: INSERT INTO konghin.purchase (pur_id, pur_slm_id, pur_gold_cost, pur_labor_cost, pur_method, pur_official_invoice, pur_date, pur_billing_date, pur_weight, pur_invoice_no, pur_code, pur_payment_status) VALUES ('PUR_100562','SLM_100012', '122.6', '0', 'CASH', '1', '2014-10-01 00:00:00', '2014-10-01 00:00:00', '0', null, '1014MGI', 'PAID'),('PUR_100563','SLM_100007', '120.1', '0', 'CASH', '1', '2014-10-01 00:00:00', '2014-10-01 00:00:00', '0', null, '1014SLG', 'PAID'),('PUR_100564','SLM_100014', '151.0', '0', 'CASH', '1', '2015-10-01 00:00:00', '2015-10-01 00:00:00', '0', null, '1015FS', 'PAID')
2025-04-04 00:07:07,776 - INFO - Next value of sequence pur_id_seq: 100565
2025-04-04 00:07:07,784 - INFO - Next value of sequence pur_id_seq: 100566
2025-04-04 00:07:07,793 - INFO - Next value of sequence pur_id_seq: 100567
2025-04-04 00:07:07,810 - INFO - Successfully inserted data into konghin.purchase.
2025-04-04 00:07:07,810 - INFO - Query: INSERT INTO konghin.purchase (pur_id, pur_slm_id, pur_gold_cost, pur_labor_cost, pur_method, pur_official_invoice, pur_date, pur_billing_date, pur_weight, pur_invoice_no, pur_code, pur_payment_status) VALUES ('PUR_100565','SLM_100036', '150.35', '0', 'CASH', '1', '2015-10-01 00:00:00', '2015-10-01 00:00:00', '0', null, '1015JF', 'PAID'),('PUR_100566','SLM_100012', '146.59', '0', 'CASH', '1', '2015-10-01 00:00:00', '2015-10-01 00:00:00', '0', null, '1015MGI', 'PAID'),('PUR_100567','SLM_100007', '145.8', '0', 'CASH', '1', '2015-10-01 00:00:00', '2015-10-01 00:00:00', '0', null, '1015SLG', 'PAID')
2025-04-04 00:07:07,826 - INFO - Next value of sequence pur_id_seq: 100568
2025-04-04 00:07:07,835 - INFO - Next value of sequence pur_id_seq: 100569
2025-04-04 00:07:07,843 - INFO - Next value of sequence pur_id_seq: 100570
2025-04-04 00:07:07,858 - INFO - Successfully inserted data into konghin.purchase.
2025-04-04 00:07:07,858 - INFO - Query: INSERT INTO konghin.purchase (pur_id, pur_slm_id, pur_gold_cost, pur_labor_cost, pur_method, pur_official_invoice, pur_date, pur_billing_date, pur_weight, pur_invoice_no, pur_code, pur_payment_status) VALUES ('PUR_100568','SLM_100010', '146.37', '0', 'CASH', '1', '2015-10-01 00:00:00', '2015-10-01 00:00:00', '0', null, '1015YX', 'PAID'),('PUR_100569','SLM_100011', '158.1', '0', 'CASH', '1', '2016-10-01 00:00:00', '2016-10-01 00:00:00', '0', null, '1016GBT', 'PAID'),('PUR_100570','SLM_100016', '160.3', '0', 'CASH', '1', '2016-10-01 00:00:00', '2016-10-01 00:00:00', '0', null, '1016HL', 'PAID')
2025-04-04 00:07:07,871 - INFO - Next value of sequence pur_id_seq: 100571
2025-04-04 00:07:07,889 - INFO - Next value of sequence pur_id_seq: 100572
2025-04-04 00:07:07,902 - INFO - Next value of sequence pur_id_seq: 100573
2025-04-04 00:07:07,919 - INFO - Successfully inserted data into konghin.purchase.
2025-04-04 00:07:07,919 - INFO - Query: INSERT INTO konghin.purchase (pur_id, pur_slm_id, pur_gold_cost, pur_labor_cost, pur_method, pur_official_invoice, pur_date, pur_billing_date, pur_weight, pur_invoice_no, pur_code, pur_payment_status) VALUES ('PUR_100571','SLM_100007', '165.9', '0', 'CASH', '1', '2016-10-01 00:00:00', '2016-10-01 00:00:00', '0', null, '1016SLG', 'PAID'),('PUR_100572','SLM_100010', '159.2', '0', 'CASH', '1', '2016-10-01 00:00:00', '2016-10-01 00:00:00', '0', null, '1016YX', 'PAID'),('PUR_100573','SLM_100007', '164.4', '0', 'CASH', '1', '2017-10-01 00:00:00', '2017-10-01 00:00:00', '0', null, '1017SLG', 'PAID')
2025-04-04 00:07:07,934 - INFO - Next value of sequence pur_id_seq: 100574
2025-04-04 00:07:07,943 - INFO - Next value of sequence pur_id_seq: 100575
2025-04-04 00:07:07,953 - INFO - Next value of sequence pur_id_seq: 100576
2025-04-04 00:07:07,970 - INFO - Successfully inserted data into konghin.purchase.
2025-04-04 00:07:07,970 - INFO - Query: INSERT INTO konghin.purchase (pur_id, pur_slm_id, pur_gold_cost, pur_labor_cost, pur_method, pur_official_invoice, pur_date, pur_billing_date, pur_weight, pur_invoice_no, pur_code, pur_payment_status) VALUES ('PUR_100574','SLM_100017', '164.2', '0', 'CASH', '1', '2017-10-01 00:00:00', '2017-10-01 00:00:00', '0', null, '1017XW', 'PAID'),('PUR_100575','SLM_100018', '165.0', '0', 'CASH', '1', '2017-10-01 00:00:00', '2017-10-01 00:00:00', '0', null, '1017YM', 'PAID'),('PUR_100576','SLM_100010', '164.8', '0', 'CASH', '1', '2017-10-01 00:00:00', '2017-10-01 00:00:00', '0', null, '1017YX', 'PAID')
2025-04-04 00:07:07,986 - INFO - Next value of sequence pur_id_seq: 100577
2025-04-04 00:07:07,995 - INFO - Next value of sequence pur_id_seq: 100578
2025-04-04 00:07:08,006 - INFO - Next value of sequence pur_id_seq: 100579
2025-04-04 00:07:08,023 - INFO - Successfully inserted data into konghin.purchase.
2025-04-04 00:07:08,023 - INFO - Query: INSERT INTO konghin.purchase (pur_id, pur_slm_id, pur_gold_cost, pur_labor_cost, pur_method, pur_official_invoice, pur_date, pur_billing_date, pur_weight, pur_invoice_no, pur_code, pur_payment_status) VALUES ('PUR_100577','SLM_100007', '155.4', '0', 'CASH', '1', '2018-10-01 00:00:00', '2018-10-01 00:00:00', '0', null, '1018SLG', 'PAID'),('PUR_100578','SLM_100015', '149.85', '0', 'CASH', '1', '2018-10-01 00:00:00', '2018-10-01 00:00:00', '0', null, '1018YF', 'PAID'),('PUR_100579','SLM_100018', '150.45', '0', 'CASH', '1', '2018-10-01 00:00:00', '2018-10-01 00:00:00', '0', null, '1018YM', 'PAID')
2025-04-04 00:07:08,040 - INFO - Next value of sequence pur_id_seq: 100580
2025-04-04 00:07:08,049 - INFO - Next value of sequence pur_id_seq: 100581
2025-04-04 00:07:08,059 - INFO - Next value of sequence pur_id_seq: 100582
2025-04-04 00:07:08,076 - INFO - Successfully inserted data into konghin.purchase.
2025-04-04 00:07:08,076 - INFO - Query: INSERT INTO konghin.purchase (pur_id, pur_slm_id, pur_gold_cost, pur_labor_cost, pur_method, pur_official_invoice, pur_date, pur_billing_date, pur_weight, pur_invoice_no, pur_code, pur_payment_status) VALUES ('PUR_100580','SLM_100010', '154.21', '0', 'CASH', '1', '2018-10-01 00:00:00', '2018-10-01 00:00:00', '0', null, '1018YX', 'PAID'),('PUR_100581','SLM_100011', '191.39', '0', 'CASH', '1', '2019-10-01 00:00:00', '2019-10-01 00:00:00', '0', null, '1019GBT', 'PAID'),('PUR_100582','SLM_100007', '190.4', '0', 'CASH', '1', '2019-10-01 00:00:00', '2019-10-01 00:00:00', '0', null, '1019SLG', 'PAID')
2025-04-04 00:07:08,101 - INFO - Next value of sequence pur_id_seq: 100583
2025-04-04 00:07:08,111 - INFO - Next value of sequence pur_id_seq: 100584
2025-04-04 00:07:08,121 - INFO - Next value of sequence pur_id_seq: 100585
2025-04-04 00:07:08,141 - INFO - Successfully inserted data into konghin.purchase.
2025-04-04 00:07:08,141 - INFO - Query: INSERT INTO konghin.purchase (pur_id, pur_slm_id, pur_gold_cost, pur_labor_cost, pur_method, pur_official_invoice, pur_date, pur_billing_date, pur_weight, pur_invoice_no, pur_code, pur_payment_status) VALUES ('PUR_100583','SLM_100018', '191.61', '0', 'CASH', '1', '2019-10-01 00:00:00', '2019-10-01 00:00:00', '0', null, '1019YM', 'PAID'),('PUR_100584','SLM_100010', '186.05', '0', 'CASH', '1', '2019-10-01 00:00:00', '2019-10-01 00:00:00', '0', null, '1019YX', 'PAID'),('PUR_100585','SLM_100011', '239.52', '0', 'CASH', '1', '2020-10-01 00:00:00', '2020-10-01 00:00:00', '0', null, '1020GBT', 'PAID')
2025-04-04 00:07:08,159 - INFO - Next value of sequence pur_id_seq: 100586
2025-04-04 00:07:08,170 - INFO - Next value of sequence pur_id_seq: 100587
2025-04-04 00:07:08,181 - INFO - Next value of sequence pur_id_seq: 100588
2025-04-04 00:07:08,201 - INFO - Successfully inserted data into konghin.purchase.
2025-04-04 00:07:08,201 - INFO - Query: INSERT INTO konghin.purchase (pur_id, pur_slm_id, pur_gold_cost, pur_labor_cost, pur_method, pur_official_invoice, pur_date, pur_billing_date, pur_weight, pur_invoice_no, pur_code, pur_payment_status) VALUES ('PUR_100586','SLM_100007', '241.57', '0', 'CASH', '1', '2020-10-01 00:00:00', '2020-10-01 00:00:00', '0', null, '1020SLG', 'PAID'),('PUR_100587','SLM_100015', '239.49', '0', 'CASH', '1', '2020-10-01 00:00:00', '2020-10-01 00:00:00', '0', null, '1020YF', 'PAID'),('PUR_100588','SLM_100018', '240.79', '0', 'CASH', '1', '2020-10-01 00:00:00', '2020-10-01 00:00:00', '0', null, '1020YM', 'PAID')
2025-04-04 00:07:08,220 - INFO - Next value of sequence pur_id_seq: 100589
2025-04-04 00:07:08,229 - INFO - Next value of sequence pur_id_seq: 100590
2025-04-04 00:07:08,239 - INFO - Next value of sequence pur_id_seq: 100591
2025-04-04 00:07:08,256 - INFO - Successfully inserted data into konghin.purchase.
2025-04-04 00:07:08,256 - INFO - Query: INSERT INTO konghin.purchase (pur_id, pur_slm_id, pur_gold_cost, pur_labor_cost, pur_method, pur_official_invoice, pur_date, pur_billing_date, pur_weight, pur_invoice_no, pur_code, pur_payment_status) VALUES ('PUR_100589','SLM_100007', '223.02', '0', 'CASH', '1', '2021-10-01 00:00:00', '2021-10-01 00:00:00', '0', null, '1021SLG', 'PAID'),('PUR_100590','SLM_100025', '221.4', '0', 'CASH', '1', '2021-10-01 00:00:00', '2021-10-01 00:00:00', '0', null, '1021TC', 'PAID'),('PUR_100591','SLM_100015', '223.48', '0', 'CASH', '1', '2021-10-01 00:00:00', '2021-10-01 00:00:00', '0', null, '1021YF', 'PAID')
2025-04-04 00:07:08,276 - INFO - Next value of sequence pur_id_seq: 100592
2025-04-04 00:07:08,286 - INFO - Next value of sequence pur_id_seq: 100593
2025-04-04 00:07:08,295 - INFO - Next value of sequence pur_id_seq: 100594
2025-04-04 00:07:08,315 - INFO - Successfully inserted data into konghin.purchase.
2025-04-04 00:07:08,315 - INFO - Query: INSERT INTO konghin.purchase (pur_id, pur_slm_id, pur_gold_cost, pur_labor_cost, pur_method, pur_official_invoice, pur_date, pur_billing_date, pur_weight, pur_invoice_no, pur_code, pur_payment_status) VALUES ('PUR_100592','SLM_100018', '225.29', '0', 'CASH', '1', '2021-10-01 00:00:00', '2021-10-01 00:00:00', '0', null, '1021YM', 'PAID'),('PUR_100593','SLM_100021', '236.06', '0', 'CASH', '1', '2022-10-01 00:00:00', '2022-10-01 00:00:00', '0', null, '1022HJ', 'PAID'),('PUR_100594','SLM_100020', '237.58', '0', 'CASH', '1', '2022-10-01 00:00:00', '2022-10-01 00:00:00', '0', null, '1022JJT', 'PAID')
2025-04-04 00:07:08,331 - INFO - Next value of sequence pur_id_seq: 100595
2025-04-04 00:07:08,341 - INFO - Next value of sequence pur_id_seq: 100596
2025-04-04 00:07:08,351 - INFO - Next value of sequence pur_id_seq: 100597
2025-04-04 00:07:08,370 - INFO - Successfully inserted data into konghin.purchase.
2025-04-04 00:07:08,370 - INFO - Query: INSERT INTO konghin.purchase (pur_id, pur_slm_id, pur_gold_cost, pur_labor_cost, pur_method, pur_official_invoice, pur_date, pur_billing_date, pur_weight, pur_invoice_no, pur_code, pur_payment_status) VALUES ('PUR_100595','SLM_100007', '243.08', '0', 'CASH', '1', '2022-10-01 00:00:00', '2022-10-01 00:00:00', '0', null, '1022SLG', 'PAID'),('PUR_100596','SLM_100018', '241.19', '0', 'CASH', '1', '2022-10-01 00:00:00', '2022-10-01 00:00:00', '0', null, '1022YM', 'PAID'),('PUR_100597','SLM_100010', '236.04', '0', 'CASH', '1', '2022-10-01 00:00:00', '2022-10-01 00:00:00', '0', null, '1022YX', 'PAID')
2025-04-04 00:07:08,391 - INFO - Next value of sequence pur_id_seq: 100598
2025-04-04 00:07:08,405 - INFO - Next value of sequence pur_id_seq: 100599
2025-04-04 00:07:08,414 - INFO - Next value of sequence pur_id_seq: 100600
2025-04-04 00:07:08,437 - INFO - Successfully inserted data into konghin.purchase.
2025-04-04 00:07:08,437 - INFO - Query: INSERT INTO konghin.purchase (pur_id, pur_slm_id, pur_gold_cost, pur_labor_cost, pur_method, pur_official_invoice, pur_date, pur_billing_date, pur_weight, pur_invoice_no, pur_code, pur_payment_status) VALUES ('PUR_100598','SLM_100023', '260.22', '0', 'CASH', '1', '2023-10-01 00:00:00', '2023-10-01 00:00:00', '0', null, '1023CJ', 'PAID'),('PUR_100599','SLM_100022', '266.72', '0', 'CASH', '1', '2023-10-01 00:00:00', '2023-10-01 00:00:00', '0', null, '1023RB', 'PAID'),('PUR_100600','SLM_100007', '265.5', '0', 'CASH', '1', '2023-10-01 00:00:00', '2023-10-01 00:00:00', '0', null, '1023SLG', 'PAID')
2025-04-04 00:07:08,452 - INFO - Next value of sequence pur_id_seq: 100601
2025-04-04 00:07:08,461 - INFO - Next value of sequence pur_id_seq: 100602
2025-04-04 00:07:08,470 - INFO - Next value of sequence pur_id_seq: 100603
2025-04-04 00:07:08,488 - INFO - Successfully inserted data into konghin.purchase.
2025-04-04 00:07:08,488 - INFO - Query: INSERT INTO konghin.purchase (pur_id, pur_slm_id, pur_gold_cost, pur_labor_cost, pur_method, pur_official_invoice, pur_date, pur_billing_date, pur_weight, pur_invoice_no, pur_code, pur_payment_status) VALUES ('PUR_100601','SLM_100025', '262.05', '0', 'CASH', '1', '2023-10-01 00:00:00', '2023-10-01 00:00:00', '0', null, '1023TC', 'PAID'),('PUR_100602','SLM_100017', '286.0', '0', 'CASH', '1', '2023-10-01 00:00:00', '2023-10-01 00:00:00', '0', null, '1023XW', 'PAID'),('PUR_100603','SLM_100015', '286.64', '0', 'CASH', '1', '2023-10-01 00:00:00', '2023-10-01 00:00:00', '0', null, '1023YF', 'PAID')
2025-04-04 00:07:08,505 - INFO - Next value of sequence pur_id_seq: 100604
2025-04-04 00:07:08,516 - INFO - Next value of sequence pur_id_seq: 100605
2025-04-04 00:07:08,530 - INFO - Next value of sequence pur_id_seq: 100606
2025-04-04 00:07:08,548 - INFO - Successfully inserted data into konghin.purchase.
2025-04-04 00:07:08,548 - INFO - Query: INSERT INTO konghin.purchase (pur_id, pur_slm_id, pur_gold_cost, pur_labor_cost, pur_method, pur_official_invoice, pur_date, pur_billing_date, pur_weight, pur_invoice_no, pur_code, pur_payment_status) VALUES ('PUR_100604','SLM_100018', '267.66', '0', 'CASH', '1', '2023-10-01 00:00:00', '2023-10-01 00:00:00', '0', null, '1023YM', 'PAID'),('PUR_100605','SLM_100023', '357.15', '0', 'CASH', '1', '2024-10-01 00:00:00', '2024-10-01 00:00:00', '0', null, '1024CJ', 'PAID'),('PUR_100606','SLM_100027', '338.35', '0', 'CASH', '1', '2024-10-01 00:00:00', '2024-10-01 00:00:00', '0', null, '1024CJ7', 'PAID')
2025-04-04 00:07:08,565 - INFO - Next value of sequence pur_id_seq: 100607
2025-04-04 00:07:08,577 - INFO - Next value of sequence pur_id_seq: 100608
2025-04-04 00:07:08,586 - INFO - Next value of sequence pur_id_seq: 100609
2025-04-04 00:07:08,604 - INFO - Successfully inserted data into konghin.purchase.
2025-04-04 00:07:08,604 - INFO - Query: INSERT INTO konghin.purchase (pur_id, pur_slm_id, pur_gold_cost, pur_labor_cost, pur_method, pur_official_invoice, pur_date, pur_billing_date, pur_weight, pur_invoice_no, pur_code, pur_payment_status) VALUES ('PUR_100607','SLM_100020', '347.93', '0', 'CASH', '1', '2024-10-01 00:00:00', '2024-10-01 00:00:00', '0', null, '1024JJT', 'PAID'),('PUR_100608','SLM_100034', '344.58', '0', 'CASH', '1', '2024-10-01 00:00:00', '2024-10-01 00:00:00', '0', null, '1024JS', 'PAID'),('PUR_100609','SLM_100019', '346.41', '0', 'CASH', '1', '2024-10-01 00:00:00', '2024-10-01 00:00:00', '0', null, '1024LUX', 'PAID')
2025-04-04 00:07:08,619 - INFO - Next value of sequence pur_id_seq: 100610
2025-04-04 00:07:08,628 - INFO - Next value of sequence pur_id_seq: 100611
2025-04-04 00:07:08,638 - INFO - Next value of sequence pur_id_seq: 100612
2025-04-04 00:07:08,656 - INFO - Successfully inserted data into konghin.purchase.
2025-04-04 00:07:08,656 - INFO - Query: INSERT INTO konghin.purchase (pur_id, pur_slm_id, pur_gold_cost, pur_labor_cost, pur_method, pur_official_invoice, pur_date, pur_billing_date, pur_weight, pur_invoice_no, pur_code, pur_payment_status) VALUES ('PUR_100610','SLM_100022', '362.89', '0', 'CASH', '1', '2024-10-01 00:00:00', '2024-10-01 00:00:00', '0', null, '1024RB', 'PAID'),('PUR_100611','SLM_100007', '341.17', '0', 'CASH', '1', '2024-10-01 00:00:00', '2024-10-01 00:00:00', '0', null, '1024SLG', 'PAID'),('PUR_100612','SLM_100015', '338.35', '0', 'CASH', '1', '2024-10-01 00:00:00', '2024-10-01 00:00:00', '0', null, '1024YF', 'PAID')
2025-04-04 00:07:08,672 - INFO - Next value of sequence pur_id_seq: 100613
2025-04-04 00:07:08,682 - INFO - Next value of sequence pur_id_seq: 100614
2025-04-04 00:07:08,691 - INFO - Next value of sequence pur_id_seq: 100615
2025-04-04 00:07:08,710 - INFO - Successfully inserted data into konghin.purchase.
2025-04-04 00:07:08,710 - INFO - Query: INSERT INTO konghin.purchase (pur_id, pur_slm_id, pur_gold_cost, pur_labor_cost, pur_method, pur_official_invoice, pur_date, pur_billing_date, pur_weight, pur_invoice_no, pur_code, pur_payment_status) VALUES ('PUR_100613','SLM_100018', '338.52', '0', 'CASH', '1', '2024-10-01 00:00:00', '2024-10-01 00:00:00', '0', null, '1024YM', 'PAID'),('PUR_100614','SLM_100010', '341.17', '0', 'CASH', '1', '2024-10-01 00:00:00', '2024-10-01 00:00:00', '0', null, '1024YX', 'PAID'),('PUR_100615','SLM_100006', '128.0', '0', 'CASH', '1', '2010-11-01 00:00:00', '2010-11-01 00:00:00', '0', null, '1110MG', 'PAID')
2025-04-04 00:07:08,727 - INFO - Next value of sequence pur_id_seq: 100616
2025-04-04 00:07:08,738 - INFO - Next value of sequence pur_id_seq: 100617
2025-04-04 00:07:08,748 - INFO - Next value of sequence pur_id_seq: 100618
2025-04-04 00:07:08,767 - INFO - Successfully inserted data into konghin.purchase.
2025-04-04 00:07:08,767 - INFO - Query: INSERT INTO konghin.purchase (pur_id, pur_slm_id, pur_gold_cost, pur_labor_cost, pur_method, pur_official_invoice, pur_date, pur_billing_date, pur_weight, pur_invoice_no, pur_code, pur_payment_status) VALUES ('PUR_100616','SLM_100007', '130.5', '0', 'CASH', '1', '2010-11-01 00:00:00', '2010-11-01 00:00:00', '0', null, '1110SLG', 'PAID'),('PUR_100617','SLM_100010', '128.0', '0', 'CASH', '1', '2010-11-01 00:00:00', '2010-11-01 00:00:00', '0', null, '1110YX', 'PAID'),('PUR_100618','SLM_100006', '170.5', '0', 'CASH', '1', '2011-11-01 00:00:00', '2011-11-01 00:00:00', '0', null, '1111MG', 'PAID')
2025-04-04 00:07:08,785 - INFO - Next value of sequence pur_id_seq: 100619
2025-04-04 00:07:08,795 - INFO - Next value of sequence pur_id_seq: 100620
2025-04-04 00:07:08,804 - INFO - Next value of sequence pur_id_seq: 100621
2025-04-04 00:07:08,823 - INFO - Successfully inserted data into konghin.purchase.
2025-04-04 00:07:08,823 - INFO - Query: INSERT INTO konghin.purchase (pur_id, pur_slm_id, pur_gold_cost, pur_labor_cost, pur_method, pur_official_invoice, pur_date, pur_billing_date, pur_weight, pur_invoice_no, pur_code, pur_payment_status) VALUES ('PUR_100619','SLM_100007', '171.0', '0', 'CASH', '1', '2011-11-01 00:00:00', '2011-11-01 00:00:00', '0', null, '1111SLG', 'PAID'),('PUR_100620','SLM_100010', '167.0', '0', 'CASH', '1', '2011-11-01 00:00:00', '2011-11-01 00:00:00', '0', null, '1111YX', 'PAID'),('PUR_100621','SLM_100011', '159.5', '0', 'CASH', '1', '2012-11-01 00:00:00', '2012-11-01 00:00:00', '0', null, '1112GBT', 'PAID')
2025-04-04 00:07:08,841 - INFO - Next value of sequence pur_id_seq: 100622
2025-04-04 00:07:08,851 - INFO - Next value of sequence pur_id_seq: 100623
2025-04-04 00:07:08,861 - INFO - Next value of sequence pur_id_seq: 100624
2025-04-04 00:07:08,878 - INFO - Successfully inserted data into konghin.purchase.
2025-04-04 00:07:08,878 - INFO - Query: INSERT INTO konghin.purchase (pur_id, pur_slm_id, pur_gold_cost, pur_labor_cost, pur_method, pur_official_invoice, pur_date, pur_billing_date, pur_weight, pur_invoice_no, pur_code, pur_payment_status) VALUES ('PUR_100622','SLM_100007', '160.0', '0', 'CASH', '1', '2012-11-01 00:00:00', '2012-11-01 00:00:00', '0', null, '1112SLG', 'PAID'),('PUR_100623','SLM_100010', '160.0', '0', 'CASH', '1', '2012-11-01 00:00:00', '2012-11-01 00:00:00', '0', null, '1112YX', 'PAID'),('PUR_100624','SLM_100011', '123.0', '0', 'CASH', '1', '2013-11-01 00:00:00', '2013-11-01 00:00:00', '0', null, '1113GBT', 'PAID')
2025-04-04 00:07:08,897 - INFO - Next value of sequence pur_id_seq: 100625
2025-04-04 00:07:08,909 - INFO - Next value of sequence pur_id_seq: 100626
2025-04-04 00:07:08,919 - INFO - Next value of sequence pur_id_seq: 100627
2025-04-04 00:07:08,942 - INFO - Successfully inserted data into konghin.purchase.
2025-04-04 00:07:08,942 - INFO - Query: INSERT INTO konghin.purchase (pur_id, pur_slm_id, pur_gold_cost, pur_labor_cost, pur_method, pur_official_invoice, pur_date, pur_billing_date, pur_weight, pur_invoice_no, pur_code, pur_payment_status) VALUES ('PUR_100625','SLM_100035', '120.0', '0', 'CASH', '1', '2013-11-01 00:00:00', '2013-11-01 00:00:00', '0', null, '1113GC', 'PAID'),('PUR_100626','SLM_100029', '123.5', '0', 'CASH', '1', '2013-11-01 00:00:00', '2013-11-01 00:00:00', '0', null, '1113KP', 'PAID'),('PUR_100627','SLM_100007', '123.0', '0', 'CASH', '1', '2013-11-01 00:00:00', '2013-11-01 00:00:00', '0', null, '1113SLG', 'PAID')
2025-04-04 00:07:08,966 - INFO - Next value of sequence pur_id_seq: 100628
2025-04-04 00:07:08,976 - INFO - Next value of sequence pur_id_seq: 100629
2025-04-04 00:07:08,987 - INFO - Next value of sequence pur_id_seq: 100630
2025-04-04 00:07:09,006 - INFO - Successfully inserted data into konghin.purchase.
2025-04-04 00:07:09,006 - INFO - Query: INSERT INTO konghin.purchase (pur_id, pur_slm_id, pur_gold_cost, pur_labor_cost, pur_method, pur_official_invoice, pur_date, pur_billing_date, pur_weight, pur_invoice_no, pur_code, pur_payment_status) VALUES ('PUR_100628','SLM_100013', '118.7', '0', 'CASH', '1', '2014-11-01 00:00:00', '2014-11-01 00:00:00', '0', null, '1114DE', 'PAID'),('PUR_100629','SLM_100011', '121.4', '0', 'CASH', '1', '2014-11-01 00:00:00', '2014-11-01 00:00:00', '0', null, '1114GBT', 'PAID'),('PUR_100630','SLM_100035', '120.9', '0', 'CASH', '1', '2014-11-01 00:00:00', '2014-11-01 00:00:00', '0', null, '1114GC', 'PAID')
2025-04-04 00:07:09,029 - INFO - Next value of sequence pur_id_seq: 100631
2025-04-04 00:07:09,045 - INFO - Next value of sequence pur_id_seq: 100632
2025-04-04 00:07:09,058 - INFO - Next value of sequence pur_id_seq: 100633
2025-04-04 00:07:09,077 - INFO - Successfully inserted data into konghin.purchase.
2025-04-04 00:07:09,077 - INFO - Query: INSERT INTO konghin.purchase (pur_id, pur_slm_id, pur_gold_cost, pur_labor_cost, pur_method, pur_official_invoice, pur_date, pur_billing_date, pur_weight, pur_invoice_no, pur_code, pur_payment_status) VALUES ('PUR_100631','SLM_100012', '117.4', '0', 'CASH', '1', '2014-11-01 00:00:00', '2014-11-01 00:00:00', '0', null, '1114MGI', 'PAID'),('PUR_100632','SLM_100009', '121.3', '0', 'CASH', '1', '2014-11-01 00:00:00', '2014-11-01 00:00:00', '0', null, '1114SH', 'PAID'),('PUR_100633','SLM_100007', '117.8', '0', 'CASH', '1', '2014-11-01 00:00:00', '2014-11-01 00:00:00', '0', null, '1114SLG', 'PAID')
2025-04-04 00:07:09,097 - INFO - Next value of sequence pur_id_seq: 100634
2025-04-04 00:07:09,110 - INFO - Next value of sequence pur_id_seq: 100635
2025-04-04 00:07:09,124 - INFO - Next value of sequence pur_id_seq: 100636
2025-04-04 00:07:09,144 - INFO - Successfully inserted data into konghin.purchase.
2025-04-04 00:07:09,144 - INFO - Query: INSERT INTO konghin.purchase (pur_id, pur_slm_id, pur_gold_cost, pur_labor_cost, pur_method, pur_official_invoice, pur_date, pur_billing_date, pur_weight, pur_invoice_no, pur_code, pur_payment_status) VALUES ('PUR_100634','SLM_100010', '126.85', '0', 'CASH', '1', '2014-11-01 00:00:00', '2014-11-01 00:00:00', '0', null, '1114YX', 'PAID'),('PUR_100635','SLM_100013', '141.0', '0', 'CASH', '1', '2015-11-01 00:00:00', '2015-11-01 00:00:00', '0', null, '1115DE', 'PAID'),('PUR_100636','SLM_100011', '137.6', '0', 'CASH', '1', '2015-11-01 00:00:00', '2015-11-01 00:00:00', '0', null, '1115GBT', 'PAID')
2025-04-04 00:07:09,188 - INFO - Next value of sequence pur_id_seq: 100637
2025-04-04 00:07:09,212 - INFO - Next value of sequence pur_id_seq: 100638
2025-04-04 00:07:09,235 - INFO - Next value of sequence pur_id_seq: 100639
2025-04-04 00:07:09,265 - INFO - Successfully inserted data into konghin.purchase.
2025-04-04 00:07:09,265 - INFO - Query: INSERT INTO konghin.purchase (pur_id, pur_slm_id, pur_gold_cost, pur_labor_cost, pur_method, pur_official_invoice, pur_date, pur_billing_date, pur_weight, pur_invoice_no, pur_code, pur_payment_status) VALUES ('PUR_100637','SLM_100036', '144.3', '0', 'CASH', '1', '2015-11-01 00:00:00', '2015-11-01 00:00:00', '0', null, '1115JF', 'PAID'),('PUR_100638','SLM_100012', '143.3', '0', 'CASH', '1', '2015-11-01 00:00:00', '2015-11-01 00:00:00', '0', null, '1115MGI', 'PAID'),('PUR_100639','SLM_100007', '144.7', '0', 'CASH', '1', '2015-11-01 00:00:00', '2015-11-01 00:00:00', '0', null, '1115SLG', 'PAID')
2025-04-04 00:07:09,280 - INFO - Next value of sequence pur_id_seq: 100640
2025-04-04 00:07:09,292 - INFO - Next value of sequence pur_id_seq: 100641
2025-04-04 00:07:09,309 - INFO - Next value of sequence pur_id_seq: 100642
2025-04-04 00:07:09,327 - INFO - Successfully inserted data into konghin.purchase.
2025-04-04 00:07:09,327 - INFO - Query: INSERT INTO konghin.purchase (pur_id, pur_slm_id, pur_gold_cost, pur_labor_cost, pur_method, pur_official_invoice, pur_date, pur_billing_date, pur_weight, pur_invoice_no, pur_code, pur_payment_status) VALUES ('PUR_100640','SLM_100015', '137.3', '0', 'CASH', '1', '2015-11-01 00:00:00', '2015-11-01 00:00:00', '0', null, '1115YF', 'PAID'),('PUR_100641','SLM_100010', '141.8', '0', 'CASH', '1', '2015-11-01 00:00:00', '2015-11-01 00:00:00', '0', null, '1115YX', 'PAID'),('PUR_100642','SLM_100013', '159.4', '0', 'CASH', '1', '2016-11-01 00:00:00', '2016-11-01 00:00:00', '0', null, '1116DE', 'PAID')
2025-04-04 00:07:09,342 - INFO - Next value of sequence pur_id_seq: 100643
2025-04-04 00:07:09,351 - INFO - Next value of sequence pur_id_seq: 100644
2025-04-04 00:07:09,361 - INFO - Next value of sequence pur_id_seq: 100645
2025-04-04 00:07:09,378 - INFO - Successfully inserted data into konghin.purchase.
2025-04-04 00:07:09,378 - INFO - Query: INSERT INTO konghin.purchase (pur_id, pur_slm_id, pur_gold_cost, pur_labor_cost, pur_method, pur_official_invoice, pur_date, pur_billing_date, pur_weight, pur_invoice_no, pur_code, pur_payment_status) VALUES ('PUR_100643','SLM_100012', '162.7', '0', 'CASH', '1', '2016-11-01 00:00:00', '2016-11-01 00:00:00', '0', null, '1116MGI', 'PAID'),('PUR_100644','SLM_100007', '166.4', '0', 'CASH', '1', '2016-11-01 00:00:00', '2016-11-01 00:00:00', '0', null, '1116SLG', 'PAID'),('PUR_100645','SLM_100017', '165.0', '0', 'CASH', '1', '2016-11-01 00:00:00', '2016-11-01 00:00:00', '0', null, '1116XW', 'PAID')
2025-04-04 00:07:09,400 - INFO - Next value of sequence pur_id_seq: 100646
2025-04-04 00:07:09,411 - INFO - Next value of sequence pur_id_seq: 100647
2025-04-04 00:07:09,422 - INFO - Next value of sequence pur_id_seq: 100648
2025-04-04 00:07:09,440 - INFO - Successfully inserted data into konghin.purchase.
2025-04-04 00:07:09,440 - INFO - Query: INSERT INTO konghin.purchase (pur_id, pur_slm_id, pur_gold_cost, pur_labor_cost, pur_method, pur_official_invoice, pur_date, pur_billing_date, pur_weight, pur_invoice_no, pur_code, pur_payment_status) VALUES ('PUR_100646','SLM_100010', '163.7', '0', 'CASH', '1', '2016-11-01 00:00:00', '2016-11-01 00:00:00', '0', null, '1116YX', 'PAID'),('PUR_100647','SLM_100013', '162.5', '0', 'CASH', '1', '2017-11-01 00:00:00', '2017-11-01 00:00:00', '0', null, '1117DE', 'PAID'),('PUR_100648','SLM_100016', '160.2', '0', 'CASH', '1', '2017-11-01 00:00:00', '2017-11-01 00:00:00', '0', null, '1117HL', 'PAID')
2025-04-04 00:07:09,456 - INFO - Next value of sequence pur_id_seq: 100649
2025-04-04 00:07:09,466 - INFO - Next value of sequence pur_id_seq: 100650
2025-04-04 00:07:09,477 - INFO - Next value of sequence pur_id_seq: 100651
2025-04-04 00:07:09,495 - INFO - Successfully inserted data into konghin.purchase.
2025-04-04 00:07:09,495 - INFO - Query: INSERT INTO konghin.purchase (pur_id, pur_slm_id, pur_gold_cost, pur_labor_cost, pur_method, pur_official_invoice, pur_date, pur_billing_date, pur_weight, pur_invoice_no, pur_code, pur_payment_status) VALUES ('PUR_100649','SLM_100007', '165.0', '0', 'CASH', '1', '2017-11-01 00:00:00', '2017-11-01 00:00:00', '0', null, '1117SLG', 'PAID'),('PUR_100650','SLM_100015', '160.8', '0', 'CASH', '1', '2017-11-01 00:00:00', '2017-11-01 00:00:00', '0', null, '1117YF', 'PAID'),('PUR_100651','SLM_100018', '164.6', '0', 'CASH', '1', '2017-11-01 00:00:00', '2017-11-01 00:00:00', '0', null, '1117YM', 'PAID')
2025-04-04 00:07:09,527 - INFO - Next value of sequence pur_id_seq: 100652
2025-04-04 00:07:09,543 - INFO - Next value of sequence pur_id_seq: 100653
2025-04-04 00:07:09,564 - INFO - Next value of sequence pur_id_seq: 100654
2025-04-04 00:07:09,583 - INFO - Successfully inserted data into konghin.purchase.
2025-04-04 00:07:09,583 - INFO - Query: INSERT INTO konghin.purchase (pur_id, pur_slm_id, pur_gold_cost, pur_labor_cost, pur_method, pur_official_invoice, pur_date, pur_billing_date, pur_weight, pur_invoice_no, pur_code, pur_payment_status) VALUES ('PUR_100652','SLM_100043', '155.48', '0', 'CASH', '1', '2018-11-01 00:00:00', '2018-11-01 00:00:00', '0', null, '1118DC', 'PAID'),('PUR_100653','SLM_100007', '154.3', '0', 'CASH', '1', '2018-11-01 00:00:00', '2018-11-01 00:00:00', '0', null, '1118SLG', 'PAID'),('PUR_100654','SLM_100017', '153.71', '0', 'CASH', '1', '2018-11-01 00:00:00', '2018-11-01 00:00:00', '0', null, '1118XW', 'PAID')
2025-04-04 00:07:09,601 - INFO - Next value of sequence pur_id_seq: 100655
2025-04-04 00:07:09,618 - INFO - Next value of sequence pur_id_seq: 100656
2025-04-04 00:07:09,629 - INFO - Next value of sequence pur_id_seq: 100657
2025-04-04 00:07:09,646 - INFO - Successfully inserted data into konghin.purchase.
2025-04-04 00:07:09,646 - INFO - Query: INSERT INTO konghin.purchase (pur_id, pur_slm_id, pur_gold_cost, pur_labor_cost, pur_method, pur_official_invoice, pur_date, pur_billing_date, pur_weight, pur_invoice_no, pur_code, pur_payment_status) VALUES ('PUR_100655','SLM_100015', '154.9', '0', 'CASH', '1', '2018-11-01 00:00:00', '2018-11-01 00:00:00', '0', null, '1118YF', 'PAID'),('PUR_100656','SLM_100018', '154.5', '0', 'CASH', '1', '2018-11-01 00:00:00', '2018-11-01 00:00:00', '0', null, '1118YM', 'PAID'),('PUR_100657','SLM_100011', '189.04', '0', 'CASH', '1', '2019-11-01 00:00:00', '2019-11-01 00:00:00', '0', null, '1119GBT', 'PAID')
2025-04-04 00:07:09,660 - INFO - Next value of sequence pur_id_seq: 100658
2025-04-04 00:07:09,669 - INFO - Next value of sequence pur_id_seq: 100659
2025-04-04 00:07:09,680 - INFO - Next value of sequence pur_id_seq: 100660
2025-04-04 00:07:09,697 - INFO - Successfully inserted data into konghin.purchase.
2025-04-04 00:07:09,697 - INFO - Query: INSERT INTO konghin.purchase (pur_id, pur_slm_id, pur_gold_cost, pur_labor_cost, pur_method, pur_official_invoice, pur_date, pur_billing_date, pur_weight, pur_invoice_no, pur_code, pur_payment_status) VALUES ('PUR_100658','SLM_100007', '185.24', '0', 'CASH', '1', '2019-11-01 00:00:00', '2019-11-01 00:00:00', '0', null, '1119SLG', 'PAID'),('PUR_100659','SLM_100017', '189.91', '0', 'CASH', '1', '2019-11-01 00:00:00', '2019-11-01 00:00:00', '0', null, '1119XW', 'PAID'),('PUR_100660','SLM_100018', '186.34', '0', 'CASH', '1', '2019-11-01 00:00:00', '2019-11-01 00:00:00', '0', null, '1119YM', 'PAID')
2025-04-04 00:07:09,714 - INFO - Next value of sequence pur_id_seq: 100661
2025-04-04 00:07:09,732 - INFO - Next value of sequence pur_id_seq: 100662
2025-04-04 00:07:09,743 - INFO - Next value of sequence pur_id_seq: 100663
2025-04-04 00:07:09,761 - INFO - Successfully inserted data into konghin.purchase.
2025-04-04 00:07:09,761 - INFO - Query: INSERT INTO konghin.purchase (pur_id, pur_slm_id, pur_gold_cost, pur_labor_cost, pur_method, pur_official_invoice, pur_date, pur_billing_date, pur_weight, pur_invoice_no, pur_code, pur_payment_status) VALUES ('PUR_100661','SLM_100010', '186.29', '0', 'CASH', '1', '2019-11-01 00:00:00', '2019-11-01 00:00:00', '0', null, '1119YX', 'PAID'),('PUR_100662','SLM_100020', '223.16', '0', 'CASH', '1', '2020-11-01 00:00:00', '2020-11-01 00:00:00', '0', null, '1120JJT', 'PAID'),('PUR_100663','SLM_100007', '235.55', '0', 'CASH', '1', '2020-11-01 00:00:00', '2020-11-01 00:00:00', '0', null, '1120SLG', 'PAID')
2025-04-04 00:07:09,779 - INFO - Next value of sequence pur_id_seq: 100664
2025-04-04 00:07:09,791 - INFO - Next value of sequence pur_id_seq: 100665
2025-04-04 00:07:09,804 - INFO - Next value of sequence pur_id_seq: 100666
2025-04-04 00:07:09,826 - INFO - Successfully inserted data into konghin.purchase.
2025-04-04 00:07:09,826 - INFO - Query: INSERT INTO konghin.purchase (pur_id, pur_slm_id, pur_gold_cost, pur_labor_cost, pur_method, pur_official_invoice, pur_date, pur_billing_date, pur_weight, pur_invoice_no, pur_code, pur_payment_status) VALUES ('PUR_100664','SLM_100017', '240.0', '0', 'CASH', '1', '2020-11-01 00:00:00', '2020-11-01 00:00:00', '0', null, '1120XW', 'PAID'),('PUR_100665','SLM_100018', '243.9', '0', 'CASH', '1', '2020-11-01 00:00:00', '2020-11-01 00:00:00', '0', null, '1120YM', 'PAID'),('PUR_100666','SLM_100020', '228.31', '0', 'CASH', '1', '2021-11-01 00:00:00', '2021-11-01 00:00:00', '0', null, '1121JJT', 'PAID')
2025-04-04 00:07:09,846 - INFO - Next value of sequence pur_id_seq: 100667
2025-04-04 00:07:09,856 - INFO - Next value of sequence pur_id_seq: 100668
2025-04-04 00:07:09,867 - INFO - Next value of sequence pur_id_seq: 100669
2025-04-04 00:07:09,885 - INFO - Successfully inserted data into konghin.purchase.
2025-04-04 00:07:09,886 - INFO - Query: INSERT INTO konghin.purchase (pur_id, pur_slm_id, pur_gold_cost, pur_labor_cost, pur_method, pur_official_invoice, pur_date, pur_billing_date, pur_weight, pur_invoice_no, pur_code, pur_payment_status) VALUES ('PUR_100667','SLM_100019', '235.45', '0', 'CASH', '1', '2021-11-01 00:00:00', '2021-11-01 00:00:00', '0', null, '1121LUX', 'PAID'),('PUR_100668','SLM_100007', '231.52', '0', 'CASH', '1', '2021-11-01 00:00:00', '2021-11-01 00:00:00', '0', null, '1121SLG', 'PAID'),('PUR_100669','SLM_100025', '233.51', '0', 'CASH', '1', '2021-11-01 00:00:00', '2021-11-01 00:00:00', '0', null, '1121TC', 'PAID')
2025-04-04 00:07:09,910 - INFO - Next value of sequence pur_id_seq: 100670
2025-04-04 00:07:09,924 - INFO - Next value of sequence pur_id_seq: 100671
2025-04-04 00:07:09,933 - INFO - Next value of sequence pur_id_seq: 100672
2025-04-04 00:07:09,952 - INFO - Successfully inserted data into konghin.purchase.
2025-04-04 00:07:09,952 - INFO - Query: INSERT INTO konghin.purchase (pur_id, pur_slm_id, pur_gold_cost, pur_labor_cost, pur_method, pur_official_invoice, pur_date, pur_billing_date, pur_weight, pur_invoice_no, pur_code, pur_payment_status) VALUES ('PUR_100670','SLM_100018', '226.61', '0', 'CASH', '1', '2021-11-01 00:00:00', '2021-11-01 00:00:00', '0', null, '1121YM', 'PAID'),('PUR_100671','SLM_100010', '225.97', '0', 'CASH', '1', '2021-11-01 00:00:00', '2021-11-01 00:00:00', '0', null, '1121YX', 'PAID'),('PUR_100672','SLM_100021', '234.94', '0', 'CASH', '1', '2022-11-01 00:00:00', '2022-11-01 00:00:00', '0', null, '1122HJ', 'PAID')
2025-04-04 00:07:09,967 - INFO - Next value of sequence pur_id_seq: 100673
2025-04-04 00:07:09,980 - INFO - Next value of sequence pur_id_seq: 100674
2025-04-04 00:07:09,990 - INFO - Next value of sequence pur_id_seq: 100675
2025-04-04 00:07:10,005 - INFO - Successfully inserted data into konghin.purchase.
2025-04-04 00:07:10,005 - INFO - Query: INSERT INTO konghin.purchase (pur_id, pur_slm_id, pur_gold_cost, pur_labor_cost, pur_method, pur_official_invoice, pur_date, pur_billing_date, pur_weight, pur_invoice_no, pur_code, pur_payment_status) VALUES ('PUR_100673','SLM_100020', '240.23', '0', 'CASH', '1', '2022-11-01 00:00:00', '2022-11-01 00:00:00', '0', null, '1122JJT', 'PAID'),('PUR_100674','SLM_100019', '241.88', '0', 'CASH', '1', '2022-11-01 00:00:00', '2022-11-01 00:00:00', '0', null, '1122LUX', 'PAID'),('PUR_100675','SLM_100022', '234.32', '0', 'CASH', '1', '2022-11-01 00:00:00', '2022-11-01 00:00:00', '0', null, '1122RB', 'PAID')
2025-04-04 00:07:10,025 - INFO - Next value of sequence pur_id_seq: 100676
2025-04-04 00:07:10,037 - INFO - Next value of sequence pur_id_seq: 100677
2025-04-04 00:07:10,051 - INFO - Next value of sequence pur_id_seq: 100678
2025-04-04 00:07:10,069 - INFO - Successfully inserted data into konghin.purchase.
2025-04-04 00:07:10,069 - INFO - Query: INSERT INTO konghin.purchase (pur_id, pur_slm_id, pur_gold_cost, pur_labor_cost, pur_method, pur_official_invoice, pur_date, pur_billing_date, pur_weight, pur_invoice_no, pur_code, pur_payment_status) VALUES ('PUR_100676','SLM_100007', '242.97', '0', 'CASH', '1', '2022-11-01 00:00:00', '2022-11-01 00:00:00', '0', null, '1122SLG', 'PAID'),('PUR_100677','SLM_100025', '236.69', '0', 'CASH', '1', '2022-11-01 00:00:00', '2022-11-01 00:00:00', '0', null, '1122TC', 'PAID'),('PUR_100678','SLM_100017', '232.68', '0', 'CASH', '1', '2022-11-01 00:00:00', '2022-11-01 00:00:00', '0', null, '1122XW', 'PAID')
2025-04-04 00:07:10,093 - INFO - Next value of sequence pur_id_seq: 100679
2025-04-04 00:07:10,103 - INFO - Next value of sequence pur_id_seq: 100680
2025-04-04 00:07:10,118 - INFO - Next value of sequence pur_id_seq: 100681
2025-04-04 00:07:10,139 - INFO - Successfully inserted data into konghin.purchase.
2025-04-04 00:07:10,139 - INFO - Query: INSERT INTO konghin.purchase (pur_id, pur_slm_id, pur_gold_cost, pur_labor_cost, pur_method, pur_official_invoice, pur_date, pur_billing_date, pur_weight, pur_invoice_no, pur_code, pur_payment_status) VALUES ('PUR_100679','SLM_100015', '244.31', '0', 'CASH', '1', '2022-11-01 00:00:00', '2022-11-01 00:00:00', '0', null, '1122YF', 'PAID'),('PUR_100680','SLM_100018', '243.21', '0', 'CASH', '1', '2022-11-01 00:00:00', '2022-11-01 00:00:00', '0', null, '1122YM', 'PAID'),('PUR_100681','SLM_100010', '238.25', '0', 'CASH', '1', '2022-11-01 00:00:00', '2022-11-01 00:00:00', '0', null, '1122YX', 'PAID')
2025-04-04 00:07:10,159 - INFO - Next value of sequence pur_id_seq: 100682
2025-04-04 00:07:10,169 - INFO - Next value of sequence pur_id_seq: 100683
2025-04-04 00:07:10,177 - INFO - Next value of sequence pur_id_seq: 100684
2025-04-04 00:07:10,194 - INFO - Successfully inserted data into konghin.purchase.
2025-04-04 00:07:10,194 - INFO - Query: INSERT INTO konghin.purchase (pur_id, pur_slm_id, pur_gold_cost, pur_labor_cost, pur_method, pur_official_invoice, pur_date, pur_billing_date, pur_weight, pur_invoice_no, pur_code, pur_payment_status) VALUES ('PUR_100682','SLM_100023', '277.06', '0', 'CASH', '1', '2023-11-01 00:00:00', '2023-11-01 00:00:00', '0', null, '1123CJ', 'PAID'),('PUR_100683','SLM_100020', '275.87', '0', 'CASH', '1', '2023-11-01 00:00:00', '2023-11-01 00:00:00', '0', null, '1123JJT', 'PAID'),('PUR_100684','SLM_100019', '276.1', '0', 'CASH', '1', '2023-11-01 00:00:00', '2023-11-01 00:00:00', '0', null, '1123LUX', 'PAID')
2025-04-04 00:07:10,209 - INFO - Next value of sequence pur_id_seq: 100685
2025-04-04 00:07:10,218 - INFO - Next value of sequence pur_id_seq: 100686
2025-04-04 00:07:10,234 - INFO - Next value of sequence pur_id_seq: 100687
2025-04-04 00:07:10,250 - INFO - Successfully inserted data into konghin.purchase.
2025-04-04 00:07:10,250 - INFO - Query: INSERT INTO konghin.purchase (pur_id, pur_slm_id, pur_gold_cost, pur_labor_cost, pur_method, pur_official_invoice, pur_date, pur_billing_date, pur_weight, pur_invoice_no, pur_code, pur_payment_status) VALUES ('PUR_100685','SLM_100022', '282.55', '0', 'CASH', '1', '2023-11-01 00:00:00', '2023-11-01 00:00:00', '0', null, '1123RB', 'PAID'),('PUR_100686','SLM_100007', '280.49', '0', 'CASH', '1', '2023-11-01 00:00:00', '2023-11-01 00:00:00', '0', null, '1123SLG', 'PAID'),('PUR_100687','SLM_100025', '276.05', '0', 'CASH', '1', '2023-11-01 00:00:00', '2023-11-01 00:00:00', '0', null, '1123TC', 'PAID')
2025-04-04 00:07:10,270 - INFO - Next value of sequence pur_id_seq: 100688
2025-04-04 00:07:10,280 - INFO - Next value of sequence pur_id_seq: 100689
2025-04-04 00:07:10,289 - INFO - Next value of sequence pur_id_seq: 100690
2025-04-04 00:07:10,309 - INFO - Successfully inserted data into konghin.purchase.
2025-04-04 00:07:10,309 - INFO - Query: INSERT INTO konghin.purchase (pur_id, pur_slm_id, pur_gold_cost, pur_labor_cost, pur_method, pur_official_invoice, pur_date, pur_billing_date, pur_weight, pur_invoice_no, pur_code, pur_payment_status) VALUES ('PUR_100688','SLM_100018', '275.7', '0', 'CASH', '1', '2023-11-01 00:00:00', '2023-11-01 00:00:00', '0', null, '1123YM', 'PAID'),('PUR_100689','SLM_100010', '277.83', '0', 'CASH', '1', '2023-11-01 00:00:00', '2023-11-01 00:00:00', '0', null, '1123YX', 'PAID'),('PUR_100690','SLM_100020', '354.85', '0', 'CASH', '1', '2024-11-01 00:00:00', '2024-11-01 00:00:00', '0', null, '1124JJT', 'PAID')
2025-04-04 00:07:10,327 - INFO - Next value of sequence pur_id_seq: 100691
2025-04-04 00:07:10,337 - INFO - Next value of sequence pur_id_seq: 100692
2025-04-04 00:07:10,347 - INFO - Next value of sequence pur_id_seq: 100693
2025-04-04 00:07:10,363 - INFO - Successfully inserted data into konghin.purchase.
2025-04-04 00:07:10,363 - INFO - Query: INSERT INTO konghin.purchase (pur_id, pur_slm_id, pur_gold_cost, pur_labor_cost, pur_method, pur_official_invoice, pur_date, pur_billing_date, pur_weight, pur_invoice_no, pur_code, pur_payment_status) VALUES ('PUR_100691','SLM_100008', '131.0', '0', 'CASH', '1', '2010-12-01 00:00:00', '2010-12-01 00:00:00', '0', null, '1210MH', 'PAID'),('PUR_100692','SLM_100009', '135.0', '0', 'CASH', '1', '2010-12-01 00:00:00', '2010-12-01 00:00:00', '0', null, '1210SH', 'PAID'),('PUR_100693','SLM_100007', '135.0', '0', 'CASH', '1', '2010-12-01 00:00:00', '2010-12-01 00:00:00', '0', null, '1210SLG', 'PAID')
2025-04-04 00:07:10,376 - INFO - Next value of sequence pur_id_seq: 100694
2025-04-04 00:07:10,386 - INFO - Next value of sequence pur_id_seq: 100695
2025-04-04 00:07:10,394 - INFO - Next value of sequence pur_id_seq: 100696
2025-04-04 00:07:10,413 - INFO - Successfully inserted data into konghin.purchase.
2025-04-04 00:07:10,413 - INFO - Query: INSERT INTO konghin.purchase (pur_id, pur_slm_id, pur_gold_cost, pur_labor_cost, pur_method, pur_official_invoice, pur_date, pur_billing_date, pur_weight, pur_invoice_no, pur_code, pur_payment_status) VALUES ('PUR_100694','SLM_100008', '154.0', '0', 'CASH', '1', '2011-12-01 00:00:00', '2011-12-01 00:00:00', '0', null, '1211MH', 'PAID'),('PUR_100695','SLM_100007', '167.0', '0', 'CASH', '1', '2011-12-01 00:00:00', '2011-12-01 00:00:00', '0', null, '1211SLG', 'PAID'),('PUR_100696','SLM_100010', '165.5', '0', 'CASH', '1', '2011-12-01 00:00:00', '2011-12-01 00:00:00', '0', null, '1211YX', 'PAID')
2025-04-04 00:07:10,429 - INFO - Next value of sequence pur_id_seq: 100697
2025-04-04 00:07:10,438 - INFO - Next value of sequence pur_id_seq: 100698
2025-04-04 00:07:10,446 - INFO - Next value of sequence pur_id_seq: 100699
2025-04-04 00:07:10,461 - INFO - Successfully inserted data into konghin.purchase.
2025-04-04 00:07:10,462 - INFO - Query: INSERT INTO konghin.purchase (pur_id, pur_slm_id, pur_gold_cost, pur_labor_cost, pur_method, pur_official_invoice, pur_date, pur_billing_date, pur_weight, pur_invoice_no, pur_code, pur_payment_status) VALUES ('PUR_100697','SLM_100011', '158.5', '0', 'CASH', '1', '2012-12-01 00:00:00', '2012-12-01 00:00:00', '0', null, '1212GBT', 'PAID'),('PUR_100698','SLM_100006', '154.0', '0', 'CASH', '1', '2012-12-01 00:00:00', '2012-12-01 00:00:00', '0', null, '1212MG', 'PAID'),('PUR_100699','SLM_100007', '158.5', '0', 'CASH', '1', '2012-12-01 00:00:00', '2012-12-01 00:00:00', '0', null, '1212SLG', 'PAID')
2025-04-04 00:07:10,477 - INFO - Next value of sequence pur_id_seq: 100700
2025-04-04 00:07:10,485 - INFO - Next value of sequence pur_id_seq: 100701
2025-04-04 00:07:10,494 - INFO - Next value of sequence pur_id_seq: 100702
2025-04-04 00:07:10,512 - INFO - Successfully inserted data into konghin.purchase.
2025-04-04 00:07:10,512 - INFO - Query: INSERT INTO konghin.purchase (pur_id, pur_slm_id, pur_gold_cost, pur_labor_cost, pur_method, pur_official_invoice, pur_date, pur_billing_date, pur_weight, pur_invoice_no, pur_code, pur_payment_status) VALUES ('PUR_100700','SLM_100012', '120.5', '0', 'CASH', '1', '2013-12-01 00:00:00', '2013-12-01 00:00:00', '0', null, '1213MGI', 'PAID'),('PUR_100701','SLM_100007', '123.0', '0', 'CASH', '1', '2013-12-01 00:00:00', '2013-12-01 00:00:00', '0', null, '1213SLG', 'PAID'),('PUR_100702','SLM_100010', '122.0', '0', 'CASH', '1', '2013-12-01 00:00:00', '2013-12-01 00:00:00', '0', null, '1213YX', 'PAID')
2025-04-04 00:07:10,531 - INFO - Next value of sequence pur_id_seq: 100703
2025-04-04 00:07:10,540 - INFO - Next value of sequence pur_id_seq: 100704
2025-04-04 00:07:10,548 - INFO - Next value of sequence pur_id_seq: 100705
2025-04-04 00:07:10,564 - INFO - Successfully inserted data into konghin.purchase.
2025-04-04 00:07:10,564 - INFO - Query: INSERT INTO konghin.purchase (pur_id, pur_slm_id, pur_gold_cost, pur_labor_cost, pur_method, pur_official_invoice, pur_date, pur_billing_date, pur_weight, pur_invoice_no, pur_code, pur_payment_status) VALUES ('PUR_100703','SLM_100014', '126.3', '0', 'CASH', '1', '2014-12-01 00:00:00', '2014-12-01 00:00:00', '0', null, '1214FS', 'PAID'),('PUR_100704','SLM_100011', '125.6', '0', 'CASH', '1', '2014-12-01 00:00:00', '2014-12-01 00:00:00', '0', null, '1214GBT', 'PAID'),('PUR_100705','SLM_100012', '126.7', '0', 'CASH', '1', '2014-12-01 00:00:00', '2014-12-01 00:00:00', '0', null, '1214MGI', 'PAID')
2025-04-04 00:07:10,581 - INFO - Next value of sequence pur_id_seq: 100706
2025-04-04 00:07:10,590 - INFO - Next value of sequence pur_id_seq: 100707
2025-04-04 00:07:10,600 - INFO - Next value of sequence pur_id_seq: 100708
2025-04-04 00:07:10,618 - INFO - Successfully inserted data into konghin.purchase.
2025-04-04 00:07:10,618 - INFO - Query: INSERT INTO konghin.purchase (pur_id, pur_slm_id, pur_gold_cost, pur_labor_cost, pur_method, pur_official_invoice, pur_date, pur_billing_date, pur_weight, pur_invoice_no, pur_code, pur_payment_status) VALUES ('PUR_100706','SLM_100007', '126.3', '0', 'CASH', '1', '2014-12-01 00:00:00', '2014-12-01 00:00:00', '0', null, '1214SLG', 'PAID'),('PUR_100707','SLM_100010', '126.85', '0', 'CASH', '1', '2014-12-01 00:00:00', '2014-12-01 00:00:00', '0', null, '1214YX', 'PAID'),('PUR_100708','SLM_100014', '134.3', '0', 'CASH', '1', '2015-12-01 00:00:00', '2015-12-01 00:00:00', '0', null, '1215FS', 'PAID')
2025-04-04 00:07:10,633 - INFO - Next value of sequence pur_id_seq: 100709
2025-04-04 00:07:10,642 - INFO - Next value of sequence pur_id_seq: 100710
2025-04-04 00:07:10,653 - INFO - Next value of sequence pur_id_seq: 100711
2025-04-04 00:07:10,670 - INFO - Successfully inserted data into konghin.purchase.
2025-04-04 00:07:10,670 - INFO - Query: INSERT INTO konghin.purchase (pur_id, pur_slm_id, pur_gold_cost, pur_labor_cost, pur_method, pur_official_invoice, pur_date, pur_billing_date, pur_weight, pur_invoice_no, pur_code, pur_payment_status) VALUES ('PUR_100709','SLM_100011', '140.3', '0', 'CASH', '1', '2015-12-01 00:00:00', '2015-12-01 00:00:00', '0', null, '1215GBT', 'PAID'),('PUR_100710','SLM_100012', '139.1', '0', 'CASH', '1', '2015-12-01 00:00:00', '2015-12-01 00:00:00', '0', null, '1215MGI', 'PAID'),('PUR_100711','SLM_100007', '139.3', '0', 'CASH', '1', '2015-12-01 00:00:00', '2015-12-01 00:00:00', '0', null, '1215SLG', 'PAID')
2025-04-04 00:07:10,688 - INFO - Next value of sequence pur_id_seq: 100712
2025-04-04 00:07:10,697 - INFO - Next value of sequence pur_id_seq: 100713
2025-04-04 00:07:10,705 - INFO - Next value of sequence pur_id_seq: 100714
2025-04-04 00:07:10,722 - INFO - Successfully inserted data into konghin.purchase.
2025-04-04 00:07:10,723 - INFO - Query: INSERT INTO konghin.purchase (pur_id, pur_slm_id, pur_gold_cost, pur_labor_cost, pur_method, pur_official_invoice, pur_date, pur_billing_date, pur_weight, pur_invoice_no, pur_code, pur_payment_status) VALUES ('PUR_100712','SLM_100015', '138.8', '0', 'CASH', '1', '2015-12-01 00:00:00', '2015-12-01 00:00:00', '0', null, '1215YF', 'PAID'),('PUR_100713','SLM_100011', '154.9', '0', 'CASH', '1', '2016-12-01 00:00:00', '2016-12-01 00:00:00', '0', null, '1216GBT', 'PAID'),('PUR_100714','SLM_100007', '159.9', '0', 'CASH', '1', '2016-12-01 00:00:00', '2016-12-01 00:00:00', '0', null, '1216SLG', 'PAID')
2025-04-04 00:07:10,739 - INFO - Next value of sequence pur_id_seq: 100715
2025-04-04 00:07:10,748 - INFO - Next value of sequence pur_id_seq: 100716
2025-04-04 00:07:10,757 - INFO - Next value of sequence pur_id_seq: 100717
2025-04-04 00:07:10,772 - INFO - Successfully inserted data into konghin.purchase.
2025-04-04 00:07:10,772 - INFO - Query: INSERT INTO konghin.purchase (pur_id, pur_slm_id, pur_gold_cost, pur_labor_cost, pur_method, pur_official_invoice, pur_date, pur_billing_date, pur_weight, pur_invoice_no, pur_code, pur_payment_status) VALUES ('PUR_100715','SLM_100017', '156.4', '0', 'CASH', '1', '2016-12-01 00:00:00', '2016-12-01 00:00:00', '0', null, '1216XW', 'PAID'),('PUR_100716','SLM_100007', '161.5', '0', 'CASH', '1', '2017-12-01 00:00:00', '2017-12-01 00:00:00', '0', null, '1217SLG', 'PAID'),('PUR_100717','SLM_100017', '158.9', '0', 'CASH', '1', '2017-12-01 00:00:00', '2017-12-01 00:00:00', '0', null, '1217XW', 'PAID')
2025-04-04 00:07:10,787 - INFO - Next value of sequence pur_id_seq: 100718
2025-04-04 00:07:10,796 - INFO - Next value of sequence pur_id_seq: 100719
2025-04-04 00:07:10,804 - INFO - Next value of sequence pur_id_seq: 100720
2025-04-04 00:07:10,822 - INFO - Successfully inserted data into konghin.purchase.
2025-04-04 00:07:10,822 - INFO - Query: INSERT INTO konghin.purchase (pur_id, pur_slm_id, pur_gold_cost, pur_labor_cost, pur_method, pur_official_invoice, pur_date, pur_billing_date, pur_weight, pur_invoice_no, pur_code, pur_payment_status) VALUES ('PUR_100718','SLM_100018', '157.52', '0', 'CASH', '1', '2017-12-01 00:00:00', '2017-12-01 00:00:00', '0', null, '1217YM', 'PAID'),('PUR_100719','SLM_100010', '155.7', '0', 'CASH', '1', '2017-12-01 00:00:00', '2017-12-01 00:00:00', '0', null, '1217YX', 'PAID'),('PUR_100720','SLM_100007', '156.55', '0', 'CASH', '1', '2018-12-01 00:00:00', '2018-12-01 00:00:00', '0', null, '1218SLG', 'PAID')
2025-04-04 00:07:10,837 - INFO - Next value of sequence pur_id_seq: 100721
2025-04-04 00:07:10,846 - INFO - Next value of sequence pur_id_seq: 100722
2025-04-04 00:07:10,855 - INFO - Next value of sequence pur_id_seq: 100723
2025-04-04 00:07:10,873 - INFO - Successfully inserted data into konghin.purchase.
2025-04-04 00:07:10,873 - INFO - Query: INSERT INTO konghin.purchase (pur_id, pur_slm_id, pur_gold_cost, pur_labor_cost, pur_method, pur_official_invoice, pur_date, pur_billing_date, pur_weight, pur_invoice_no, pur_code, pur_payment_status) VALUES ('PUR_100721','SLM_100018', '158.46', '0', 'CASH', '1', '2018-12-01 00:00:00', '2018-12-01 00:00:00', '0', null, '1218YM', 'PAID'),('PUR_100722','SLM_100010', '158.19', '0', 'CASH', '1', '2018-12-01 00:00:00', '2018-12-01 00:00:00', '0', null, '1218YX', 'PAID'),('PUR_100723','SLM_100011', '183.93', '0', 'CASH', '1', '2019-12-01 00:00:00', '2019-12-01 00:00:00', '0', null, '1219GBT', 'PAID')
2025-04-04 00:07:10,889 - INFO - Next value of sequence pur_id_seq: 100724
2025-04-04 00:07:10,902 - INFO - Next value of sequence pur_id_seq: 100725
2025-04-04 00:07:10,911 - INFO - Next value of sequence pur_id_seq: 100726
2025-04-04 00:07:10,927 - INFO - Successfully inserted data into konghin.purchase.
2025-04-04 00:07:10,927 - INFO - Query: INSERT INTO konghin.purchase (pur_id, pur_slm_id, pur_gold_cost, pur_labor_cost, pur_method, pur_official_invoice, pur_date, pur_billing_date, pur_weight, pur_invoice_no, pur_code, pur_payment_status) VALUES ('PUR_100724','SLM_100031', '185.65', '0', 'CASH', '1', '2019-12-01 00:00:00', '2019-12-01 00:00:00', '0', null, '1219MK', 'PAID'),('PUR_100725','SLM_100007', '186.23', '0', 'CASH', '1', '2019-12-01 00:00:00', '2019-12-01 00:00:00', '0', null, '1219SLG', 'PAID'),('PUR_100726','SLM_100017', '187.37', '0', 'CASH', '1', '2019-12-01 00:00:00', '2019-12-01 00:00:00', '0', null, '1219XW', 'PAID')
2025-04-04 00:07:10,943 - INFO - Next value of sequence pur_id_seq: 100727
2025-04-04 00:07:10,952 - INFO - Next value of sequence pur_id_seq: 100728
2025-04-04 00:07:10,961 - INFO - Next value of sequence pur_id_seq: 100729
2025-04-04 00:07:10,978 - INFO - Successfully inserted data into konghin.purchase.
2025-04-04 00:07:10,978 - INFO - Query: INSERT INTO konghin.purchase (pur_id, pur_slm_id, pur_gold_cost, pur_labor_cost, pur_method, pur_official_invoice, pur_date, pur_billing_date, pur_weight, pur_invoice_no, pur_code, pur_payment_status) VALUES ('PUR_100727','SLM_100018', '185.57', '0', 'CASH', '1', '2019-12-01 00:00:00', '2019-12-01 00:00:00', '0', null, '1219YM', 'PAID'),('PUR_100728','SLM_100010', '185.3', '0', 'CASH', '1', '2019-12-01 00:00:00', '2019-12-01 00:00:00', '0', null, '1219YX', 'PAID'),('PUR_100729','SLM_100007', '224.52', '0', 'CASH', '1', '2020-12-01 00:00:00', '2020-12-01 00:00:00', '0', null, '1220SLG', 'PAID')
2025-04-04 00:07:10,993 - INFO - Next value of sequence pur_id_seq: 100730
2025-04-04 00:07:11,010 - INFO - Next value of sequence pur_id_seq: 100731
2025-04-04 00:07:11,019 - INFO - Next value of sequence pur_id_seq: 100732
2025-04-04 00:07:11,037 - INFO - Successfully inserted data into konghin.purchase.
2025-04-04 00:07:11,037 - INFO - Query: INSERT INTO konghin.purchase (pur_id, pur_slm_id, pur_gold_cost, pur_labor_cost, pur_method, pur_official_invoice, pur_date, pur_billing_date, pur_weight, pur_invoice_no, pur_code, pur_payment_status) VALUES ('PUR_100730','SLM_100047', '228.93', '0', 'CASH', '1', '2020-12-01 00:00:00', '2020-12-01 00:00:00', '0', null, '1220TJ', 'PAID'),('PUR_100731','SLM_100017', '229.2', '0', 'CASH', '1', '2020-12-01 00:00:00', '2020-12-01 00:00:00', '0', null, '1220XW', 'PAID'),('PUR_100732','SLM_100018', '230.0', '0', 'CASH', '1', '2020-12-01 00:00:00', '2020-12-01 00:00:00', '0', null, '1220YM', 'PAID')
2025-04-04 00:07:11,052 - INFO - Next value of sequence pur_id_seq: 100733
2025-04-04 00:07:11,060 - INFO - Next value of sequence pur_id_seq: 100734
2025-04-04 00:07:11,068 - INFO - Next value of sequence pur_id_seq: 100735
2025-04-04 00:07:11,083 - INFO - Successfully inserted data into konghin.purchase.
2025-04-04 00:07:11,083 - INFO - Query: INSERT INTO konghin.purchase (pur_id, pur_slm_id, pur_gold_cost, pur_labor_cost, pur_method, pur_official_invoice, pur_date, pur_billing_date, pur_weight, pur_invoice_no, pur_code, pur_payment_status) VALUES ('PUR_100733','SLM_100020', '227.91', '0', 'CASH', '1', '2021-12-01 00:00:00', '2021-12-01 00:00:00', '0', null, '1221JJT', 'PAID'),('PUR_100734','SLM_100007', '229.95', '0', 'CASH', '1', '2021-12-01 00:00:00', '2021-12-01 00:00:00', '0', null, '1221SLG', 'PAID'),('PUR_100735','SLM_100018', '228.48', '0', 'CASH', '1', '2021-12-01 00:00:00', '2021-12-01 00:00:00', '0', null, '1221YM', 'PAID')
2025-04-04 00:07:11,099 - INFO - Next value of sequence pur_id_seq: 100736
2025-04-04 00:07:11,108 - INFO - Next value of sequence pur_id_seq: 100737
2025-04-04 00:07:11,119 - INFO - Next value of sequence pur_id_seq: 100738
2025-04-04 00:07:11,136 - INFO - Successfully inserted data into konghin.purchase.
2025-04-04 00:07:11,136 - INFO - Query: INSERT INTO konghin.purchase (pur_id, pur_slm_id, pur_gold_cost, pur_labor_cost, pur_method, pur_official_invoice, pur_date, pur_billing_date, pur_weight, pur_invoice_no, pur_code, pur_payment_status) VALUES ('PUR_100736','SLM_100010', '228.33', '0', 'CASH', '1', '2021-12-01 00:00:00', '2021-12-01 00:00:00', '0', null, '1221YX', 'PAID'),('PUR_100737','SLM_100021', '239.82', '0', 'CASH', '1', '2022-12-01 00:00:00', '2022-12-01 00:00:00', '0', null, '1222HJ', 'PAID'),('PUR_100738','SLM_100020', '238.5', '0', 'CASH', '1', '2022-12-01 00:00:00', '2022-12-01 00:00:00', '0', null, '1222JJT', 'PAID')
2025-04-04 00:07:11,152 - INFO - Next value of sequence pur_id_seq: 100739
2025-04-04 00:07:11,161 - INFO - Next value of sequence pur_id_seq: 100740
2025-04-04 00:07:11,169 - INFO - Next value of sequence pur_id_seq: 100741
2025-04-04 00:07:11,184 - INFO - Successfully inserted data into konghin.purchase.
2025-04-04 00:07:11,184 - INFO - Query: INSERT INTO konghin.purchase (pur_id, pur_slm_id, pur_gold_cost, pur_labor_cost, pur_method, pur_official_invoice, pur_date, pur_billing_date, pur_weight, pur_invoice_no, pur_code, pur_payment_status) VALUES ('PUR_100739','SLM_100034', '235.23', '0', 'CASH', '1', '2022-12-01 00:00:00', '2022-12-01 00:00:00', '0', null, '1222JS', 'PAID'),('PUR_100740','SLM_100007', '240.0', '0', 'CASH', '1', '2022-12-01 00:00:00', '2022-12-01 00:00:00', '0', null, '1222SLG', 'PAID'),('PUR_100741','SLM_100018', '237.78', '0', 'CASH', '1', '2022-12-01 00:00:00', '2022-12-01 00:00:00', '0', null, '1222YM', 'PAID')
2025-04-04 00:07:11,200 - INFO - Next value of sequence pur_id_seq: 100742
2025-04-04 00:07:11,212 - INFO - Next value of sequence pur_id_seq: 100743
2025-04-04 00:07:11,226 - INFO - Next value of sequence pur_id_seq: 100744
2025-04-04 00:07:11,245 - INFO - Successfully inserted data into konghin.purchase.
2025-04-04 00:07:11,245 - INFO - Query: INSERT INTO konghin.purchase (pur_id, pur_slm_id, pur_gold_cost, pur_labor_cost, pur_method, pur_official_invoice, pur_date, pur_billing_date, pur_weight, pur_invoice_no, pur_code, pur_payment_status) VALUES ('PUR_100742','SLM_100010', '242.82', '0', 'CASH', '1', '2022-12-01 00:00:00', '2022-12-01 00:00:00', '0', null, '1222YX', 'PAID'),('PUR_100743','SLM_100020', '286.68', '0', 'CASH', '1', '2023-12-01 00:00:00', '2023-12-01 00:00:00', '0', null, '1223JJT', 'PAID'),('PUR_100744','SLM_100022', '239.34', '0', 'CASH', '1', '2023-12-01 00:00:00', '2023-12-01 00:00:00', '0', null, '1223RB', 'PAID')
2025-04-04 00:07:11,260 - INFO - Next value of sequence pur_id_seq: 100745
2025-04-04 00:07:11,268 - INFO - Next value of sequence pur_id_seq: 100746
2025-04-04 00:07:11,277 - INFO - Next value of sequence pur_id_seq: 100747
2025-04-04 00:07:11,293 - INFO - Successfully inserted data into konghin.purchase.
2025-04-04 00:07:11,293 - INFO - Query: INSERT INTO konghin.purchase (pur_id, pur_slm_id, pur_gold_cost, pur_labor_cost, pur_method, pur_official_invoice, pur_date, pur_billing_date, pur_weight, pur_invoice_no, pur_code, pur_payment_status) VALUES ('PUR_100745','SLM_100024', '281.57', '0', 'CASH', '1', '2023-12-01 00:00:00', '2023-12-01 00:00:00', '0', null, '1223SF', 'PAID'),('PUR_100746','SLM_100007', '288.12', '0', 'CASH', '1', '2023-12-01 00:00:00', '2023-12-01 00:00:00', '0', null, '1223SLG', 'PAID'),('PUR_100747','SLM_100025', '286.07', '0', 'CASH', '1', '2023-12-01 00:00:00', '2023-12-01 00:00:00', '0', null, '1223TC', 'PAID')
2025-04-04 00:07:11,307 - INFO - Next value of sequence pur_id_seq: 100748
2025-04-04 00:07:11,317 - INFO - Next value of sequence pur_id_seq: 100749
2025-04-04 00:07:11,327 - INFO - Next value of sequence pur_id_seq: 100750
2025-04-04 00:07:11,348 - INFO - Successfully inserted data into konghin.purchase.
2025-04-04 00:07:11,348 - INFO - Query: INSERT INTO konghin.purchase (pur_id, pur_slm_id, pur_gold_cost, pur_labor_cost, pur_method, pur_official_invoice, pur_date, pur_billing_date, pur_weight, pur_invoice_no, pur_code, pur_payment_status) VALUES ('PUR_100748','SLM_100017', '290.18', '0', 'CASH', '1', '2023-12-01 00:00:00', '2023-12-01 00:00:00', '0', null, '1223XW', 'PAID'),('PUR_100749','SLM_100018', '285.03', '0', 'CASH', '1', '2023-12-01 00:00:00', '2023-12-01 00:00:00', '0', null, '1223YM', 'PAID'),('PUR_100750','SLM_100023', '351.75', '0', 'CASH', '1', '2024-12-01 00:00:00', '2024-12-01 00:00:00', '0', null, '1224CJ', 'PAID')
2025-04-04 00:07:11,363 - INFO - Next value of sequence pur_id_seq: 100751
2025-04-04 00:07:11,373 - INFO - Next value of sequence pur_id_seq: 100752
2025-04-04 00:07:11,383 - INFO - Next value of sequence pur_id_seq: 100753
2025-04-04 00:07:11,400 - INFO - Successfully inserted data into konghin.purchase.
2025-04-04 00:07:11,400 - INFO - Query: INSERT INTO konghin.purchase (pur_id, pur_slm_id, pur_gold_cost, pur_labor_cost, pur_method, pur_official_invoice, pur_date, pur_billing_date, pur_weight, pur_invoice_no, pur_code, pur_payment_status) VALUES ('PUR_100751','SLM_100020', '359.7', '0', 'CASH', '1', '2024-12-01 00:00:00', '2024-12-01 00:00:00', '0', null, '1224JJT', 'PAID'),('PUR_100752','SLM_100019', '354.61', '0', 'CASH', '1', '2024-12-01 00:00:00', '2024-12-01 00:00:00', '0', null, '1224LUX', 'PAID'),('PUR_100753','SLM_100022', '352.81', '0', 'CASH', '1', '2024-12-01 00:00:00', '2024-12-01 00:00:00', '0', null, '1224RB', 'PAID')
2025-04-04 00:07:11,416 - INFO - Next value of sequence pur_id_seq: 100754
2025-04-04 00:07:11,427 - INFO - Next value of sequence pur_id_seq: 100755
2025-04-04 00:07:11,435 - INFO - Next value of sequence pur_id_seq: 100756
2025-04-04 00:07:11,452 - INFO - Successfully inserted data into konghin.purchase.
2025-04-04 00:07:11,452 - INFO - Query: INSERT INTO konghin.purchase (pur_id, pur_slm_id, pur_gold_cost, pur_labor_cost, pur_method, pur_official_invoice, pur_date, pur_billing_date, pur_weight, pur_invoice_no, pur_code, pur_payment_status) VALUES ('PUR_100754','SLM_100007', '355.51', '0', 'CASH', '1', '2024-12-01 00:00:00', '2024-12-01 00:00:00', '0', null, '1224SLG', 'PAID'),('PUR_100755','SLM_100017', '346.51', '0', 'CASH', '1', '2024-12-01 00:00:00', '2024-12-01 00:00:00', '0', null, '1224XW', 'PAID'),('PUR_100756','SLM_100018', '353.66', '0', 'CASH', '1', '2024-12-01 00:00:00', '2024-12-01 00:00:00', '0', null, '1224YM', 'PAID')
2025-04-04 00:07:11,467 - INFO - Next value of sequence pur_id_seq: 100757
2025-04-04 00:07:11,477 - INFO - Next value of sequence pur_id_seq: 100758
2025-04-04 00:07:11,486 - INFO - Next value of sequence pur_id_seq: 100759
2025-04-04 00:07:11,493 - ERROR - Query: INSERT INTO konghin.purchase (pur_id, pur_slm_id, pur_gold_cost, pur_labor_cost, pur_method, pur_official_invoice, pur_date, pur_billing_date, pur_weight, pur_invoice_no, pur_code, pur_payment_status) VALUES ('PUR_100757','SLM_100010', '356.5', '0', 'CASH', '1', '2024-12-01 00:00:00', '2024-12-01 00:00:00', '0', null, '1224YX', 'PAID'),('PUR_100758','SLM_100017', '239.89', '0', 'CASH', '1', 'NaT', 'NaT', '0', null, '122XW', 'PAID'),('PUR_100759','SLM_100007', '128.5', '0', 'CASH', '1', '2014-01-01 00:00:00', '2014-01-01 00:00:00', '0', null, 'B0114SLG', 'PAID')
2025-04-04 00:07:11,493 - ERROR - Database error: 22007 - ERROR:  parsing as type date: could not parse "NaT"

2025-04-04 00:07:11,493 - ERROR - Error details: None
2025-04-04 00:07:11,517 - INFO - Next value of sequence pur_id_seq: 100760
2025-04-04 00:07:11,527 - INFO - Next value of sequence pur_id_seq: 100761
2025-04-04 00:07:11,537 - INFO - Next value of sequence pur_id_seq: 100762
2025-04-04 00:07:11,555 - INFO - Successfully inserted data into konghin.purchase.
2025-04-04 00:07:11,555 - INFO - Query: INSERT INTO konghin.purchase (pur_id, pur_slm_id, pur_gold_cost, pur_labor_cost, pur_method, pur_official_invoice, pur_date, pur_billing_date, pur_weight, pur_invoice_no, pur_code, pur_payment_status) VALUES ('PUR_100760','SLM_100007', '140.8', '0', 'CASH', '1', '2015-01-01 00:00:00', '2015-01-01 00:00:00', '0', null, 'B0115SLG', 'PAID'),('PUR_100761','SLM_100007', '146.5', '0', 'CASH', '1', '2016-01-01 00:00:00', '2016-01-01 00:00:00', '0', null, 'B0116SLG', 'PAID'),('PUR_100762','SLM_100007', '161.55', '0', 'CASH', '1', '2019-01-01 00:00:00', '2019-01-01 00:00:00', '0', null, 'B0119SLG', 'PAID')
2025-04-04 00:07:11,572 - INFO - Next value of sequence pur_id_seq: 100763
2025-04-04 00:07:11,580 - INFO - Next value of sequence pur_id_seq: 100764
2025-04-04 00:07:11,589 - INFO - Next value of sequence pur_id_seq: 100765
2025-04-04 00:07:11,606 - INFO - Successfully inserted data into konghin.purchase.
2025-04-04 00:07:11,606 - INFO - Query: INSERT INTO konghin.purchase (pur_id, pur_slm_id, pur_gold_cost, pur_labor_cost, pur_method, pur_official_invoice, pur_date, pur_billing_date, pur_weight, pur_invoice_no, pur_code, pur_payment_status) VALUES ('PUR_100763','SLM_100015', '162.96', '0', 'CASH', '1', '2019-01-01 00:00:00', '2019-01-01 00:00:00', '0', null, 'B0119YF', 'PAID'),('PUR_100764','SLM_100018', '163.71', '0', 'CASH', '1', '2019-01-01 00:00:00', '2019-01-01 00:00:00', '0', null, 'B0119YM', 'PAID'),('PUR_100765','SLM_100007', '193.73', '0', 'CASH', '1', '2020-01-01 00:00:00', '2020-01-01 00:00:00', '0', null, 'B0120SLG', 'PAID')
2025-04-04 00:07:11,621 - INFO - Next value of sequence pur_id_seq: 100766
2025-04-04 00:07:11,629 - INFO - Next value of sequence pur_id_seq: 100767
2025-04-04 00:07:11,641 - INFO - Next value of sequence pur_id_seq: 100768
2025-04-04 00:07:11,656 - INFO - Successfully inserted data into konghin.purchase.
2025-04-04 00:07:11,656 - INFO - Query: INSERT INTO konghin.purchase (pur_id, pur_slm_id, pur_gold_cost, pur_labor_cost, pur_method, pur_official_invoice, pur_date, pur_billing_date, pur_weight, pur_invoice_no, pur_code, pur_payment_status) VALUES ('PUR_100766','SLM_100007', '228.77', '0', 'CASH', '1', '2021-01-01 00:00:00', '2021-01-01 00:00:00', '0', null, 'B0121SLG', 'PAID'),('PUR_100767','SLM_100007', '233.41', '0', 'CASH', '1', '2022-01-01 00:00:00', '2022-01-01 00:00:00', '0', null, 'B0122SLG', 'PAID'),('PUR_100768','SLM_100018', '230.82', '0', 'CASH', '1', '2022-01-01 00:00:00', '2022-01-01 00:00:00', '0', null, 'B0122YM', 'PAID')
2025-04-04 00:07:11,675 - INFO - Next value of sequence pur_id_seq: 100769
2025-04-04 00:07:11,684 - INFO - Next value of sequence pur_id_seq: 100770
2025-04-04 00:07:11,693 - INFO - Next value of sequence pur_id_seq: 100771
2025-04-04 00:07:11,710 - INFO - Successfully inserted data into konghin.purchase.
2025-04-04 00:07:11,710 - INFO - Query: INSERT INTO konghin.purchase (pur_id, pur_slm_id, pur_gold_cost, pur_labor_cost, pur_method, pur_official_invoice, pur_date, pur_billing_date, pur_weight, pur_invoice_no, pur_code, pur_payment_status) VALUES ('PUR_100769','SLM_100018', '248.19', '0', 'CASH', '1', '2023-01-01 00:00:00', '2023-01-01 00:00:00', '0', null, 'B0123YM', 'PAID'),('PUR_100770','SLM_100007', '291.48', '0', 'CASH', '1', '2024-01-01 00:00:00', '2024-01-01 00:00:00', '0', null, 'B0124SLG', 'PAID'),('PUR_100771','SLM_100018', '288.18', '0', 'CASH', '1', '2024-01-01 00:00:00', '2024-01-01 00:00:00', '0', null, 'B0124YM', 'PAID')
2025-04-04 00:07:11,728 - INFO - Next value of sequence pur_id_seq: 100772
2025-04-04 00:07:11,742 - INFO - Next value of sequence pur_id_seq: 100773
2025-04-04 00:07:11,755 - INFO - Next value of sequence pur_id_seq: 100774
2025-04-04 00:07:11,771 - INFO - Successfully inserted data into konghin.purchase.
2025-04-04 00:07:11,771 - INFO - Query: INSERT INTO konghin.purchase (pur_id, pur_slm_id, pur_gold_cost, pur_labor_cost, pur_method, pur_official_invoice, pur_date, pur_billing_date, pur_weight, pur_invoice_no, pur_code, pur_payment_status) VALUES ('PUR_100772','SLM_100010', '289.39', '0', 'CASH', '1', '2024-01-01 00:00:00', '2024-01-01 00:00:00', '0', null, 'B0124YX', 'PAID'),('PUR_100773','SLM_100018', '366.5', '0', 'CASH', '1', '2025-01-01 00:00:00', '2025-01-01 00:00:00', '0', null, 'B0125YM', 'PAID'),('PUR_100774','SLM_100007', '160.0', '0', 'CASH', '1', '2012-02-01 00:00:00', '2012-02-01 00:00:00', '0', null, 'B0212SLG', 'PAID')
2025-04-04 00:07:11,787 - INFO - Next value of sequence pur_id_seq: 100775
2025-04-04 00:07:11,796 - INFO - Next value of sequence pur_id_seq: 100776
2025-04-04 00:07:11,808 - INFO - Next value of sequence pur_id_seq: 100777
2025-04-04 00:07:11,824 - INFO - Successfully inserted data into konghin.purchase.
2025-04-04 00:07:11,824 - INFO - Query: INSERT INTO konghin.purchase (pur_id, pur_slm_id, pur_gold_cost, pur_labor_cost, pur_method, pur_official_invoice, pur_date, pur_billing_date, pur_weight, pur_invoice_no, pur_code, pur_payment_status) VALUES ('PUR_100775','SLM_100007', '134.5', '0', 'CASH', '1', '2014-02-01 00:00:00', '2014-02-01 00:00:00', '0', null, 'B0214SLG', 'PAID'),('PUR_100776','SLM_100007', '132.8', '0', 'CASH', '1', '2015-02-01 00:00:00', '2015-02-01 00:00:00', '0', null, 'B0215SLG', 'PAID'),('PUR_100777','SLM_100007', '158.6', '0', 'CASH', '1', '2016-02-01 00:00:00', '2016-02-01 00:00:00', '0', null, 'B0216SLG', 'PAID')
2025-04-04 00:07:11,842 - INFO - Next value of sequence pur_id_seq: 100778
2025-04-04 00:07:11,853 - INFO - Next value of sequence pur_id_seq: 100779
2025-04-04 00:07:11,861 - INFO - Next value of sequence pur_id_seq: 100780
2025-04-04 00:07:11,877 - INFO - Successfully inserted data into konghin.purchase.
2025-04-04 00:07:11,877 - INFO - Query: INSERT INTO konghin.purchase (pur_id, pur_slm_id, pur_gold_cost, pur_labor_cost, pur_method, pur_official_invoice, pur_date, pur_billing_date, pur_weight, pur_invoice_no, pur_code, pur_payment_status) VALUES ('PUR_100778','SLM_100007', '167.9', '0', 'CASH', '1', '2017-02-01 00:00:00', '2017-02-01 00:00:00', '0', null, 'B0217SLG', 'PAID'),('PUR_100779','SLM_100007', '158.2', '0', 'CASH', '1', '2018-02-01 00:00:00', '2018-02-01 00:00:00', '0', null, 'B0218SLG', 'PAID'),('PUR_100780','SLM_100007', '165.16', '0', 'CASH', '1', '2019-02-01 00:00:00', '2019-02-01 00:00:00', '0', null, 'B0219SLG', 'PAID')
2025-04-04 00:07:11,894 - INFO - Next value of sequence pur_id_seq: 100781
2025-04-04 00:07:11,904 - INFO - Next value of sequence pur_id_seq: 100782
2025-04-04 00:07:11,913 - INFO - Next value of sequence pur_id_seq: 100783
2025-04-04 00:07:11,929 - INFO - Successfully inserted data into konghin.purchase.
2025-04-04 00:07:11,929 - INFO - Query: INSERT INTO konghin.purchase (pur_id, pur_slm_id, pur_gold_cost, pur_labor_cost, pur_method, pur_official_invoice, pur_date, pur_billing_date, pur_weight, pur_invoice_no, pur_code, pur_payment_status) VALUES ('PUR_100781','SLM_100007', '208.63', '0', 'CASH', '1', '2020-02-01 00:00:00', '2020-02-01 00:00:00', '0', null, 'B0220SLG', 'PAID'),('PUR_100782','SLM_100007', '219.88', '0', 'CASH', '1', '2021-02-01 00:00:00', '2021-02-01 00:00:00', '0', null, 'B0221SLG', 'PAID'),('PUR_100783','SLM_100018', '218.6', '0', 'CASH', '1', '2021-02-01 00:00:00', '2021-02-01 00:00:00', '0', null, 'B0221YM', 'PAID')
2025-04-04 00:07:11,947 - INFO - Next value of sequence pur_id_seq: 100784
2025-04-04 00:07:11,957 - INFO - Next value of sequence pur_id_seq: 100785
2025-04-04 00:07:11,966 - INFO - Next value of sequence pur_id_seq: 100786
2025-04-04 00:07:11,983 - INFO - Successfully inserted data into konghin.purchase.
2025-04-04 00:07:11,983 - INFO - Query: INSERT INTO konghin.purchase (pur_id, pur_slm_id, pur_gold_cost, pur_labor_cost, pur_method, pur_official_invoice, pur_date, pur_billing_date, pur_weight, pur_invoice_no, pur_code, pur_payment_status) VALUES ('PUR_100784','SLM_100033', '241.9', '0', 'CASH', '1', '2022-02-01 00:00:00', '2022-02-01 00:00:00', '0', null, 'B0222YK', 'PAID'),('PUR_100785','SLM_100021', '245.57', '0', 'CASH', '1', '2023-02-01 00:00:00', '2023-02-01 00:00:00', '0', null, 'B0223HJ', 'PAID'),('PUR_100786','SLM_100018', '243.69', '0', 'CASH', '1', '2023-02-01 00:00:00', '2023-02-01 00:00:00', '0', null, 'B0223YM', 'PAID')
2025-04-04 00:07:11,998 - INFO - Next value of sequence pur_id_seq: 100787
2025-04-04 00:07:12,006 - INFO - Next value of sequence pur_id_seq: 100788
2025-04-04 00:07:12,015 - INFO - Next value of sequence pur_id_seq: 100789
2025-04-04 00:07:12,031 - INFO - Successfully inserted data into konghin.purchase.
2025-04-04 00:07:12,031 - INFO - Query: INSERT INTO konghin.purchase (pur_id, pur_slm_id, pur_gold_cost, pur_labor_cost, pur_method, pur_official_invoice, pur_date, pur_billing_date, pur_weight, pur_invoice_no, pur_code, pur_payment_status) VALUES ('PUR_100787','SLM_100010', '244.31', '0', 'CASH', '1', '2023-02-01 00:00:00', '2023-02-01 00:00:00', '0', null, 'B0223YX', 'PAID'),('PUR_100788','SLM_100020', '293.17', '0', 'CASH', '1', '2024-02-01 00:00:00', '2024-02-01 00:00:00', '0', null, 'B0224JJT', 'PAID'),('PUR_100789','SLM_100007', '389.68', '0', 'CASH', '1', '2025-02-01 00:00:00', '2025-02-01 00:00:00', '0', null, 'B0225SLG', 'PAID')
2025-04-04 00:07:12,048 - INFO - Next value of sequence pur_id_seq: 100790
2025-04-04 00:07:12,057 - INFO - Next value of sequence pur_id_seq: 100791
2025-04-04 00:07:12,067 - INFO - Next value of sequence pur_id_seq: 100792
2025-04-04 00:07:12,084 - INFO - Successfully inserted data into konghin.purchase.
2025-04-04 00:07:12,084 - INFO - Query: INSERT INTO konghin.purchase (pur_id, pur_slm_id, pur_gold_cost, pur_labor_cost, pur_method, pur_official_invoice, pur_date, pur_billing_date, pur_weight, pur_invoice_no, pur_code, pur_payment_status) VALUES ('PUR_100790','SLM_100018', '386.37', '0', 'CASH', '1', '2025-02-01 00:00:00', '2025-02-01 00:00:00', '0', null, 'B0225YM', 'PAID'),('PUR_100791','SLM_100007', '132.0', '0', 'CASH', '1', '2011-03-01 00:00:00', '2011-03-01 00:00:00', '0', null, 'B0311SLG', 'PAID'),('PUR_100792','SLM_100007', '151.0', '0', 'CASH', '1', '2013-03-01 00:00:00', '2013-03-01 00:00:00', '0', null, 'B0313SLG', 'PAID')
2025-04-04 00:07:12,100 - INFO - Next value of sequence pur_id_seq: 100793
2025-04-04 00:07:12,109 - INFO - Next value of sequence pur_id_seq: 100794
2025-04-04 00:07:12,119 - INFO - Next value of sequence pur_id_seq: 100795
2025-04-04 00:07:12,135 - INFO - Successfully inserted data into konghin.purchase.
2025-04-04 00:07:12,135 - INFO - Query: INSERT INTO konghin.purchase (pur_id, pur_slm_id, pur_gold_cost, pur_labor_cost, pur_method, pur_official_invoice, pur_date, pur_billing_date, pur_weight, pur_invoice_no, pur_code, pur_payment_status) VALUES ('PUR_100793','SLM_100007', '137.5', '0', 'CASH', '1', '2014-03-01 00:00:00', '2014-03-01 00:00:00', '0', null, 'B0314SLG', 'PAID'),('PUR_100794','SLM_100007', '139.3', '0', 'CASH', '1', '2015-03-01 00:00:00', '2015-03-01 00:00:00', '0', null, 'B0315SLG', 'PAID'),('PUR_100795','SLM_100007', '151.1', '0', 'CASH', '1', '2016-03-01 00:00:00', '2016-03-01 00:00:00', '0', null, 'B0316SLG', 'PAID')
2025-04-04 00:07:12,149 - INFO - Next value of sequence pur_id_seq: 100796
2025-04-04 00:07:12,162 - INFO - Next value of sequence pur_id_seq: 100797
2025-04-04 00:07:12,171 - INFO - Next value of sequence pur_id_seq: 100798
2025-04-04 00:07:12,187 - INFO - Successfully inserted data into konghin.purchase.
2025-04-04 00:07:12,187 - INFO - Query: INSERT INTO konghin.purchase (pur_id, pur_slm_id, pur_gold_cost, pur_labor_cost, pur_method, pur_official_invoice, pur_date, pur_billing_date, pur_weight, pur_invoice_no, pur_code, pur_payment_status) VALUES ('PUR_100796','SLM_100007', '164.0', '0', 'CASH', '1', '2017-03-01 00:00:00', '2017-03-01 00:00:00', '0', null, 'B0317SLG', 'PAID'),('PUR_100797','SLM_100007', '157.6', '0', 'CASH', '1', '2018-03-01 00:00:00', '2018-03-01 00:00:00', '0', null, 'B0318SLG', 'PAID'),('PUR_100798','SLM_100018', '157.8', '0', 'CASH', '1', '2018-03-01 00:00:00', '2018-03-01 00:00:00', '0', null, 'B0318YM', 'PAID')
2025-04-04 00:07:12,201 - INFO - Next value of sequence pur_id_seq: 100799
2025-04-04 00:07:12,209 - INFO - Next value of sequence pur_id_seq: 100800
2025-04-04 00:07:12,217 - INFO - Next value of sequence pur_id_seq: 100801
2025-04-04 00:07:12,235 - INFO - Successfully inserted data into konghin.purchase.
2025-04-04 00:07:12,236 - INFO - Query: INSERT INTO konghin.purchase (pur_id, pur_slm_id, pur_gold_cost, pur_labor_cost, pur_method, pur_official_invoice, pur_date, pur_billing_date, pur_weight, pur_invoice_no, pur_code, pur_payment_status) VALUES ('PUR_100799','SLM_100007', '163.6', '0', 'CASH', '1', '2019-03-01 00:00:00', '2019-03-01 00:00:00', '0', null, 'B0319SLG', 'PAID'),('PUR_100800','SLM_100007', '215.96', '0', 'CASH', '1', '2021-03-01 00:00:00', '2021-03-01 00:00:00', '0', null, 'B0321SLG', 'PAID'),('PUR_100801','SLM_100018', '217.43', '0', 'CASH', '1', '2021-03-01 00:00:00', '2021-03-01 00:00:00', '0', null, 'B0321YM', 'PAID')
2025-04-04 00:07:12,255 - INFO - Next value of sequence pur_id_seq: 100802
2025-04-04 00:07:12,264 - INFO - Next value of sequence pur_id_seq: 100803
2025-04-04 00:07:12,273 - INFO - Next value of sequence pur_id_seq: 100804
2025-04-04 00:07:12,295 - INFO - Successfully inserted data into konghin.purchase.
2025-04-04 00:07:12,295 - INFO - Query: INSERT INTO konghin.purchase (pur_id, pur_slm_id, pur_gold_cost, pur_labor_cost, pur_method, pur_official_invoice, pur_date, pur_billing_date, pur_weight, pur_invoice_no, pur_code, pur_payment_status) VALUES ('PUR_100802','SLM_100007', '246.62', '0', 'CASH', '1', '2022-03-01 00:00:00', '2022-03-01 00:00:00', '0', null, 'B0322SLG', 'PAID'),('PUR_100803','SLM_100018', '246.11', '0', 'CASH', '1', '2022-03-01 00:00:00', '2022-03-01 00:00:00', '0', null, 'B0322YM', 'PAID'),('PUR_100804','SLM_100007', '265.96', '0', 'CASH', '1', '2023-03-01 00:00:00', '2023-03-01 00:00:00', '0', null, 'B0323SLG', 'PAID')
2025-04-04 00:07:12,310 - INFO - Next value of sequence pur_id_seq: 100805
2025-04-04 00:07:12,320 - INFO - Next value of sequence pur_id_seq: 100806
2025-04-04 00:07:12,332 - INFO - Next value of sequence pur_id_seq: 100807
2025-04-04 00:07:12,349 - INFO - Successfully inserted data into konghin.purchase.
2025-04-04 00:07:12,349 - INFO - Query: INSERT INTO konghin.purchase (pur_id, pur_slm_id, pur_gold_cost, pur_labor_cost, pur_method, pur_official_invoice, pur_date, pur_billing_date, pur_weight, pur_invoice_no, pur_code, pur_payment_status) VALUES ('PUR_100805','SLM_100018', '260.42', '0', 'CASH', '1', '2023-03-01 00:00:00', '2023-03-01 00:00:00', '0', null, 'B0323YM', 'PAID'),('PUR_100806','SLM_100023', '307.58', '0', 'CASH', '1', '2024-03-01 00:00:00', '2024-03-01 00:00:00', '0', null, 'B0324CJ', 'PAID'),('PUR_100807','SLM_100007', '311.15', '0', 'CASH', '1', '2024-03-01 00:00:00', '2024-03-01 00:00:00', '0', null, 'B0324SLG', 'PAID')
2025-04-04 00:07:12,365 - INFO - Next value of sequence pur_id_seq: 100808
2025-04-04 00:07:12,375 - INFO - Next value of sequence pur_id_seq: 100809
2025-04-04 00:07:12,383 - INFO - Next value of sequence pur_id_seq: 100810
2025-04-04 00:07:12,409 - INFO - Successfully inserted data into konghin.purchase.
2025-04-04 00:07:12,410 - INFO - Query: INSERT INTO konghin.purchase (pur_id, pur_slm_id, pur_gold_cost, pur_labor_cost, pur_method, pur_official_invoice, pur_date, pur_billing_date, pur_weight, pur_invoice_no, pur_code, pur_payment_status) VALUES ('PUR_100808','SLM_100018', '311.18', '0', 'CASH', '1', '2024-03-01 00:00:00', '2024-03-01 00:00:00', '0', null, 'B0324YM', 'PAID'),('PUR_100809','SLM_100007', '153.0', '0', 'CASH', '1', '2012-04-01 00:00:00', '2012-04-01 00:00:00', '0', null, 'B0412SLG', 'PAID'),('PUR_100810','SLM_100007', '136.0', '0', 'CASH', '1', '2013-04-01 00:00:00', '2013-04-01 00:00:00', '0', null, 'B0413SLG', 'PAID')
2025-04-04 00:07:12,443 - INFO - Next value of sequence pur_id_seq: 100811
2025-04-04 00:07:12,452 - INFO - Next value of sequence pur_id_seq: 100812
2025-04-04 00:07:12,461 - INFO - Next value of sequence pur_id_seq: 100813
2025-04-04 00:07:12,479 - INFO - Successfully inserted data into konghin.purchase.
2025-04-04 00:07:12,479 - INFO - Query: INSERT INTO konghin.purchase (pur_id, pur_slm_id, pur_gold_cost, pur_labor_cost, pur_method, pur_official_invoice, pur_date, pur_billing_date, pur_weight, pur_invoice_no, pur_code, pur_payment_status) VALUES ('PUR_100811','SLM_100007', '128.2', '0', 'CASH', '1', '2014-04-01 00:00:00', '2014-04-01 00:00:00', '0', null, 'B0414SLG', 'PAID'),('PUR_100812','SLM_100007', '147.4', '0', 'CASH', '1', '2016-04-01 00:00:00', '2016-04-01 00:00:00', '0', null, 'B0416SLG', 'PAID'),('PUR_100813','SLM_100007', '172.0', '0', 'CASH', '1', '2017-04-01 00:00:00', '2017-04-01 00:00:00', '0', null, 'B0417SLG', 'PAID')
2025-04-04 00:07:12,562 - INFO - Next value of sequence pur_id_seq: 100814
2025-04-04 00:07:12,574 - INFO - Next value of sequence pur_id_seq: 100815
2025-04-04 00:07:12,586 - INFO - Next value of sequence pur_id_seq: 100816
2025-04-04 00:07:12,603 - INFO - Successfully inserted data into konghin.purchase.
2025-04-04 00:07:12,603 - INFO - Query: INSERT INTO konghin.purchase (pur_id, pur_slm_id, pur_gold_cost, pur_labor_cost, pur_method, pur_official_invoice, pur_date, pur_billing_date, pur_weight, pur_invoice_no, pur_code, pur_payment_status) VALUES ('PUR_100814','SLM_100007', '160.13', '0', 'CASH', '1', '2018-04-01 00:00:00', '2018-04-01 00:00:00', '0', null, 'B0418SLG', 'PAID'),('PUR_100815','SLM_100007', '161.88', '0', 'CASH', '1', '2019-04-01 00:00:00', '2019-04-01 00:00:00', '0', null, 'B0419SLG', 'PAID'),('PUR_100816','SLM_100018', '160.82', '0', 'CASH', '1', '2019-04-01 00:00:00', '2019-04-01 00:00:00', '0', null, 'B0419YM', 'PAID')
2025-04-04 00:07:12,618 - INFO - Next value of sequence pur_id_seq: 100817
2025-04-04 00:07:12,626 - INFO - Next value of sequence pur_id_seq: 100818
2025-04-04 00:07:12,636 - INFO - Next value of sequence pur_id_seq: 100819
2025-04-04 00:07:12,652 - INFO - Successfully inserted data into konghin.purchase.
2025-04-04 00:07:12,652 - INFO - Query: INSERT INTO konghin.purchase (pur_id, pur_slm_id, pur_gold_cost, pur_labor_cost, pur_method, pur_official_invoice, pur_date, pur_billing_date, pur_weight, pur_invoice_no, pur_code, pur_payment_status) VALUES ('PUR_100817','SLM_100018', '222.33', '0', 'CASH', '1', '2021-04-01 00:00:00', '2021-04-01 00:00:00', '0', null, 'B0421YM', 'PAID'),('PUR_100818','SLM_100007', '251.34', '0', 'CASH', '1', '2022-04-01 00:00:00', '2022-04-01 00:00:00', '0', null, 'B0422SLG', 'PAID'),('PUR_100819','SLM_100018', '268.6', '0', 'CASH', '1', '2023-04-01 00:00:00', '2023-04-01 00:00:00', '0', null, 'B0423YM', 'PAID')
2025-04-04 00:07:12,668 - INFO - Next value of sequence pur_id_seq: 100820
2025-04-04 00:07:12,676 - INFO - Next value of sequence pur_id_seq: 100821
2025-04-04 00:07:12,685 - INFO - Next value of sequence pur_id_seq: 100822
2025-04-04 00:07:12,704 - INFO - Successfully inserted data into konghin.purchase.
2025-04-04 00:07:12,704 - INFO - Query: INSERT INTO konghin.purchase (pur_id, pur_slm_id, pur_gold_cost, pur_labor_cost, pur_method, pur_official_invoice, pur_date, pur_billing_date, pur_weight, pur_invoice_no, pur_code, pur_payment_status) VALUES ('PUR_100820','SLM_100023', '331.22', '0', 'CASH', '1', '2024-04-01 00:00:00', '2024-04-01 00:00:00', '0', null, 'B0424CJ', 'PAID'),('PUR_100821','SLM_100007', '335.72', '0', 'CASH', '1', '2024-04-01 00:00:00', '2024-04-01 00:00:00', '0', null, 'B0424SLG', 'PAID'),('PUR_100822','SLM_100018', '332.14', '0', 'CASH', '1', '2024-04-01 00:00:00', '2024-04-01 00:00:00', '0', null, 'B0424YM', 'PAID')
2025-04-04 00:07:12,723 - INFO - Next value of sequence pur_id_seq: 100823
2025-04-04 00:07:12,732 - INFO - Next value of sequence pur_id_seq: 100824
2025-04-04 00:07:12,741 - INFO - Next value of sequence pur_id_seq: 100825
2025-04-04 00:07:12,759 - INFO - Successfully inserted data into konghin.purchase.
2025-04-04 00:07:12,759 - INFO - Query: INSERT INTO konghin.purchase (pur_id, pur_slm_id, pur_gold_cost, pur_labor_cost, pur_method, pur_official_invoice, pur_date, pur_billing_date, pur_weight, pur_invoice_no, pur_code, pur_payment_status) VALUES ('PUR_100823','SLM_100007', '141.0', '0', 'CASH', '1', '2011-05-01 00:00:00', '2011-05-01 00:00:00', '0', null, 'B0511SLG', 'PAID'),('PUR_100824','SLM_100007', '131.5', '0', 'CASH', '1', '2013-05-01 00:00:00', '2013-05-01 00:00:00', '0', null, 'B0513SLG', 'PAID'),('PUR_100825','SLM_100007', '124.4', '0', 'CASH', '1', '2014-05-01 00:00:00', '2014-05-01 00:00:00', '0', null, 'B0514SLG', 'PAID')
2025-04-04 00:07:12,776 - INFO - Next value of sequence pur_id_seq: 100826
2025-04-04 00:07:12,784 - INFO - Next value of sequence pur_id_seq: 100827
2025-04-04 00:07:12,793 - INFO - Next value of sequence pur_id_seq: 100828
2025-04-04 00:07:12,827 - INFO - Successfully inserted data into konghin.purchase.
2025-04-04 00:07:12,828 - INFO - Query: INSERT INTO konghin.purchase (pur_id, pur_slm_id, pur_gold_cost, pur_labor_cost, pur_method, pur_official_invoice, pur_date, pur_billing_date, pur_weight, pur_invoice_no, pur_code, pur_payment_status) VALUES ('PUR_100826','SLM_100007', '131.7', '0', 'CASH', '1', '2015-05-01 00:00:00', '2015-05-01 00:00:00', '0', null, 'B0515SLG', 'PAID'),('PUR_100827','SLM_100007', '153.7', '0', 'CASH', '1', '2016-05-01 00:00:00', '2016-05-01 00:00:00', '0', null, 'B0516SLG', 'PAID'),('PUR_100828','SLM_100007', '164.4', '0', 'CASH', '1', '2017-05-01 00:00:00', '2017-05-01 00:00:00', '0', null, 'B0517SLG', 'PAID')
2025-04-04 00:07:12,842 - INFO - Next value of sequence pur_id_seq: 100829
2025-04-04 00:07:12,850 - INFO - Next value of sequence pur_id_seq: 100830
2025-04-04 00:07:12,860 - INFO - Next value of sequence pur_id_seq: 100831
2025-04-04 00:07:12,877 - INFO - Successfully inserted data into konghin.purchase.
2025-04-04 00:07:12,878 - INFO - Query: INSERT INTO konghin.purchase (pur_id, pur_slm_id, pur_gold_cost, pur_labor_cost, pur_method, pur_official_invoice, pur_date, pur_billing_date, pur_weight, pur_invoice_no, pur_code, pur_payment_status) VALUES ('PUR_100829','SLM_100007', '157.6', '0', 'CASH', '1', '2018-05-01 00:00:00', '2018-05-01 00:00:00', '0', null, 'B0518SLG', 'PAID'),('PUR_100830','SLM_100007', '163.38', '0', 'CASH', '1', '2019-05-01 00:00:00', '2019-05-01 00:00:00', '0', null, 'B0519SLG', 'PAID'),('PUR_100831','SLM_100018', '243.38', '0', 'CASH', '1', '2022-05-01 00:00:00', '2022-05-01 00:00:00', '0', null, 'B0522YM', 'PAID')
2025-04-04 00:07:12,896 - INFO - Next value of sequence pur_id_seq: 100832
2025-04-04 00:07:12,906 - INFO - Next value of sequence pur_id_seq: 100833
2025-04-04 00:07:12,917 - INFO - Next value of sequence pur_id_seq: 100834
2025-04-04 00:07:12,933 - INFO - Successfully inserted data into konghin.purchase.
2025-04-04 00:07:12,933 - INFO - Query: INSERT INTO konghin.purchase (pur_id, pur_slm_id, pur_gold_cost, pur_labor_cost, pur_method, pur_official_invoice, pur_date, pur_billing_date, pur_weight, pur_invoice_no, pur_code, pur_payment_status) VALUES ('PUR_100832','SLM_100020', '273.72', '0', 'CASH', '1', '2023-05-01 00:00:00', '2023-05-01 00:00:00', '0', null, 'B0523JJT', 'PAID'),('PUR_100833','SLM_100007', '273.55', '0', 'CASH', '1', '2023-05-01 00:00:00', '2023-05-01 00:00:00', '0', null, 'B0523SLG', 'PAID'),('PUR_100834','SLM_100018', '270.66', '0', 'CASH', '1', '2023-05-01 00:00:00', '2023-05-01 00:00:00', '0', null, 'B0523YM', 'PAID')
2025-04-04 00:07:12,948 - INFO - Next value of sequence pur_id_seq: 100835
2025-04-04 00:07:12,956 - INFO - Next value of sequence pur_id_seq: 100836
2025-04-04 00:07:12,966 - INFO - Next value of sequence pur_id_seq: 100837
2025-04-04 00:07:12,984 - INFO - Successfully inserted data into konghin.purchase.
2025-04-04 00:07:12,984 - INFO - Query: INSERT INTO konghin.purchase (pur_id, pur_slm_id, pur_gold_cost, pur_labor_cost, pur_method, pur_official_invoice, pur_date, pur_billing_date, pur_weight, pur_invoice_no, pur_code, pur_payment_status) VALUES ('PUR_100835','SLM_100007', '153.0', '0', 'CASH', '1', '2012-06-01 00:00:00', '2012-06-01 00:00:00', '0', null, 'B0612SLG', 'PAID'),('PUR_100836','SLM_100007', '135.7', '0', 'CASH', '1', '2015-06-01 00:00:00', '2015-06-01 00:00:00', '0', null, 'B0615SLG', 'PAID'),('PUR_100837','SLM_100007', '159.3', '0', 'CASH', '1', '2016-06-01 00:00:00', '2016-06-01 00:00:00', '0', null, 'B0616SLG', 'PAID')
2025-04-04 00:07:13,005 - INFO - Next value of sequence pur_id_seq: 100838
2025-04-04 00:07:13,014 - INFO - Next value of sequence pur_id_seq: 100839
2025-04-04 00:07:13,024 - INFO - Next value of sequence pur_id_seq: 100840
2025-04-04 00:07:13,044 - INFO - Successfully inserted data into konghin.purchase.
2025-04-04 00:07:13,045 - INFO - Query: INSERT INTO konghin.purchase (pur_id, pur_slm_id, pur_gold_cost, pur_labor_cost, pur_method, pur_official_invoice, pur_date, pur_billing_date, pur_weight, pur_invoice_no, pur_code, pur_payment_status) VALUES ('PUR_100838','SLM_100007', '164.8', '0', 'CASH', '1', '2017-06-01 00:00:00', '2017-06-01 00:00:00', '0', null, 'B0617SLG', 'PAID'),('PUR_100839','SLM_100018', '176.82', '0', 'CASH', '1', '2019-06-01 00:00:00', '2019-06-01 00:00:00', '0', null, 'B0619YM', 'PAID'),('PUR_100840','SLM_100007', '224.38', '0', 'CASH', '1', '2020-06-01 00:00:00', '2020-06-01 00:00:00', '0', null, 'B0620SLG', 'PAID')
2025-04-04 00:07:13,060 - INFO - Next value of sequence pur_id_seq: 100841
2025-04-04 00:07:13,069 - INFO - Next value of sequence pur_id_seq: 100842
2025-04-04 00:07:13,093 - INFO - Next value of sequence pur_id_seq: 100843
2025-04-04 00:07:13,110 - INFO - Successfully inserted data into konghin.purchase.
2025-04-04 00:07:13,110 - INFO - Query: INSERT INTO konghin.purchase (pur_id, pur_slm_id, pur_gold_cost, pur_labor_cost, pur_method, pur_official_invoice, pur_date, pur_billing_date, pur_weight, pur_invoice_no, pur_code, pur_payment_status) VALUES ('PUR_100841','SLM_100017', '223.32', '0', 'CASH', '1', '2020-06-01 00:00:00', '2020-06-01 00:00:00', '0', null, 'B0620XW', 'PAID'),('PUR_100842','SLM_100018', '224.57', '0', 'CASH', '1', '2020-06-01 00:00:00', '2020-06-01 00:00:00', '0', null, 'B0620YM', 'PAID'),('PUR_100843','SLM_100007', '337.43', '0', 'CASH', '1', '2024-06-01 00:00:00', '2024-06-01 00:00:00', '0', null, 'B0624SLG', 'PAID')
2025-04-04 00:07:13,130 - INFO - Next value of sequence pur_id_seq: 100844
2025-04-04 00:07:13,140 - INFO - Next value of sequence pur_id_seq: 100845
2025-04-04 00:07:13,152 - INFO - Next value of sequence pur_id_seq: 100846
2025-04-04 00:07:13,169 - INFO - Successfully inserted data into konghin.purchase.
2025-04-04 00:07:13,169 - INFO - Query: INSERT INTO konghin.purchase (pur_id, pur_slm_id, pur_gold_cost, pur_labor_cost, pur_method, pur_official_invoice, pur_date, pur_billing_date, pur_weight, pur_invoice_no, pur_code, pur_payment_status) VALUES ('PUR_100844','SLM_100007', '138.0', '0', 'CASH', '1', '2011-07-01 00:00:00', '2011-07-01 00:00:00', '0', null, 'B0711SLG', 'PAID'),('PUR_100845','SLM_100010', '145.0', '0', 'CASH', '1', '2011-07-01 00:00:00', '2011-07-01 00:00:00', '0', null, 'B0711YX', 'PAID'),('PUR_100846','SLM_100007', '154.0', '0', 'CASH', '1', '2012-07-01 00:00:00', '2012-07-01 00:00:00', '0', null, 'B0712SLG', 'PAID')
2025-04-04 00:07:13,186 - INFO - Next value of sequence pur_id_seq: 100847
2025-04-04 00:07:13,208 - INFO - Next value of sequence pur_id_seq: 100848
2025-04-04 00:07:13,218 - INFO - Next value of sequence pur_id_seq: 100849
2025-04-04 00:07:13,237 - INFO - Successfully inserted data into konghin.purchase.
2025-04-04 00:07:13,237 - INFO - Query: INSERT INTO konghin.purchase (pur_id, pur_slm_id, pur_gold_cost, pur_labor_cost, pur_method, pur_official_invoice, pur_date, pur_billing_date, pur_weight, pur_invoice_no, pur_code, pur_payment_status) VALUES ('PUR_100847','SLM_100011', '127.5', '0', 'CASH', '1', '2013-07-01 00:00:00', '2013-07-01 00:00:00', '0', null, 'B0713GBT', 'PAID'),('PUR_100848','SLM_100007', '127.2', '0', 'CASH', '1', '2014-07-01 00:00:00', '2014-07-01 00:00:00', '0', null, 'B0714SLG', 'PAID'),('PUR_100849','SLM_100007', '133.7', '0', 'CASH', '1', '2015-07-01 00:00:00', '2015-07-01 00:00:00', '0', null, 'B0715SLG', 'PAID')
2025-04-04 00:07:13,261 - INFO - Next value of sequence pur_id_seq: 100850
2025-04-04 00:07:13,270 - INFO - Next value of sequence pur_id_seq: 100851
2025-04-04 00:07:13,280 - INFO - Next value of sequence pur_id_seq: 100852
2025-04-04 00:07:13,302 - INFO - Successfully inserted data into konghin.purchase.
2025-04-04 00:07:13,303 - INFO - Query: INSERT INTO konghin.purchase (pur_id, pur_slm_id, pur_gold_cost, pur_labor_cost, pur_method, pur_official_invoice, pur_date, pur_billing_date, pur_weight, pur_invoice_no, pur_code, pur_payment_status) VALUES ('PUR_100850','SLM_100007', '161.1', '0', 'CASH', '1', '2016-07-01 00:00:00', '2016-07-01 00:00:00', '0', null, 'B0716SLG', 'PAID'),('PUR_100851','SLM_100007', '151.9', '0', 'CASH', '1', '2018-07-01 00:00:00', '2018-07-01 00:00:00', '0', null, 'B0718SLG', 'PAID'),('PUR_100852','SLM_100007', '177.33', '0', 'CASH', '1', '2019-07-01 00:00:00', '2019-07-01 00:00:00', '0', null, 'B0719SLG', 'PAID')
2025-04-04 00:07:13,320 - INFO - Next value of sequence pur_id_seq: 100853
2025-04-04 00:07:13,328 - INFO - Next value of sequence pur_id_seq: 100854
2025-04-04 00:07:13,339 - INFO - Next value of sequence pur_id_seq: 100855
2025-04-04 00:07:13,358 - INFO - Successfully inserted data into konghin.purchase.
2025-04-04 00:07:13,358 - INFO - Query: INSERT INTO konghin.purchase (pur_id, pur_slm_id, pur_gold_cost, pur_labor_cost, pur_method, pur_official_invoice, pur_date, pur_billing_date, pur_weight, pur_invoice_no, pur_code, pur_payment_status) VALUES ('PUR_100853','SLM_100007', '235.0', '0', 'CASH', '1', '2020-07-01 00:00:00', '2020-07-01 00:00:00', '0', null, 'B0720SLG', 'PAID'),('PUR_100854','SLM_100020', '229.1', '0', 'CASH', '1', '2022-07-01 00:00:00', '2022-07-01 00:00:00', '0', null, 'B0722JJT', 'PAID'),('PUR_100855','SLM_100018', '230.47', '0', 'CASH', '1', '2022-07-01 00:00:00', '2022-07-01 00:00:00', '0', null, 'B0722YM', 'PAID')
2025-04-04 00:07:13,378 - INFO - Next value of sequence pur_id_seq: 100856
2025-04-04 00:07:13,389 - INFO - Next value of sequence pur_id_seq: 100857
2025-04-04 00:07:13,398 - INFO - Next value of sequence pur_id_seq: 100858
2025-04-04 00:07:13,414 - INFO - Successfully inserted data into konghin.purchase.
2025-04-04 00:07:13,414 - INFO - Query: INSERT INTO konghin.purchase (pur_id, pur_slm_id, pur_gold_cost, pur_labor_cost, pur_method, pur_official_invoice, pur_date, pur_billing_date, pur_weight, pur_invoice_no, pur_code, pur_payment_status) VALUES ('PUR_100856','SLM_100007', '336.66', '0', 'CASH', '1', '2024-07-01 00:00:00', '2024-07-01 00:00:00', '0', null, 'B0724SLG', 'PAID'),('PUR_100857','SLM_100018', '336.0', '0', 'CASH', '1', '2024-07-01 00:00:00', '2024-07-01 00:00:00', '0', null, 'B0724YM', 'PAID'),('PUR_100858','SLM_100007', '168.0', '0', 'CASH', '1', '2011-08-01 00:00:00', '2011-08-01 00:00:00', '0', null, 'B0811SLG', 'PAID')
2025-04-04 00:07:13,430 - INFO - Next value of sequence pur_id_seq: 100859
2025-04-04 00:07:13,438 - INFO - Next value of sequence pur_id_seq: 100860
2025-04-04 00:07:13,448 - INFO - Next value of sequence pur_id_seq: 100861
2025-04-04 00:07:13,465 - INFO - Successfully inserted data into konghin.purchase.
2025-04-04 00:07:13,465 - INFO - Query: INSERT INTO konghin.purchase (pur_id, pur_slm_id, pur_gold_cost, pur_labor_cost, pur_method, pur_official_invoice, pur_date, pur_billing_date, pur_weight, pur_invoice_no, pur_code, pur_payment_status) VALUES ('PUR_100859','SLM_100011', '157.5', '0', 'CASH', '1', '2012-08-01 00:00:00', '2012-08-01 00:00:00', '0', null, 'B0812GBT', 'PAID'),('PUR_100860','SLM_100007', '160.5', '0', 'CASH', '1', '2012-08-01 00:00:00', '2012-08-01 00:00:00', '0', null, 'B0812SLG', 'PAID'),('PUR_100861','SLM_100029', '144.0', '0', 'CASH', '1', '2013-08-01 00:00:00', '2013-08-01 00:00:00', '0', null, 'B0813KP', 'PAID')
2025-04-04 00:07:13,479 - INFO - Next value of sequence pur_id_seq: 100862
2025-04-04 00:07:13,490 - INFO - Next value of sequence pur_id_seq: 100863
2025-04-04 00:07:13,500 - INFO - Next value of sequence pur_id_seq: 100864
2025-04-04 00:07:13,517 - INFO - Successfully inserted data into konghin.purchase.
2025-04-04 00:07:13,517 - INFO - Query: INSERT INTO konghin.purchase (pur_id, pur_slm_id, pur_gold_cost, pur_labor_cost, pur_method, pur_official_invoice, pur_date, pur_billing_date, pur_weight, pur_invoice_no, pur_code, pur_payment_status) VALUES ('PUR_100862','SLM_100007', '123.0', '0', 'CASH', '1', '2013-08-01 00:00:00', '2013-08-01 00:00:00', '0', null, 'B0813SLG', 'PAID'),('PUR_100863','SLM_100012', '122.1', '0', 'CASH', '1', '2014-08-01 00:00:00', '2014-08-01 00:00:00', '0', null, 'B0814MGI', 'PAID'),('PUR_100864','SLM_100007', '125.2', '0', 'CASH', '1', '2014-08-01 00:00:00', '2014-08-01 00:00:00', '0', null, 'B0814SLG', 'PAID')
2025-04-04 00:07:13,533 - INFO - Next value of sequence pur_id_seq: 100865
2025-04-04 00:07:13,543 - INFO - Next value of sequence pur_id_seq: 100866
2025-04-04 00:07:13,552 - INFO - Next value of sequence pur_id_seq: 100867
2025-04-04 00:07:13,567 - INFO - Successfully inserted data into konghin.purchase.
2025-04-04 00:07:13,567 - INFO - Query: INSERT INTO konghin.purchase (pur_id, pur_slm_id, pur_gold_cost, pur_labor_cost, pur_method, pur_official_invoice, pur_date, pur_billing_date, pur_weight, pur_invoice_no, pur_code, pur_payment_status) VALUES ('PUR_100865','SLM_100012', '126.55', '0', 'CASH', '1', '2015-08-01 00:00:00', '2015-08-01 00:00:00', '0', null, 'B0815MGI', 'PAID'),('PUR_100866','SLM_100007', '166.8', '0', 'CASH', '1', '2017-08-01 00:00:00', '2017-08-01 00:00:00', '0', null, 'B0817SLG', 'PAID'),('PUR_100867','SLM_100018', '150.4', '0', 'CASH', '1', '2018-08-01 00:00:00', '2018-08-01 00:00:00', '0', null, 'B0818YM', 'PAID')
2025-04-04 00:07:13,586 - INFO - Next value of sequence pur_id_seq: 100868
2025-04-04 00:07:13,595 - INFO - Next value of sequence pur_id_seq: 100869
2025-04-04 00:07:13,605 - INFO - Next value of sequence pur_id_seq: 100870
2025-04-04 00:07:13,624 - INFO - Successfully inserted data into konghin.purchase.
2025-04-04 00:07:13,625 - INFO - Query: INSERT INTO konghin.purchase (pur_id, pur_slm_id, pur_gold_cost, pur_labor_cost, pur_method, pur_official_invoice, pur_date, pur_billing_date, pur_weight, pur_invoice_no, pur_code, pur_payment_status) VALUES ('PUR_100868','SLM_100007', '190.75', '0', 'CASH', '1', '2019-08-01 00:00:00', '2019-08-01 00:00:00', '0', null, 'B0819SLG', 'PAID'),('PUR_100869','SLM_100018', '192.24', '0', 'CASH', '1', '2019-08-01 00:00:00', '2019-08-01 00:00:00', '0', null, 'B0819YM', 'PAID'),('PUR_100870','SLM_100007', '246.3', '0', 'CASH', '1', '2020-08-01 00:00:00', '2020-08-01 00:00:00', '0', null, 'B0820SLG', 'PAID')
2025-04-04 00:07:13,638 - INFO - Next value of sequence pur_id_seq: 100871
2025-04-04 00:07:13,649 - INFO - Next value of sequence pur_id_seq: 100872
2025-04-04 00:07:13,659 - INFO - Next value of sequence pur_id_seq: 100873
2025-04-04 00:07:13,675 - INFO - Successfully inserted data into konghin.purchase.
2025-04-04 00:07:13,676 - INFO - Query: INSERT INTO konghin.purchase (pur_id, pur_slm_id, pur_gold_cost, pur_labor_cost, pur_method, pur_official_invoice, pur_date, pur_billing_date, pur_weight, pur_invoice_no, pur_code, pur_payment_status) VALUES ('PUR_100871','SLM_100018', '260.12', '0', 'CASH', '1', '2020-08-01 00:00:00', '2020-08-01 00:00:00', '0', null, 'B0820YM', 'PAID'),('PUR_100872','SLM_100007', '239.3', '0', 'CASH', '1', '2022-08-01 00:00:00', '2022-08-01 00:00:00', '0', null, 'B0822SLG', 'PAID'),('PUR_100873','SLM_100018', '241.04', '0', 'CASH', '1', '2022-08-01 00:00:00', '2022-08-01 00:00:00', '0', null, 'B0822YM', 'PAID')
2025-04-04 00:07:13,691 - INFO - Next value of sequence pur_id_seq: 100874
2025-04-04 00:07:13,699 - INFO - Next value of sequence pur_id_seq: 100875
2025-04-04 00:07:13,708 - INFO - Next value of sequence pur_id_seq: 100876
2025-04-04 00:07:13,727 - INFO - Successfully inserted data into konghin.purchase.
2025-04-04 00:07:13,727 - INFO - Query: INSERT INTO konghin.purchase (pur_id, pur_slm_id, pur_gold_cost, pur_labor_cost, pur_method, pur_official_invoice, pur_date, pur_billing_date, pur_weight, pur_invoice_no, pur_code, pur_payment_status) VALUES ('PUR_100874','SLM_100007', '164.5', '0', 'CASH', '1', '2012-09-01 00:00:00', '2012-09-01 00:00:00', '0', null, 'B0912SLG', 'PAID'),('PUR_100875','SLM_100007', '116.5', '0', 'CASH', '1', '2013-09-01 00:00:00', '2013-09-01 00:00:00', '0', null, 'B0913SLG', 'PAID'),('PUR_100876','SLM_100014', '151.0', '0', 'CASH', '1', '2015-09-01 00:00:00', '2015-09-01 00:00:00', '0', null, 'B0915FS', 'PAID')
2025-04-04 00:07:13,742 - INFO - Next value of sequence pur_id_seq: 100877
2025-04-04 00:07:13,752 - INFO - Next value of sequence pur_id_seq: 100878
2025-04-04 00:07:13,761 - INFO - Next value of sequence pur_id_seq: 100879
2025-04-04 00:07:13,778 - INFO - Successfully inserted data into konghin.purchase.
2025-04-04 00:07:13,778 - INFO - Query: INSERT INTO konghin.purchase (pur_id, pur_slm_id, pur_gold_cost, pur_labor_cost, pur_method, pur_official_invoice, pur_date, pur_billing_date, pur_weight, pur_invoice_no, pur_code, pur_payment_status) VALUES ('PUR_100877','SLM_100007', '148.0', '0', 'CASH', '1', '2015-09-01 00:00:00', '2015-09-01 00:00:00', '0', null, 'B0915SLG', 'PAID'),('PUR_100878','SLM_100007', '168.1', '0', 'CASH', '1', '2017-09-01 00:00:00', '2017-09-01 00:00:00', '0', null, 'B0917SLG', 'PAID'),('PUR_100879','SLM_100007', '150.38', '0', 'CASH', '1', '2018-09-01 00:00:00', '2018-09-01 00:00:00', '0', null, 'B0918SLG', 'PAID')
2025-04-04 00:07:13,794 - INFO - Next value of sequence pur_id_seq: 100880
2025-04-04 00:07:13,802 - INFO - Next value of sequence pur_id_seq: 100881
2025-04-04 00:07:13,812 - INFO - Next value of sequence pur_id_seq: 100882
2025-04-04 00:07:13,828 - INFO - Successfully inserted data into konghin.purchase.
2025-04-04 00:07:13,828 - INFO - Query: INSERT INTO konghin.purchase (pur_id, pur_slm_id, pur_gold_cost, pur_labor_cost, pur_method, pur_official_invoice, pur_date, pur_billing_date, pur_weight, pur_invoice_no, pur_code, pur_payment_status) VALUES ('PUR_100880','SLM_100007', '191.38', '0', 'CASH', '1', '2019-09-01 00:00:00', '2019-09-01 00:00:00', '0', null, 'B0919SLG', 'PAID'),('PUR_100881','SLM_100007', '238.38', '0', 'CASH', '1', '2020-09-01 00:00:00', '2020-09-01 00:00:00', '0', null, 'B0920SLG', 'PAID'),('PUR_100882','SLM_100018', '222.98', '0', 'CASH', '1', '2021-09-01 00:00:00', '2021-09-01 00:00:00', '0', null, 'B0921YM', 'PAID')
2025-04-04 00:07:13,843 - INFO - Next value of sequence pur_id_seq: 100883
2025-04-04 00:07:13,853 - INFO - Next value of sequence pur_id_seq: 100884
2025-04-04 00:07:13,862 - INFO - Next value of sequence pur_id_seq: 100885
2025-04-04 00:07:13,878 - INFO - Successfully inserted data into konghin.purchase.
2025-04-04 00:07:13,878 - INFO - Query: INSERT INTO konghin.purchase (pur_id, pur_slm_id, pur_gold_cost, pur_labor_cost, pur_method, pur_official_invoice, pur_date, pur_billing_date, pur_weight, pur_invoice_no, pur_code, pur_payment_status) VALUES ('PUR_100883','SLM_100018', '233.95', '0', 'CASH', '1', '2022-09-01 00:00:00', '2022-09-01 00:00:00', '0', null, 'B0922YM', 'PAID'),('PUR_100884','SLM_100018', '266.7', '0', 'CASH', '1', '2023-09-01 00:00:00', '2023-09-01 00:00:00', '0', null, 'B0923YM', 'PAID'),('PUR_100885','SLM_100007', '335.52', '0', 'CASH', '1', '2024-09-01 00:00:00', '2024-09-01 00:00:00', '0', null, 'B0924SLG', 'PAID')
2025-04-04 00:07:13,895 - INFO - Next value of sequence pur_id_seq: 100886
2025-04-04 00:07:13,904 - INFO - Next value of sequence pur_id_seq: 100887
2025-04-04 00:07:13,915 - INFO - Next value of sequence pur_id_seq: 100888
2025-04-04 00:07:13,934 - INFO - Successfully inserted data into konghin.purchase.
2025-04-04 00:07:13,934 - INFO - Query: INSERT INTO konghin.purchase (pur_id, pur_slm_id, pur_gold_cost, pur_labor_cost, pur_method, pur_official_invoice, pur_date, pur_billing_date, pur_weight, pur_invoice_no, pur_code, pur_payment_status) VALUES ('PUR_100886','SLM_100007', '126.5', '0', 'CASH', '1', '2010-10-01 00:00:00', '2010-10-01 00:00:00', '0', null, 'B1010SLG', 'PAID'),('PUR_100887','SLM_100007', '158.5', '0', 'CASH', '1', '2011-10-01 00:00:00', '2011-10-01 00:00:00', '0', null, 'B1011SLG', 'PAID'),('PUR_100888','SLM_100007', '159.5', '0', 'CASH', '1', '2012-10-01 00:00:00', '2012-10-01 00:00:00', '0', null, 'B1012SLG', 'PAID')
2025-04-04 00:07:13,949 - INFO - Next value of sequence pur_id_seq: 100889
2025-04-04 00:07:13,960 - INFO - Next value of sequence pur_id_seq: 100890
2025-04-04 00:07:13,968 - INFO - Next value of sequence pur_id_seq: 100891
2025-04-04 00:07:13,987 - INFO - Successfully inserted data into konghin.purchase.
2025-04-04 00:07:13,987 - INFO - Query: INSERT INTO konghin.purchase (pur_id, pur_slm_id, pur_gold_cost, pur_labor_cost, pur_method, pur_official_invoice, pur_date, pur_billing_date, pur_weight, pur_invoice_no, pur_code, pur_payment_status) VALUES ('PUR_100889','SLM_100007', '124.3', '0', 'CASH', '1', '2014-10-01 00:00:00', '2014-10-01 00:00:00', '0', null, 'B1014SLG', 'PAID'),('PUR_100890','SLM_100014', '148.9', '0', 'CASH', '1', '2015-10-01 00:00:00', '2015-10-01 00:00:00', '0', null, 'B1015FS', 'PAID'),('PUR_100891','SLM_100007', '150.5', '0', 'CASH', '1', '2015-10-01 00:00:00', '2015-10-01 00:00:00', '0', null, 'B1015SLG', 'PAID')
2025-04-04 00:07:14,011 - INFO - Next value of sequence pur_id_seq: 100892
2025-04-04 00:07:14,036 - INFO - Next value of sequence pur_id_seq: 100893
2025-04-04 00:07:14,052 - INFO - Next value of sequence pur_id_seq: 100894
2025-04-04 00:07:14,081 - INFO - Successfully inserted data into konghin.purchase.
2025-04-04 00:07:14,081 - INFO - Query: INSERT INTO konghin.purchase (pur_id, pur_slm_id, pur_gold_cost, pur_labor_cost, pur_method, pur_official_invoice, pur_date, pur_billing_date, pur_weight, pur_invoice_no, pur_code, pur_payment_status) VALUES ('PUR_100892','SLM_100007', '162.3', '0', 'CASH', '1', '2016-10-01 00:00:00', '2016-10-01 00:00:00', '0', null, 'B1016SLG', 'PAID'),('PUR_100893','SLM_100007', '165.3', '0', 'CASH', '1', '2017-10-01 00:00:00', '2017-10-01 00:00:00', '0', null, 'B1017SLG', 'PAID'),('PUR_100894','SLM_100018', '189.2', '0', 'CASH', '1', '2019-10-01 00:00:00', '2019-10-01 00:00:00', '0', null, 'B1019YM', 'PAID')
2025-04-04 00:07:14,110 - INFO - Next value of sequence pur_id_seq: 100895
2025-04-04 00:07:14,141 - INFO - Next value of sequence pur_id_seq: 100896
2025-04-04 00:07:14,157 - INFO - Next value of sequence pur_id_seq: 100897
2025-04-04 00:07:14,185 - INFO - Successfully inserted data into konghin.purchase.
2025-04-04 00:07:14,185 - INFO - Query: INSERT INTO konghin.purchase (pur_id, pur_slm_id, pur_gold_cost, pur_labor_cost, pur_method, pur_official_invoice, pur_date, pur_billing_date, pur_weight, pur_invoice_no, pur_code, pur_payment_status) VALUES ('PUR_100895','SLM_100007', '242.18', '0', 'CASH', '1', '2020-10-01 00:00:00', '2020-10-01 00:00:00', '0', null, 'B1020SLG', 'PAID'),('PUR_100896','SLM_100007', '225.13', '0', 'CASH', '1', '2021-10-01 00:00:00', '2021-10-01 00:00:00', '0', null, 'B1021SLG', 'PAID'),('PUR_100897','SLM_100020', '236.2', '0', 'CASH', '1', '2022-10-01 00:00:00', '2022-10-01 00:00:00', '0', null, 'B1022JJT', 'PAID')
2025-04-04 00:07:14,217 - INFO - Next value of sequence pur_id_seq: 100898
2025-04-04 00:07:14,231 - INFO - Next value of sequence pur_id_seq: 100899
2025-04-04 00:07:14,250 - INFO - Next value of sequence pur_id_seq: 100900
2025-04-04 00:07:14,267 - INFO - Successfully inserted data into konghin.purchase.
2025-04-04 00:07:14,267 - INFO - Query: INSERT INTO konghin.purchase (pur_id, pur_slm_id, pur_gold_cost, pur_labor_cost, pur_method, pur_official_invoice, pur_date, pur_billing_date, pur_weight, pur_invoice_no, pur_code, pur_payment_status) VALUES ('PUR_100898','SLM_100007', '239.38', '0', 'CASH', '1', '2022-10-01 00:00:00', '2022-10-01 00:00:00', '0', null, 'B1022SLG', 'PAID'),('PUR_100899','SLM_100018', '237.18', '0', 'CASH', '1', '2022-10-01 00:00:00', '2022-10-01 00:00:00', '0', null, 'B1022YM', 'PAID'),('PUR_100900','SLM_100022', '284.41', '0', 'CASH', '1', '2023-10-01 00:00:00', '2023-10-01 00:00:00', '0', null, 'B1023RB', 'PAID')
2025-04-04 00:07:14,284 - INFO - Next value of sequence pur_id_seq: 100901
2025-04-04 00:07:14,296 - INFO - Next value of sequence pur_id_seq: 100902
2025-04-04 00:07:14,307 - INFO - Next value of sequence pur_id_seq: 100903
2025-04-04 00:07:14,346 - INFO - Successfully inserted data into konghin.purchase.
2025-04-04 00:07:14,346 - INFO - Query: INSERT INTO konghin.purchase (pur_id, pur_slm_id, pur_gold_cost, pur_labor_cost, pur_method, pur_official_invoice, pur_date, pur_billing_date, pur_weight, pur_invoice_no, pur_code, pur_payment_status) VALUES ('PUR_100901','SLM_100007', '287.52', '0', 'CASH', '1', '2023-10-01 00:00:00', '2023-10-01 00:00:00', '0', null, 'B1023SLG', 'PAID'),('PUR_100902','SLM_100025', '265.93', '0', 'CASH', '1', '2023-10-01 00:00:00', '2023-10-01 00:00:00', '0', null, 'B1023TC', 'PAID'),('PUR_100903','SLM_100018', '286.86', '0', 'CASH', '1', '2023-10-01 00:00:00', '2023-10-01 00:00:00', '0', null, 'B1023YM', 'PAID')
2025-04-04 00:07:14,371 - INFO - Next value of sequence pur_id_seq: 100904
2025-04-04 00:07:14,383 - INFO - Next value of sequence pur_id_seq: 100905
2025-04-04 00:07:14,393 - INFO - Next value of sequence pur_id_seq: 100906
2025-04-04 00:07:14,415 - INFO - Successfully inserted data into konghin.purchase.
2025-04-04 00:07:14,415 - INFO - Query: INSERT INTO konghin.purchase (pur_id, pur_slm_id, pur_gold_cost, pur_labor_cost, pur_method, pur_official_invoice, pur_date, pur_billing_date, pur_weight, pur_invoice_no, pur_code, pur_payment_status) VALUES ('PUR_100904','SLM_100007', '358.98', '0', 'CASH', '1', '2024-10-01 00:00:00', '2024-10-01 00:00:00', '0', null, 'B1024SLG', 'PAID'),('PUR_100905','SLM_100018', '360.78', '0', 'CASH', '1', '2024-10-01 00:00:00', '2024-10-01 00:00:00', '0', null, 'B1024YM', 'PAID'),('PUR_100906','SLM_100011', '159.5', '0', 'CASH', '1', '2012-11-01 00:00:00', '2012-11-01 00:00:00', '0', null, 'B1112GBT', 'PAID')
2025-04-04 00:07:14,432 - INFO - Next value of sequence pur_id_seq: 100907
2025-04-04 00:07:14,442 - INFO - Next value of sequence pur_id_seq: 100908
2025-04-04 00:07:14,455 - INFO - Next value of sequence pur_id_seq: 100909
2025-04-04 00:07:14,476 - INFO - Successfully inserted data into konghin.purchase.
2025-04-04 00:07:14,476 - INFO - Query: INSERT INTO konghin.purchase (pur_id, pur_slm_id, pur_gold_cost, pur_labor_cost, pur_method, pur_official_invoice, pur_date, pur_billing_date, pur_weight, pur_invoice_no, pur_code, pur_payment_status) VALUES ('PUR_100907','SLM_100007', '163.0', '0', 'CASH', '1', '2012-11-01 00:00:00', '2012-11-01 00:00:00', '0', null, 'B1112SLG', 'PAID'),('PUR_100908','SLM_100007', '162.2', '0', 'CASH', '1', '2017-11-01 00:00:00', '2017-11-01 00:00:00', '0', null, 'B1117SLG', 'PAID'),('PUR_100909','SLM_100007', '156.55', '0', 'CASH', '1', '2018-11-01 00:00:00', '2018-11-01 00:00:00', '0', null, 'B1118SLG', 'PAID')
2025-04-04 00:07:14,508 - INFO - Next value of sequence pur_id_seq: 100910
2025-04-04 00:07:14,531 - INFO - Next value of sequence pur_id_seq: 100911
2025-04-04 00:07:14,552 - INFO - Next value of sequence pur_id_seq: 100912
2025-04-04 00:07:14,597 - INFO - Successfully inserted data into konghin.purchase.
2025-04-04 00:07:14,597 - INFO - Query: INSERT INTO konghin.purchase (pur_id, pur_slm_id, pur_gold_cost, pur_labor_cost, pur_method, pur_official_invoice, pur_date, pur_billing_date, pur_weight, pur_invoice_no, pur_code, pur_payment_status) VALUES ('PUR_100910','SLM_100018', '152.7', '0', 'CASH', '1', '2018-11-01 00:00:00', '2018-11-01 00:00:00', '0', null, 'B1118YM', 'PAID'),('PUR_100911','SLM_100007', '185.13', '0', 'CASH', '1', '2019-11-01 00:00:00', '2019-11-01 00:00:00', '0', null, 'B1119SLG', 'PAID'),('PUR_100912','SLM_100018', '186.44', '0', 'CASH', '1', '2019-11-01 00:00:00', '2019-11-01 00:00:00', '0', null, 'B1119YM', 'PAID')
2025-04-04 00:07:14,628 - INFO - Next value of sequence pur_id_seq: 100913
2025-04-04 00:07:14,644 - INFO - Next value of sequence pur_id_seq: 100914
2025-04-04 00:07:14,659 - INFO - Next value of sequence pur_id_seq: 100915
2025-04-04 00:07:14,686 - INFO - Successfully inserted data into konghin.purchase.
2025-04-04 00:07:14,686 - INFO - Query: INSERT INTO konghin.purchase (pur_id, pur_slm_id, pur_gold_cost, pur_labor_cost, pur_method, pur_official_invoice, pur_date, pur_billing_date, pur_weight, pur_invoice_no, pur_code, pur_payment_status) VALUES ('PUR_100913','SLM_100018', '233.3', '0', 'CASH', '1', '2020-11-01 00:00:00', '2020-11-01 00:00:00', '0', null, 'B1120YM', 'PAID'),('PUR_100914','SLM_100007', '234.05', '0', 'CASH', '1', '2021-11-01 00:00:00', '2021-11-01 00:00:00', '0', null, 'B1121SLG', 'PAID'),('PUR_100915','SLM_100018', '236.26', '0', 'CASH', '1', '2021-11-01 00:00:00', '2021-11-01 00:00:00', '0', null, 'B1121YM', 'PAID')
2025-04-04 00:07:14,712 - INFO - Next value of sequence pur_id_seq: 100916
2025-04-04 00:07:14,726 - INFO - Next value of sequence pur_id_seq: 100917
2025-04-04 00:07:14,736 - INFO - Next value of sequence pur_id_seq: 100918
2025-04-04 00:07:14,757 - INFO - Successfully inserted data into konghin.purchase.
2025-04-04 00:07:14,757 - INFO - Query: INSERT INTO konghin.purchase (pur_id, pur_slm_id, pur_gold_cost, pur_labor_cost, pur_method, pur_official_invoice, pur_date, pur_billing_date, pur_weight, pur_invoice_no, pur_code, pur_payment_status) VALUES ('PUR_100916','SLM_100021', '241.31', '0', 'CASH', '1', '2022-11-01 00:00:00', '2022-11-01 00:00:00', '0', null, 'B1122HJ', 'PAID'),('PUR_100917','SLM_100022', '242.49', '0', 'CASH', '1', '2022-11-01 00:00:00', '2022-11-01 00:00:00', '0', null, 'B1122RB', 'PAID'),('PUR_100918','SLM_100018', '237.83', '0', 'CASH', '1', '2022-11-01 00:00:00', '2022-11-01 00:00:00', '0', null, 'B1122YM', 'PAID')
2025-04-04 00:07:14,774 - INFO - Next value of sequence pur_id_seq: 100919
2025-04-04 00:07:14,785 - INFO - Next value of sequence pur_id_seq: 100920
2025-04-04 00:07:14,795 - INFO - Next value of sequence pur_id_seq: 100921
2025-04-04 00:07:14,816 - INFO - Successfully inserted data into konghin.purchase.
2025-04-04 00:07:14,816 - INFO - Query: INSERT INTO konghin.purchase (pur_id, pur_slm_id, pur_gold_cost, pur_labor_cost, pur_method, pur_official_invoice, pur_date, pur_billing_date, pur_weight, pur_invoice_no, pur_code, pur_payment_status) VALUES ('PUR_100919','SLM_100018', '282.36', '0', 'CASH', '1', '2023-11-01 00:00:00', '2023-11-01 00:00:00', '0', null, 'B1123YM', 'PAID'),('PUR_100920','SLM_100007', '130.5', '0', 'CASH', '1', '2010-12-01 00:00:00', '2010-12-01 00:00:00', '0', null, 'B1210SLG', 'PAID'),('PUR_100921','SLM_100007', '154.5', '0', 'CASH', '1', '2011-12-01 00:00:00', '2011-12-01 00:00:00', '0', null, 'B1211SLG', 'PAID')
2025-04-04 00:07:14,832 - INFO - Next value of sequence pur_id_seq: 100922
2025-04-04 00:07:14,841 - INFO - Next value of sequence pur_id_seq: 100923
2025-04-04 00:07:14,851 - INFO - Next value of sequence pur_id_seq: 100924
2025-04-04 00:07:14,868 - INFO - Successfully inserted data into konghin.purchase.
2025-04-04 00:07:14,868 - INFO - Query: INSERT INTO konghin.purchase (pur_id, pur_slm_id, pur_gold_cost, pur_labor_cost, pur_method, pur_official_invoice, pur_date, pur_billing_date, pur_weight, pur_invoice_no, pur_code, pur_payment_status) VALUES ('PUR_100922','SLM_100007', '156.0', '0', 'CASH', '1', '2012-12-01 00:00:00', '2012-12-01 00:00:00', '0', null, 'B1212SLG', 'PAID'),('PUR_100923','SLM_100007', '123.0', '0', 'CASH', '1', '2013-12-01 00:00:00', '2013-12-01 00:00:00', '0', null, 'B1213SLG', 'PAID'),('PUR_100924','SLM_100007', '125.9', '0', 'CASH', '1', '2014-12-01 00:00:00', '2014-12-01 00:00:00', '0', null, 'B1214SLG', 'PAID')
2025-04-04 00:07:14,885 - INFO - Next value of sequence pur_id_seq: 100925
2025-04-04 00:07:14,894 - INFO - Next value of sequence pur_id_seq: 100926
2025-04-04 00:07:14,902 - INFO - Next value of sequence pur_id_seq: 100927
2025-04-04 00:07:14,920 - INFO - Successfully inserted data into konghin.purchase.
2025-04-04 00:07:14,920 - INFO - Query: INSERT INTO konghin.purchase (pur_id, pur_slm_id, pur_gold_cost, pur_labor_cost, pur_method, pur_official_invoice, pur_date, pur_billing_date, pur_weight, pur_invoice_no, pur_code, pur_payment_status) VALUES ('PUR_100925','SLM_100014', '138.6', '0', 'CASH', '1', '2015-12-01 00:00:00', '2015-12-01 00:00:00', '0', null, 'B1215FS', 'PAID'),('PUR_100926','SLM_100007', '140.6', '0', 'CASH', '1', '2015-12-01 00:00:00', '2015-12-01 00:00:00', '0', null, 'B1215SLG', 'PAID'),('PUR_100927','SLM_100007', '156.5', '0', 'CASH', '1', '2016-12-01 00:00:00', '2016-12-01 00:00:00', '0', null, 'B1216SLG', 'PAID')
2025-04-04 00:07:14,936 - INFO - Next value of sequence pur_id_seq: 100928
2025-04-04 00:07:14,950 - INFO - Next value of sequence pur_id_seq: 100929
2025-04-04 00:07:14,960 - INFO - Next value of sequence pur_id_seq: 100930
2025-04-04 00:07:14,982 - INFO - Successfully inserted data into konghin.purchase.
2025-04-04 00:07:14,982 - INFO - Query: INSERT INTO konghin.purchase (pur_id, pur_slm_id, pur_gold_cost, pur_labor_cost, pur_method, pur_official_invoice, pur_date, pur_billing_date, pur_weight, pur_invoice_no, pur_code, pur_payment_status) VALUES ('PUR_100928','SLM_100007', '159.43', '0', 'CASH', '1', '2018-12-01 00:00:00', '2018-12-01 00:00:00', '0', null, 'B1218SLG', 'PAID'),('PUR_100929','SLM_100031', '187.82', '0', 'CASH', '1', '2019-12-01 00:00:00', '2019-12-01 00:00:00', '0', null, 'B1219MK', 'PAID'),('PUR_100930','SLM_100018', '185.65', '0', 'CASH', '1', '2019-12-01 00:00:00', '2019-12-01 00:00:00', '0', null, 'B1219YM', 'PAID')
2025-04-04 00:07:14,999 - INFO - Next value of sequence pur_id_seq: 100931
2025-04-04 00:07:15,009 - INFO - Next value of sequence pur_id_seq: 100932
2025-04-04 00:07:15,019 - INFO - Next value of sequence pur_id_seq: 100933
2025-04-04 00:07:15,036 - INFO - Successfully inserted data into konghin.purchase.
2025-04-04 00:07:15,037 - INFO - Query: INSERT INTO konghin.purchase (pur_id, pur_slm_id, pur_gold_cost, pur_labor_cost, pur_method, pur_official_invoice, pur_date, pur_billing_date, pur_weight, pur_invoice_no, pur_code, pur_payment_status) VALUES ('PUR_100931','SLM_100007', '232.47', '0', 'CASH', '1', '2020-12-01 00:00:00', '2020-12-01 00:00:00', '0', null, 'B1220SLG', 'PAID'),('PUR_100932','SLM_100017', '226.32', '0', 'CASH', '1', '2021-12-01 00:00:00', '2021-12-01 00:00:00', '0', null, 'B1221XW', 'PAID'),('PUR_100933','SLM_100018', '226.76', '0', 'CASH', '1', '2021-12-01 00:00:00', '2021-12-01 00:00:00', '0', null, 'B1221YM', 'PAID')
2025-04-04 00:07:15,055 - INFO - Next value of sequence pur_id_seq: 100934
2025-04-04 00:07:15,066 - INFO - Next value of sequence pur_id_seq: 100935
2025-04-04 00:07:15,076 - INFO - Next value of sequence pur_id_seq: 100936
2025-04-04 00:07:15,093 - INFO - Successfully inserted data into konghin.purchase.
2025-04-04 00:07:15,093 - INFO - Query: INSERT INTO konghin.purchase (pur_id, pur_slm_id, pur_gold_cost, pur_labor_cost, pur_method, pur_official_invoice, pur_date, pur_billing_date, pur_weight, pur_invoice_no, pur_code, pur_payment_status) VALUES ('PUR_100934','SLM_100018', '238.85', '0', 'CASH', '1', '2022-12-01 00:00:00', '2022-12-01 00:00:00', '0', null, 'B1222YM', 'PAID'),('PUR_100935','SLM_100020', '286.61', '0', 'CASH', '1', '2023-12-01 00:00:00', '2023-12-01 00:00:00', '0', null, 'B1223JJT', 'PAID'),('PUR_100936','SLM_100024', '286.68', '0', 'CASH', '1', '2023-12-01 00:00:00', '2023-12-01 00:00:00', '0', null, 'B1223SF', 'PAID')
2025-04-04 00:07:15,109 - INFO - Next value of sequence pur_id_seq: 100937
2025-04-04 00:07:15,120 - INFO - Next value of sequence pur_id_seq: 100938
2025-04-04 00:07:15,131 - INFO - Next value of sequence pur_id_seq: 100939
2025-04-04 00:07:15,148 - INFO - Successfully inserted data into konghin.purchase.
2025-04-04 00:07:15,148 - INFO - Query: INSERT INTO konghin.purchase (pur_id, pur_slm_id, pur_gold_cost, pur_labor_cost, pur_method, pur_official_invoice, pur_date, pur_billing_date, pur_weight, pur_invoice_no, pur_code, pur_payment_status) VALUES ('PUR_100937','SLM_100018', '285.95', '0', 'CASH', '1', '2023-12-01 00:00:00', '2023-12-01 00:00:00', '0', null, 'B1223YM', 'PAID'),('PUR_100938','SLM_100007', '359.97', '0', 'CASH', '1', '2024-12-01 00:00:00', '2024-12-01 00:00:00', '0', null, 'B1224SLG', 'PAID'),('PUR_100939','SLM_100018', '353.43', '0', 'CASH', '1', '2024-12-01 00:00:00', '2024-12-01 00:00:00', '0', null, 'B1224YM', 'PAID')
2025-04-04 00:07:15,164 - INFO - Next value of sequence pur_id_seq: 100940
2025-04-04 00:07:15,173 - INFO - Next value of sequence pur_id_seq: 100941
2025-04-04 00:07:15,183 - INFO - Next value of sequence pur_id_seq: 100942
2025-04-04 00:07:15,201 - INFO - Successfully inserted data into konghin.purchase.
2025-04-04 00:07:15,201 - INFO - Query: INSERT INTO konghin.purchase (pur_id, pur_slm_id, pur_gold_cost, pur_labor_cost, pur_method, pur_official_invoice, pur_date, pur_billing_date, pur_weight, pur_invoice_no, pur_code, pur_payment_status) VALUES ('PUR_100940','SLM_100007', '135.0', '0', 'CASH', '1', '2015-03-01 00:00:00', '2015-03-01 00:00:00', '0', null, 'C0315SLG', 'PAID'),('PUR_100941','SLM_100018', '245.59', '0', 'CASH', '1', '2022-03-01 00:00:00', '2022-03-01 00:00:00', '0', null, 'C0322YM', 'PAID'),('PUR_100942','SLM_100018', '263.93', '0', 'CASH', '1', '2023-03-01 00:00:00', '2023-03-01 00:00:00', '0', null, 'C0323YM', 'PAID')
2025-04-04 00:07:15,216 - INFO - Next value of sequence pur_id_seq: 100943
2025-04-04 00:07:15,226 - INFO - Next value of sequence pur_id_seq: 100944
2025-04-04 00:07:15,238 - INFO - Next value of sequence pur_id_seq: 100945
2025-04-04 00:07:15,256 - INFO - Successfully inserted data into konghin.purchase.
2025-04-04 00:07:15,256 - INFO - Query: INSERT INTO konghin.purchase (pur_id, pur_slm_id, pur_gold_cost, pur_labor_cost, pur_method, pur_official_invoice, pur_date, pur_billing_date, pur_weight, pur_invoice_no, pur_code, pur_payment_status) VALUES ('PUR_100943','SLM_100007', '158.15', '0', 'CASH', '1', '2018-04-01 00:00:00', '2018-04-01 00:00:00', '0', null, 'C0418SLG', 'PAID'),('PUR_100944','SLM_100007', '150.0', '0', 'CASH', '1', '2013-05-01 00:00:00', '2013-05-01 00:00:00', '0', null, 'C0513SLG', 'PAID'),('PUR_100945','SLM_100007', '231.91', '0', 'CASH', '1', '2020-06-01 00:00:00', '2020-06-01 00:00:00', '0', null, 'C0620SLG', 'PAID')
2025-04-04 00:07:15,275 - INFO - Next value of sequence pur_id_seq: 100946
2025-04-04 00:07:15,284 - INFO - Next value of sequence pur_id_seq: 100947
2025-04-04 00:07:15,295 - INFO - Next value of sequence pur_id_seq: 100948
2025-04-04 00:07:15,311 - INFO - Successfully inserted data into konghin.purchase.
2025-04-04 00:07:15,311 - INFO - Query: INSERT INTO konghin.purchase (pur_id, pur_slm_id, pur_gold_cost, pur_labor_cost, pur_method, pur_official_invoice, pur_date, pur_billing_date, pur_weight, pur_invoice_no, pur_code, pur_payment_status) VALUES ('PUR_100946','SLM_100007', '145.5', '0', 'CASH', '1', '2011-07-01 00:00:00', '2011-07-01 00:00:00', '0', null, 'C0711SLG', 'PAID'),('PUR_100947','SLM_100007', '249.92', '0', 'CASH', '1', '2020-07-01 00:00:00', '2020-07-01 00:00:00', '0', null, 'C0720SLG', 'PAID'),('PUR_100948','SLM_100018', '228.55', '0', 'CASH', '1', '2022-07-01 00:00:00', '2022-07-01 00:00:00', '0', null, 'C0722YM', 'PAID')
2025-04-04 00:07:15,326 - INFO - Next value of sequence pur_id_seq: 100949
2025-04-04 00:07:15,335 - INFO - Next value of sequence pur_id_seq: 100950
2025-04-04 00:07:15,347 - INFO - Next value of sequence pur_id_seq: 100951
2025-04-04 00:07:15,364 - INFO - Successfully inserted data into konghin.purchase.
2025-04-04 00:07:15,364 - INFO - Query: INSERT INTO konghin.purchase (pur_id, pur_slm_id, pur_gold_cost, pur_labor_cost, pur_method, pur_official_invoice, pur_date, pur_billing_date, pur_weight, pur_invoice_no, pur_code, pur_payment_status) VALUES ('PUR_100949','SLM_100018', '246.91', '0', 'CASH', '1', '2020-08-01 00:00:00', '2020-08-01 00:00:00', '0', null, 'C0820YM', 'PAID'),('PUR_100950','SLM_100007', '226.63', '0', 'CASH', '1', '2021-10-01 00:00:00', '2021-10-01 00:00:00', '0', null, 'C1021SLG', 'PAID'),('PUR_100951','SLM_100018', '232.81', '0', 'CASH', '1', '2022-10-01 00:00:00', '2022-10-01 00:00:00', '0', null, 'C1022YM', 'PAID')
2025-04-04 00:07:15,385 - INFO - Next value of sequence pur_id_seq: 100952
2025-04-04 00:07:15,396 - INFO - Next value of sequence pur_id_seq: 100953
2025-04-04 00:07:15,408 - INFO - Next value of sequence pur_id_seq: 100954
2025-04-04 00:07:15,425 - INFO - Successfully inserted data into konghin.purchase.
2025-04-04 00:07:15,425 - INFO - Query: INSERT INTO konghin.purchase (pur_id, pur_slm_id, pur_gold_cost, pur_labor_cost, pur_method, pur_official_invoice, pur_date, pur_billing_date, pur_weight, pur_invoice_no, pur_code, pur_payment_status) VALUES ('PUR_100952','SLM_100018', '155.25', '0', 'CASH', '1', '2018-11-01 00:00:00', '2018-11-01 00:00:00', '0', null, 'C1118YM', 'PAID'),('PUR_100953','SLM_100007', '161.28', '0', 'CASH', '1', '2018-12-01 00:00:00', '2018-12-01 00:00:00', '0', null, 'C1218SLG', 'PAID'),('PUR_100954','SLM_100018', '241.74', '0', 'CASH', '1', '2022-12-01 00:00:00', '2022-12-01 00:00:00', '0', null, 'C1222YM', 'PAID')
2025-04-04 00:07:15,448 - INFO - Next value of sequence pur_id_seq: 100955
2025-04-04 00:07:15,465 - INFO - Successfully inserted data into konghin.purchase.
2025-04-04 00:07:15,465 - INFO - Query: INSERT INTO konghin.purchase (pur_id, pur_slm_id, pur_gold_cost, pur_labor_cost, pur_method, pur_official_invoice, pur_date, pur_billing_date, pur_weight, pur_invoice_no, pur_code, pur_payment_status) VALUES ('PUR_100955','SLM_100007', '129.5', '0', 'CASH', '1', '2013-05-01 00:00:00', '2013-05-01 00:00:00', '0', null, 'D0513SLG', 'PAID')
2025-04-04 00:11:06,660 - INFO - [31m[1mWARNING: This is a development server. Do not use it in a production deployment. Use a production WSGI server instead.[0m
 * Running on http://127.0.0.1:5000
2025-04-04 00:11:06,660 - INFO - [33mPress CTRL+C to quit[0m
2025-04-04 00:11:06,661 - INFO -  * Restarting with stat
2025-04-04 00:11:07,556 - WARNING -  * Debugger is active!
2025-04-04 00:11:07,560 - INFO -  * Debugger PIN: 310-690-463
2025-04-04 00:11:19,002 - INFO - 127.0.0.1 - - [04/Apr/2025 00:11:19] "POST /batch-import-purchase HTTP/1.1" 200 -
2025-04-04 00:14:05,252 - INFO - Successfully selected data from konghin.purchase.
2025-04-04 00:14:05,252 - INFO - Query: SELECT * FROM "konghin"."purchase"
2025-04-04 00:14:05,285 - INFO - 127.0.0.1 - - [04/Apr/2025 00:14:05] "GET /purchases HTTP/1.1" 200 -
2025-04-04 00:14:05,312 - INFO - 127.0.0.1 - - [04/Apr/2025 00:14:05] "[33mGET /static/js/bootstrap/scripts.js HTTP/1.1[0m" 404 -
2025-04-04 00:14:05,314 - INFO - 127.0.0.1 - - [04/Apr/2025 00:14:05] "[33mGET /static/js/datatables-demo.js HTTP/1.1[0m" 404 -
2025-04-04 00:14:05,316 - INFO - 127.0.0.1 - - [04/Apr/2025 00:14:05] "[33mGET /static/js/script.js HTTP/1.1[0m" 404 -
2025-04-04 00:14:05,383 - INFO - 127.0.0.1 - - [04/Apr/2025 00:14:05] "[36mGET /static/css/bootstrap/styles.css HTTP/1.1[0m" 304 -
2025-04-04 00:14:28,098 - INFO - Successfully selected data from konghin.sale.
2025-04-04 00:14:28,098 - INFO - Query: SELECT * FROM "konghin"."sale"
2025-04-04 00:14:28,144 - INFO - 127.0.0.1 - - [04/Apr/2025 00:14:28] "GET /sales HTTP/1.1" 200 -
2025-04-04 00:14:28,175 - INFO - 127.0.0.1 - - [04/Apr/2025 00:14:28] "[33mGET /static/js/bootstrap/scripts.js HTTP/1.1[0m" 404 -
2025-04-04 00:14:28,176 - INFO - 127.0.0.1 - - [04/Apr/2025 00:14:28] "[36mGET /static/css/bootstrap/styles.css HTTP/1.1[0m" 304 -
2025-04-04 00:14:28,178 - INFO - 127.0.0.1 - - [04/Apr/2025 00:14:28] "[33mGET /static/js/datatables-demo.js HTTP/1.1[0m" 404 -
2025-04-04 00:14:28,180 - INFO - 127.0.0.1 - - [04/Apr/2025 00:14:28] "[33mGET /static/js/script.js HTTP/1.1[0m" 404 -
2025-04-04 00:15:33,893 - INFO -  * Detected change in 'C:\\Users\\keong\\Desktop\\IMTools\\IMtool\\IMtool app\\website\\app.py', reloading
2025-04-04 00:15:33,976 - INFO -  * Restarting with stat
2025-04-04 00:15:34,987 - WARNING -  * Debugger is active!
2025-04-04 00:15:34,992 - INFO -  * Debugger PIN: 310-690-463
2025-04-04 00:15:36,097 - INFO - Successfully selected data from konghin.purchase.
2025-04-04 00:15:36,098 - INFO - Query: SELECT * FROM "konghin"."purchase"
2025-04-04 00:15:36,131 - INFO - 127.0.0.1 - - [04/Apr/2025 00:15:36] "GET /purchases HTTP/1.1" 200 -
2025-04-04 00:15:36,374 - INFO - 127.0.0.1 - - [04/Apr/2025 00:15:36] "[33mGET /static/js/bootstrap/scripts.js HTTP/1.1[0m" 404 -
2025-04-04 00:15:36,376 - INFO - 127.0.0.1 - - [04/Apr/2025 00:15:36] "[33mGET /static/js/datatables-demo.js HTTP/1.1[0m" 404 -
2025-04-04 00:15:36,379 - INFO - 127.0.0.1 - - [04/Apr/2025 00:15:36] "[33mGET /static/js/script.js HTTP/1.1[0m" 404 -
2025-04-04 00:15:36,444 - INFO - 127.0.0.1 - - [04/Apr/2025 00:15:36] "[36mGET /static/css/bootstrap/styles.css HTTP/1.1[0m" 304 -
2025-04-04 00:15:43,759 - INFO - 127.0.0.1 - - [04/Apr/2025 00:15:43] "POST /batch-import-purchase HTTP/1.1" 200 -
2025-04-04 00:15:49,200 - INFO -  * Detected change in 'C:\\Users\\keong\\Desktop\\IMTools\\IMtool\\IMtool app\\website\\app.py', reloading
2025-04-04 00:15:49,290 - INFO -  * Restarting with stat
2025-04-04 00:15:55,484 - INFO - [31m[1mWARNING: This is a development server. Do not use it in a production deployment. Use a production WSGI server instead.[0m
 * Running on http://127.0.0.1:5000
2025-04-04 00:15:55,484 - INFO - [33mPress CTRL+C to quit[0m
2025-04-04 00:15:55,486 - INFO -  * Restarting with stat
2025-04-04 00:15:56,570 - WARNING -  * Debugger is active!
2025-04-04 00:15:56,578 - INFO -  * Debugger PIN: 310-690-463
2025-04-04 00:16:18,436 - INFO - 127.0.0.1 - - [04/Apr/2025 00:16:18] "POST /batch-import-purchase HTTP/1.1" 200 -
2025-04-04 00:17:02,705 - INFO -  * Detected change in 'C:\\Users\\keong\\Desktop\\IMTools\\IMtool\\IMtool app\\website\\app.py', reloading
2025-04-04 00:17:02,786 - INFO -  * Restarting with stat
2025-04-04 00:17:04,774 - WARNING -  * Debugger is active!
2025-04-04 00:17:04,779 - INFO -  * Debugger PIN: 310-690-463
2025-04-04 00:17:19,182 - INFO - 127.0.0.1 - - [04/Apr/2025 00:17:19] "[35m[1mPOST /batch-import-purchase HTTP/1.1[0m" 500 -
2025-04-04 00:17:19,505 - INFO - 127.0.0.1 - - [04/Apr/2025 00:17:19] "[36mGET /batch-import-purchase?__debugger__=yes&cmd=resource&f=debugger.js HTTP/1.1[0m" 304 -
2025-04-04 00:17:19,505 - INFO - 127.0.0.1 - - [04/Apr/2025 00:17:19] "[36mGET /batch-import-purchase?__debugger__=yes&cmd=resource&f=style.css HTTP/1.1[0m" 304 -
2025-04-04 00:17:19,534 - INFO - 127.0.0.1 - - [04/Apr/2025 00:17:19] "[36mGET /batch-import-purchase?__debugger__=yes&cmd=resource&f=console.png HTTP/1.1[0m" 304 -
2025-04-04 00:17:19,544 - INFO - 127.0.0.1 - - [04/Apr/2025 00:17:19] "[36mGET /batch-import-purchase?__debugger__=yes&cmd=resource&f=console.png HTTP/1.1[0m" 304 -
2025-04-04 00:17:50,197 - INFO -  * Detected change in 'C:\\Users\\keong\\Desktop\\IMTools\\IMtool\\IMtool app\\website\\app.py', reloading
2025-04-04 00:17:50,279 - INFO -  * Restarting with stat
2025-04-04 00:17:52,525 - WARNING -  * Debugger is active!
2025-04-04 00:17:52,529 - INFO -  * Debugger PIN: 310-690-463
2025-04-04 00:19:19,546 - INFO -  * Detected change in 'C:\\Users\\keong\\Desktop\\IMTools\\IMtool\\IMtool app\\website\\app.py', reloading
2025-04-04 00:19:19,610 - INFO -  * Restarting with stat
2025-04-04 00:19:20,419 - WARNING -  * Debugger is active!
2025-04-04 00:19:20,425 - INFO -  * Debugger PIN: 310-690-463
2025-04-04 00:19:29,522 - INFO -  * Detected change in 'C:\\Users\\keong\\Desktop\\IMTools\\IMtool\\IMtool app\\website\\app.py', reloading
2025-04-04 00:19:29,607 - INFO -  * Restarting with stat
2025-04-04 00:19:30,523 - WARNING -  * Debugger is active!
2025-04-04 00:19:30,527 - INFO -  * Debugger PIN: 310-690-463
2025-04-04 00:19:32,558 - INFO -  * Detected change in 'C:\\Users\\keong\\Desktop\\IMTools\\IMtool\\IMtool app\\website\\app.py', reloading
2025-04-04 00:19:32,609 - INFO -  * Restarting with stat
2025-04-04 00:19:33,406 - WARNING -  * Debugger is active!
2025-04-04 00:19:33,410 - INFO -  * Debugger PIN: 310-690-463
