2025-04-05 11:08:08,696 - INFO - [31m[1mWARNING: This is a development server. Do not use it in a production deployment. Use a production WSGI server instead.[0m
 * Running on http://127.0.0.1:5000
2025-04-05 11:08:08,697 - INFO - [33mPress CTRL+C to quit[0m
2025-04-05 11:08:08,699 - INFO -  * Restarting with stat
2025-04-05 11:08:11,343 - WARNING -  * Debugger is active!
2025-04-05 11:08:11,349 - INFO -  * Debugger PIN: 121-563-143
2025-04-05 11:11:23,096 - INFO - 127.0.0.1 - - [05/Apr/2025 11:11:23] "GET / HTTP/1.1" 200 -
2025-04-05 11:11:23,254 - INFO - 127.0.0.1 - - [05/Apr/2025 11:11:23] "[36mGET /static/css/bootstrap/login_style.css HTTP/1.1[0m" 304 -
2025-04-05 11:11:23,283 - INFO - 127.0.0.1 - - [05/Apr/2025 11:11:23] "[33mGET /favicon.ico HTTP/1.1[0m" 404 -
2025-04-05 11:11:30,189 - INFO - kjunqiang@gmail.com successfully login at 2025-04-05 11:11:30.189594
2025-04-05 11:11:30,277 - INFO - Successfully selected data from konghin.stock.
2025-04-05 11:11:30,277 - INFO - Query: SELECT * FROM "konghin"."stock"
2025-04-05 11:11:30,315 - INFO - 127.0.0.1 - - [05/Apr/2025 11:11:30] "POST /login HTTP/1.1" 200 -
2025-04-05 11:11:30,350 - INFO - 127.0.0.1 - - [05/Apr/2025 11:11:30] "[36mGET /static/css/bootstrap/styles.css HTTP/1.1[0m" 304 -
2025-04-05 11:11:30,430 - INFO - 127.0.0.1 - - [05/Apr/2025 11:11:30] "[33mGET /static/js/bootstrap/scripts.js HTTP/1.1[0m" 404 -
2025-04-05 11:11:30,441 - INFO - 127.0.0.1 - - [05/Apr/2025 11:11:30] "[33mGET /static/js/datatables-demo.js HTTP/1.1[0m" 404 -
2025-04-05 11:11:30,451 - INFO - 127.0.0.1 - - [05/Apr/2025 11:11:30] "[33mGET /static/js/script.js HTTP/1.1[0m" 404 -
2025-04-05 11:15:10,866 - INFO -  * Detected change in 'C:\\Users\\keong\\Desktop\\IMTools\\IMtool\\IMtool app\\website\\barcode.py', reloading
2025-04-05 11:15:10,950 - INFO -  * Restarting with stat
2025-04-05 11:15:13,551 - WARNING -  * Debugger is active!
2025-04-05 11:15:13,557 - INFO -  * Debugger PIN: 121-563-143
2025-04-05 11:18:45,463 - INFO -  * Detected change in 'C:\\Users\\keong\\Desktop\\IMTools\\IMtool\\IMtool app\\website\\app.py', reloading
2025-04-05 11:18:45,568 - INFO -  * Restarting with stat
2025-04-05 11:18:47,155 - WARNING -  * Debugger is active!
2025-04-05 11:18:47,160 - INFO -  * Debugger PIN: 121-563-143
2025-04-05 11:19:14,754 - INFO - 127.0.0.1 - - [05/Apr/2025 11:19:14] "POST /batch-import-stock HTTP/1.1" 200 -
2025-04-05 11:19:24,024 - INFO -  * Detected change in 'C:\\Users\\keong\\Desktop\\IMTools\\IMtool\\IMtool app\\website\\app.py', reloading
2025-04-05 11:19:24,123 - INFO -  * Restarting with stat
2025-04-05 11:19:25,710 - WARNING -  * Debugger is active!
2025-04-05 11:19:25,715 - INFO -  * Debugger PIN: 121-563-143
2025-04-05 11:19:51,060 - INFO -  * Detected change in 'C:\\Users\\keong\\Desktop\\IMTools\\IMtool\\IMtool app\\website\\app.py', reloading
2025-04-05 11:19:51,207 - INFO -  * Restarting with stat
2025-04-05 11:19:52,771 - WARNING -  * Debugger is active!
2025-04-05 11:19:52,777 - INFO -  * Debugger PIN: 121-563-143
2025-04-05 11:19:53,778 - INFO - 127.0.0.1 - - [05/Apr/2025 11:19:53] "POST /batch-import-stock HTTP/1.1" 200 -
2025-04-05 11:22:12,849 - INFO -  * Detected change in 'C:\\Users\\keong\\Desktop\\IMTools\\IMtool\\IMtool app\\website\\app.py', reloading
2025-04-05 11:22:12,934 - INFO -  * Restarting with stat
2025-04-05 11:22:15,267 - WARNING -  * Debugger is active!
2025-04-05 11:22:15,272 - INFO -  * Debugger PIN: 121-563-143
2025-04-05 11:25:39,572 - INFO -  * Detected change in 'C:\\Users\\keong\\Desktop\\IMTools\\IMtool\\IMtool app\\website\\app.py', reloading
2025-04-05 11:25:39,651 - INFO -  * Restarting with stat
2025-04-05 11:25:40,805 - WARNING -  * Debugger is active!
2025-04-05 11:25:40,810 - INFO -  * Debugger PIN: 121-563-143
2025-04-05 11:26:46,027 - INFO -  * Detected change in 'C:\\Users\\keong\\Desktop\\IMTools\\IMtool\\IMtool app\\website\\Import.py', reloading
2025-04-05 11:26:46,111 - INFO -  * Restarting with stat
2025-04-05 11:26:47,385 - WARNING -  * Debugger is active!
2025-04-05 11:26:47,389 - INFO -  * Debugger PIN: 121-563-143
2025-04-05 11:26:51,449 - INFO -  * Detected change in 'C:\\Users\\keong\\Desktop\\IMTools\\IMtool\\IMtool app\\website\\Import.py', reloading
2025-04-05 11:26:51,518 - INFO -  * Restarting with stat
2025-04-05 11:26:52,684 - WARNING -  * Debugger is active!
2025-04-05 11:26:52,689 - INFO -  * Debugger PIN: 121-563-143
2025-04-05 11:27:03,151 - INFO - kjunqiang@gmail.com successfully login at 2025-04-05 11:27:03.151389
2025-04-05 11:27:03,236 - INFO - Successfully selected data from konghin.stock.
2025-04-05 11:27:03,236 - INFO - Query: SELECT * FROM "konghin"."stock"
2025-04-05 11:27:03,342 - INFO - 127.0.0.1 - - [05/Apr/2025 11:27:03] "POST /login HTTP/1.1" 200 -
2025-04-05 11:27:03,464 - INFO - 127.0.0.1 - - [05/Apr/2025 11:27:03] "[33mGET /static/js/bootstrap/scripts.js HTTP/1.1[0m" 404 -
2025-04-05 11:27:03,471 - INFO - 127.0.0.1 - - [05/Apr/2025 11:27:03] "[33mGET /static/js/datatables-demo.js HTTP/1.1[0m" 404 -
2025-04-05 11:27:03,474 - INFO - 127.0.0.1 - - [05/Apr/2025 11:27:03] "[33mGET /static/js/script.js HTTP/1.1[0m" 404 -
2025-04-05 11:27:03,792 - INFO - 127.0.0.1 - - [05/Apr/2025 11:27:03] "[36mGET /static/css/bootstrap/styles.css HTTP/1.1[0m" 304 -
2025-04-05 11:27:11,558 - INFO - PURCHASE IMPORT STDOUT:

2025-04-05 11:27:11,558 - ERROR - PURCHASE IMPORT STDERR:
C:\Users\keong\anaconda3\envs\flask_env\python.exe: can't find '__main__' module in 'C:\\Users\\keong\\Desktop\\IMTools\\IMtool\\IMtool app\\system_files\\Import'

2025-04-05 11:27:11,558 - INFO - PURCHASE IMPORT RETURN CODE: 1
2025-04-05 11:27:11,559 - INFO - 127.0.0.1 - - [05/Apr/2025 11:27:11] "POST /batch-import-stock HTTP/1.1" 200 -
2025-04-05 11:27:18,618 - INFO - kjunqiang@gmail.com successfully login at 2025-04-05 11:27:18.618210
2025-04-05 11:27:18,692 - INFO - Successfully selected data from konghin.stock.
2025-04-05 11:27:18,693 - INFO - Query: SELECT * FROM "konghin"."stock"
2025-04-05 11:27:18,707 - INFO - 127.0.0.1 - - [05/Apr/2025 11:27:18] "POST /login HTTP/1.1" 200 -
2025-04-05 11:27:18,731 - INFO - 127.0.0.1 - - [05/Apr/2025 11:27:18] "[36mGET /static/css/bootstrap/styles.css HTTP/1.1[0m" 304 -
2025-04-05 11:27:18,742 - INFO - 127.0.0.1 - - [05/Apr/2025 11:27:18] "[33mGET /static/js/bootstrap/scripts.js HTTP/1.1[0m" 404 -
2025-04-05 11:27:18,746 - INFO - 127.0.0.1 - - [05/Apr/2025 11:27:18] "[33mGET /static/js/datatables-demo.js HTTP/1.1[0m" 404 -
2025-04-05 11:27:18,747 - INFO - 127.0.0.1 - - [05/Apr/2025 11:27:18] "[33mGET /static/js/script.js HTTP/1.1[0m" 404 -
2025-04-05 11:27:26,386 - INFO -  * Detected change in 'C:\\Users\\keong\\Desktop\\IMTools\\IMtool\\IMtool app\\website\\Import.py', reloading
2025-04-05 11:27:26,470 - INFO -  * Restarting with stat
2025-04-05 11:27:28,006 - WARNING -  * Debugger is active!
2025-04-05 11:27:28,011 - INFO -  * Debugger PIN: 121-563-143
2025-04-05 11:27:35,705 - INFO - [31m[1mWARNING: This is a development server. Do not use it in a production deployment. Use a production WSGI server instead.[0m
 * Running on http://127.0.0.1:5000
2025-04-05 11:27:35,705 - INFO - [33mPress CTRL+C to quit[0m
2025-04-05 11:27:35,706 - INFO -  * Restarting with stat
2025-04-05 11:27:37,034 - WARNING -  * Debugger is active!
2025-04-05 11:27:37,038 - INFO -  * Debugger PIN: 121-563-143
2025-04-05 11:28:11,591 - INFO - 127.0.0.1 - - [05/Apr/2025 11:28:11] "GET / HTTP/1.1" 200 -
2025-04-05 11:28:11,748 - INFO - 127.0.0.1 - - [05/Apr/2025 11:28:11] "[36mGET /static/css/bootstrap/login_style.css HTTP/1.1[0m" 304 -
2025-04-05 11:28:20,438 - INFO - kjunqiang@gmail.com successfully login at 2025-04-05 11:28:20.438234
2025-04-05 11:28:20,547 - INFO - Successfully selected data from konghin.stock.
2025-04-05 11:28:20,547 - INFO - Query: SELECT * FROM "konghin"."stock"
2025-04-05 11:28:20,578 - INFO - 127.0.0.1 - - [05/Apr/2025 11:28:20] "POST /login HTTP/1.1" 200 -
2025-04-05 11:28:20,597 - INFO - 127.0.0.1 - - [05/Apr/2025 11:28:20] "[36mGET /static/css/bootstrap/styles.css HTTP/1.1[0m" 304 -
2025-04-05 11:28:20,669 - INFO - 127.0.0.1 - - [05/Apr/2025 11:28:20] "[33mGET /static/js/bootstrap/scripts.js HTTP/1.1[0m" 404 -
2025-04-05 11:28:20,679 - INFO - 127.0.0.1 - - [05/Apr/2025 11:28:20] "[33mGET /static/js/datatables-demo.js HTTP/1.1[0m" 404 -
2025-04-05 11:28:20,685 - INFO - 127.0.0.1 - - [05/Apr/2025 11:28:20] "[33mGET /static/js/script.js HTTP/1.1[0m" 404 -
2025-04-05 11:28:26,564 - INFO - PURCHASE IMPORT STDOUT:

2025-04-05 11:28:26,564 - ERROR - PURCHASE IMPORT STDERR:
C:\Users\keong\anaconda3\envs\flask_env\python.exe: can't find '__main__' module in 'C:\\Users\\keong\\Desktop\\IMTools\\IMtool\\IMtool app\\system_files\\Import'

2025-04-05 11:28:26,564 - INFO - PURCHASE IMPORT RETURN CODE: 1
2025-04-05 11:28:26,566 - INFO - 127.0.0.1 - - [05/Apr/2025 11:28:26] "POST /batch-import-stock HTTP/1.1" 200 -
2025-04-05 11:30:06,491 - INFO -  * Detected change in 'C:\\Users\\keong\\Desktop\\IMTools\\IMtool\\IMtool app\\website\\dictionary.py', reloading
2025-04-05 11:30:06,592 - INFO -  * Restarting with stat
2025-04-05 11:30:08,799 - WARNING -  * Debugger is active!
2025-04-05 11:30:08,804 - INFO -  * Debugger PIN: 121-563-143
2025-04-05 11:30:15,891 - INFO -  * Detected change in 'C:\\Users\\keong\\Desktop\\IMTools\\IMtool\\IMtool app\\website\\dictionary.py', reloading
2025-04-05 11:30:15,974 - INFO -  * Restarting with stat
2025-04-05 11:30:17,228 - WARNING -  * Debugger is active!
2025-04-05 11:30:17,233 - INFO -  * Debugger PIN: 121-563-143
2025-04-05 11:30:25,244 - INFO - kjunqiang@gmail.com successfully login at 2025-04-05 11:30:25.244082
2025-04-05 11:30:25,315 - INFO - Successfully selected data from konghin.stock.
2025-04-05 11:30:25,315 - INFO - Query: SELECT * FROM "konghin"."stock"
2025-04-05 11:30:25,354 - INFO - 127.0.0.1 - - [05/Apr/2025 11:30:25] "POST /login HTTP/1.1" 200 -
2025-04-05 11:30:25,491 - INFO - 127.0.0.1 - - [05/Apr/2025 11:30:25] "[33mGET /static/js/bootstrap/scripts.js HTTP/1.1[0m" 404 -
2025-04-05 11:30:25,569 - INFO - 127.0.0.1 - - [05/Apr/2025 11:30:25] "[33mGET /static/js/datatables-demo.js HTTP/1.1[0m" 404 -
2025-04-05 11:30:25,602 - INFO - 127.0.0.1 - - [05/Apr/2025 11:30:25] "[33mGET /static/js/script.js HTTP/1.1[0m" 404 -
2025-04-05 11:30:25,952 - INFO - 127.0.0.1 - - [05/Apr/2025 11:30:25] "[36mGET /static/css/bootstrap/styles.css HTTP/1.1[0m" 304 -
2025-04-05 11:30:35,961 - INFO - Starting import process...
2025-04-05 11:30:36,045 - INFO - Next value of sequence usr_id_seq: 100027
2025-04-05 11:30:36,069 - INFO - Next value of sequence usr_id_seq: 100028
2025-04-05 11:30:36,108 - INFO - Next value of sequence usr_id_seq: 100029
2025-04-05 11:30:36,149 - INFO - Successfully inserted data into konghin.users.
2025-04-05 11:30:36,149 - INFO - Query: INSERT INTO konghin.users (usr_id, usr_email, usr_password, usr_username) VALUES ('USR_100027','abcd@gmail.com', '1234567', 'abcd'),('USR_100028','efgh@gmail.com', 'abcdefg', 'efgh'),('USR_100029','ijkl@gmail.com', 'abcd1234', 'abcdefgh1234')
2025-04-05 11:30:36,180 - INFO - Imported and moved: 09_Aug_2024_test_xlsx.xlsx
2025-04-05 11:30:36,376 - INFO - Next value of sequence pur_id_seq: 100956
2025-04-05 11:30:36,399 - INFO - Next value of sequence pur_id_seq: 100957
2025-04-05 11:30:36,425 - INFO - Next value of sequence pur_id_seq: 100958
2025-04-05 11:30:36,451 - INFO - Next value of sequence pur_id_seq: 100959
2025-04-05 11:30:36,472 - INFO - Next value of sequence pur_id_seq: 100960
2025-04-05 11:30:36,495 - INFO - Next value of sequence pur_id_seq: 100961
2025-04-05 11:30:36,518 - INFO - Next value of sequence pur_id_seq: 100962
2025-04-05 11:30:36,561 - INFO - Successfully inserted data into konghin.purchase.
2025-04-05 11:30:36,562 - INFO - Query: INSERT INTO konghin.purchase (pur_id, pur_slm_id, pur_gold_cost, pur_labor_cost, pur_method, pur_official_invoice, pur_date, pur_billing_date, pur_weight, pur_invoice_no, pur_code, pur_payment_status) VALUES ('PUR_100956','SLM_100006', '128.0', '0', 'CASH', '1', '2011-01-01 00:00:00', '2011-01-01 00:00:00', '0', null, '0111MG', 'PAID'),('PUR_100957','SLM_100007', '127.5', '0', 'CASH', '1', '2011-01-01 00:00:00', '2011-01-01 00:00:00', '0', null, '0111SLG', 'PAID'),('PUR_100958','SLM_100008', '156.5', '0', 'CASH', '1', '2012-01-01 00:00:00', '2012-01-01 00:00:00', '0', null, '0112MH', 'PAID'),('PUR_100959','SLM_100009', '155.0', '0', 'CASH', '1', '2012-01-01 00:00:00', '2012-01-01 00:00:00', '0', null, '0112SH', 'PAID'),('PUR_100960','SLM_100007', '157.5', '0', 'CASH', '1', '2012-01-01 00:00:00', '2012-01-01 00:00:00', '0', null, '0112SLG', 'PAID'),('PUR_100961','SLM_100010', '157.0', '0', 'CASH', '1', '2012-01-01 00:00:00', '2012-01-01 00:00:00', '0', null, '0112YX', 'PAID'),('PUR_100962','SLM_100011', '155.0', '0', 'CASH', '1', '2013-01-01 00:00:00', '2013-01-01 00:00:00', '0', null, '0113GBT', 'PAID')
2025-04-05 11:30:36,601 - INFO - Next value of sequence pur_id_seq: 100963
2025-04-05 11:30:36,623 - INFO - Next value of sequence pur_id_seq: 100964
2025-04-05 11:30:36,645 - INFO - Next value of sequence pur_id_seq: 100965
2025-04-05 11:30:36,675 - INFO - Next value of sequence pur_id_seq: 100966
2025-04-05 11:30:36,697 - INFO - Next value of sequence pur_id_seq: 100967
2025-04-05 11:30:36,723 - INFO - Next value of sequence pur_id_seq: 100968
2025-04-05 11:30:36,763 - INFO - Next value of sequence pur_id_seq: 100969
2025-04-05 11:30:36,821 - INFO - Successfully inserted data into konghin.purchase.
2025-04-05 11:30:36,821 - INFO - Query: INSERT INTO konghin.purchase (pur_id, pur_slm_id, pur_gold_cost, pur_labor_cost, pur_method, pur_official_invoice, pur_date, pur_billing_date, pur_weight, pur_invoice_no, pur_code, pur_payment_status) VALUES ('PUR_100963','SLM_100007', '157.0', '0', 'CASH', '1', '2013-01-01 00:00:00', '2013-01-01 00:00:00', '0', null, '0113SLG', 'PAID'),('PUR_100964','SLM_100010', '152.5', '0', 'CASH', '1', '2013-01-01 00:00:00', '2013-01-01 00:00:00', '0', null, '0113YX', 'PAID'),('PUR_100965','SLM_100012', '123.0', '0', 'CASH', '1', '2014-01-01 00:00:00', '2014-01-01 00:00:00', '0', null, '0114MGI', 'PAID'),('PUR_100966','SLM_100007', '123.5', '0', 'CASH', '1', '2014-01-01 00:00:00', '2014-01-01 00:00:00', '0', null, '0114SLG', 'PAID'),('PUR_100967','SLM_100010', '124.0', '0', 'CASH', '1', '2014-01-01 00:00:00', '2014-01-01 00:00:00', '0', null, '0114YX', 'PAID'),('PUR_100968','SLM_100013', '131.2', '0', 'CASH', '1', '2015-01-01 00:00:00', '2015-01-01 00:00:00', '0', null, '0115DE', 'PAID'),('PUR_100969','SLM_100014', '140.8', '0', 'CASH', '1', '2015-01-01 00:00:00', '2015-01-01 00:00:00', '0', null, '0115FS', 'PAID')
2025-04-05 11:30:36,861 - INFO - Next value of sequence pur_id_seq: 100970
2025-04-05 11:30:36,884 - INFO - Next value of sequence pur_id_seq: 100971
2025-04-05 11:30:36,907 - INFO - Next value of sequence pur_id_seq: 100972
2025-04-05 11:30:36,928 - INFO - Next value of sequence pur_id_seq: 100973
2025-04-05 11:30:36,950 - INFO - Next value of sequence pur_id_seq: 100974
2025-04-05 11:30:36,972 - INFO - Next value of sequence pur_id_seq: 100975
2025-04-05 11:30:36,993 - INFO - Next value of sequence pur_id_seq: 100976
2025-04-05 11:30:37,036 - INFO - Successfully inserted data into konghin.purchase.
2025-04-05 11:30:37,036 - INFO - Query: INSERT INTO konghin.purchase (pur_id, pur_slm_id, pur_gold_cost, pur_labor_cost, pur_method, pur_official_invoice, pur_date, pur_billing_date, pur_weight, pur_invoice_no, pur_code, pur_payment_status) VALUES ('PUR_100970','SLM_100011', '141.6', '0', 'CASH', '1', '2015-01-01 00:00:00', '2015-01-01 00:00:00', '0', null, '0115GBT', 'PAID'),('PUR_100971','SLM_100012', '129.8', '0', 'CASH', '1', '2015-01-01 00:00:00', '2015-01-01 00:00:00', '0', null, '0115MGI', 'PAID'),('PUR_100972','SLM_100007', '134.0', '0', 'CASH', '1', '2015-01-01 00:00:00', '2015-01-01 00:00:00', '0', null, '0115SLG', 'PAID'),('PUR_100973','SLM_100010', '135.0', '0', 'CASH', '1', '2015-01-01 00:00:00', '2015-01-01 00:00:00', '0', null, '0115YX', 'PAID'),('PUR_100974','SLM_100011', '144.8', '0', 'CASH', '1', '2016-01-01 00:00:00', '2016-01-01 00:00:00', '0', null, '0116GBT', 'PAID'),('PUR_100975','SLM_100012', '144.0', '0', 'CASH', '1', '2016-01-01 00:00:00', '2016-01-01 00:00:00', '0', null, '0116MGI', 'PAID'),('PUR_100976','SLM_100007', '148.05', '0', 'CASH', '1', '2016-01-01 00:00:00', '2016-01-01 00:00:00', '0', null, '0116SLG', 'PAID')
2025-04-05 11:30:37,085 - INFO - Next value of sequence pur_id_seq: 100977
2025-04-05 11:30:37,108 - INFO - Next value of sequence pur_id_seq: 100978
2025-04-05 11:30:37,132 - INFO - Next value of sequence pur_id_seq: 100979
2025-04-05 11:30:37,155 - INFO - Next value of sequence pur_id_seq: 100980
2025-04-05 11:30:37,178 - INFO - Next value of sequence pur_id_seq: 100981
2025-04-05 11:30:37,207 - INFO - Next value of sequence pur_id_seq: 100982
2025-04-05 11:30:37,231 - INFO - Next value of sequence pur_id_seq: 100983
2025-04-05 11:30:37,280 - INFO - Successfully inserted data into konghin.purchase.
2025-04-05 11:30:37,281 - INFO - Query: INSERT INTO konghin.purchase (pur_id, pur_slm_id, pur_gold_cost, pur_labor_cost, pur_method, pur_official_invoice, pur_date, pur_billing_date, pur_weight, pur_invoice_no, pur_code, pur_payment_status) VALUES ('PUR_100977','SLM_100015', '144.3', '0', 'CASH', '1', '2016-01-01 00:00:00', '2016-01-01 00:00:00', '0', null, '0116YF', 'PAID'),('PUR_100978','SLM_100010', '140.6', '0', 'CASH', '1', '2016-01-01 00:00:00', '2016-01-01 00:00:00', '0', null, '0116YX', 'PAID'),('PUR_100979','SLM_100013', '164.2', '0', 'CASH', '1', '2017-01-01 00:00:00', '2017-01-01 00:00:00', '0', null, '0117DE', 'PAID'),('PUR_100980','SLM_100016', '156.2', '0', 'CASH', '1', '2017-01-01 00:00:00', '2017-01-01 00:00:00', '0', null, '0117HL', 'PAID'),('PUR_100981','SLM_100012', '159.5', '0', 'CASH', '1', '2017-01-01 00:00:00', '2017-01-01 00:00:00', '0', null, '0117MGI', 'PAID'),('PUR_100982','SLM_100007', '163.9', '0', 'CASH', '1', '2017-01-01 00:00:00', '2017-01-01 00:00:00', '0', null, '0117SLG', 'PAID'),('PUR_100983','SLM_100017', '162.6', '0', 'CASH', '1', '2017-01-01 00:00:00', '2017-01-01 00:00:00', '0', null, '0117XW', 'PAID')
2025-04-05 11:30:37,329 - INFO - Next value of sequence pur_id_seq: 100984
2025-04-05 11:30:37,355 - INFO - Next value of sequence pur_id_seq: 100985
2025-04-05 11:30:37,377 - INFO - Next value of sequence pur_id_seq: 100986
2025-04-05 11:30:37,400 - INFO - Next value of sequence pur_id_seq: 100987
2025-04-05 11:30:37,431 - INFO - Next value of sequence pur_id_seq: 100988
2025-04-05 11:30:37,466 - INFO - Next value of sequence pur_id_seq: 100989
2025-04-05 11:30:37,495 - INFO - Next value of sequence pur_id_seq: 100990
2025-04-05 11:30:37,543 - INFO - Successfully inserted data into konghin.purchase.
2025-04-05 11:30:37,543 - INFO - Query: INSERT INTO konghin.purchase (pur_id, pur_slm_id, pur_gold_cost, pur_labor_cost, pur_method, pur_official_invoice, pur_date, pur_billing_date, pur_weight, pur_invoice_no, pur_code, pur_payment_status) VALUES ('PUR_100984','SLM_100010', '163.6', '0', 'CASH', '1', '2017-01-01 00:00:00', '2017-01-01 00:00:00', '0', null, '0117YX', 'PAID'),('PUR_100985','SLM_100013', '159.4', '0', 'CASH', '1', '2018-01-01 00:00:00', '2018-01-01 00:00:00', '0', null, '0118DE', 'PAID'),('PUR_100986','SLM_100007', '160.9', '0', 'CASH', '1', '2018-01-01 00:00:00', '2018-01-01 00:00:00', '0', null, '0118SLG', 'PAID'),('PUR_100987','SLM_100017', '158.6', '0', 'CASH', '1', '2018-01-01 00:00:00', '2018-01-01 00:00:00', '0', null, '0118XW', 'PAID'),('PUR_100988','SLM_100015', '159.7', '0', 'CASH', '1', '2018-01-01 00:00:00', '2018-01-01 00:00:00', '0', null, '0118YF', 'PAID'),('PUR_100989','SLM_100018', '160.5', '0', 'CASH', '1', '2018-01-01 00:00:00', '2018-01-01 00:00:00', '0', null, '0118YM', 'PAID'),('PUR_100990','SLM_100010', '159.1', '0', 'CASH', '1', '2018-01-01 00:00:00', '2018-01-01 00:00:00', '0', null, '0118YX', 'PAID')
2025-04-05 11:30:37,583 - INFO - Next value of sequence pur_id_seq: 100991
2025-04-05 11:30:37,605 - INFO - Next value of sequence pur_id_seq: 100992
2025-04-05 11:30:37,628 - INFO - Next value of sequence pur_id_seq: 100993
2025-04-05 11:30:37,656 - INFO - Next value of sequence pur_id_seq: 100994
2025-04-05 11:30:37,680 - INFO - Next value of sequence pur_id_seq: 100995
2025-04-05 11:30:37,702 - INFO - Next value of sequence pur_id_seq: 100996
2025-04-05 11:30:37,723 - INFO - Next value of sequence pur_id_seq: 100997
2025-04-05 11:30:37,768 - INFO - Successfully inserted data into konghin.purchase.
2025-04-05 11:30:37,768 - INFO - Query: INSERT INTO konghin.purchase (pur_id, pur_slm_id, pur_gold_cost, pur_labor_cost, pur_method, pur_official_invoice, pur_date, pur_billing_date, pur_weight, pur_invoice_no, pur_code, pur_payment_status) VALUES ('PUR_100991','SLM_100011', '161.53', '0', 'CASH', '1', '2019-01-01 00:00:00', '2019-01-01 00:00:00', '0', null, '0119GBT', 'PAID'),('PUR_100992','SLM_100007', '161.98', '0', 'CASH', '1', '2019-01-01 00:00:00', '2019-01-01 00:00:00', '0', null, '0119SLG', 'PAID'),('PUR_100993','SLM_100017', '160.71', '0', 'CASH', '1', '2019-01-01 00:00:00', '2019-01-01 00:00:00', '0', null, '0119XW', 'PAID'),('PUR_100994','SLM_100018', '160.03', '0', 'CASH', '1', '2019-01-01 00:00:00', '2019-01-01 00:00:00', '0', null, '0119YM', 'PAID'),('PUR_100995','SLM_100010', '163.54', '0', 'CASH', '1', '2019-01-01 00:00:00', '2019-01-01 00:00:00', '0', null, '0119YX', 'PAID'),('PUR_100996','SLM_100011', '191.64', '0', 'CASH', '1', '2020-01-01 00:00:00', '2020-01-01 00:00:00', '0', null, '0120GBT', 'PAID'),('PUR_100997','SLM_100019', '191.69', '0', 'CASH', '1', '2020-01-01 00:00:00', '2020-01-01 00:00:00', '0', null, '0120LUX', 'PAID')
2025-04-05 11:30:37,809 - INFO - Next value of sequence pur_id_seq: 100998
2025-04-05 11:30:37,830 - INFO - Next value of sequence pur_id_seq: 100999
2025-04-05 11:30:37,854 - INFO - Next value of sequence pur_id_seq: 101000
2025-04-05 11:30:37,876 - INFO - Next value of sequence pur_id_seq: 101001
2025-04-05 11:30:37,904 - INFO - Next value of sequence pur_id_seq: 101002
2025-04-05 11:30:37,926 - INFO - Next value of sequence pur_id_seq: 101003
2025-04-05 11:30:37,948 - INFO - Next value of sequence pur_id_seq: 101004
2025-04-05 11:30:37,993 - INFO - Successfully inserted data into konghin.purchase.
2025-04-05 11:30:37,993 - INFO - Query: INSERT INTO konghin.purchase (pur_id, pur_slm_id, pur_gold_cost, pur_labor_cost, pur_method, pur_official_invoice, pur_date, pur_billing_date, pur_weight, pur_invoice_no, pur_code, pur_payment_status) VALUES ('PUR_100998','SLM_100007', '197.0', '0', 'CASH', '1', '2020-01-01 00:00:00', '2020-01-01 00:00:00', '0', null, '0120SLG', 'PAID'),('PUR_100999','SLM_100015', '193.32', '0', 'CASH', '1', '2020-01-01 00:00:00', '2020-01-01 00:00:00', '0', null, '0120YF', 'PAID'),('PUR_101000','SLM_100010', '197.74', '0', 'CASH', '1', '2020-01-01 00:00:00', '2020-01-01 00:00:00', '0', null, '0120YX', 'PAID'),('PUR_101001','SLM_100020', '229.54', '0', 'CASH', '1', '2021-01-01 00:00:00', '2021-01-01 00:00:00', '0', null, '0121JJT', 'PAID'),('PUR_101002','SLM_100007', '234.04', '0', 'CASH', '1', '2021-01-01 00:00:00', '2021-01-01 00:00:00', '0', null, '0121SLG', 'PAID'),('PUR_101003','SLM_100018', '225.39', '0', 'CASH', '1', '2021-01-01 00:00:00', '2021-01-01 00:00:00', '0', null, '0121YM', 'PAID'),('PUR_101004','SLM_100010', '226.84', '0', 'CASH', '1', '2021-01-01 00:00:00', '2021-01-01 00:00:00', '0', null, '0121YX', 'PAID')
2025-04-05 11:30:38,042 - INFO - Next value of sequence pur_id_seq: 101005
2025-04-05 11:30:38,070 - INFO - Next value of sequence pur_id_seq: 101006
2025-04-05 11:30:38,092 - INFO - Next value of sequence pur_id_seq: 101007
2025-04-05 11:30:38,112 - INFO - Next value of sequence pur_id_seq: 101008
2025-04-05 11:30:38,134 - INFO - Next value of sequence pur_id_seq: 101009
2025-04-05 11:30:38,157 - INFO - Next value of sequence pur_id_seq: 101010
2025-04-05 11:30:38,179 - INFO - Next value of sequence pur_id_seq: 101011
2025-04-05 11:30:38,233 - INFO - Successfully inserted data into konghin.purchase.
2025-04-05 11:30:38,233 - INFO - Query: INSERT INTO konghin.purchase (pur_id, pur_slm_id, pur_gold_cost, pur_labor_cost, pur_method, pur_official_invoice, pur_date, pur_billing_date, pur_weight, pur_invoice_no, pur_code, pur_payment_status) VALUES ('PUR_101005','SLM_100020', '228.43', '0', 'CASH', '1', '2022-01-01 00:00:00', '2022-01-01 00:00:00', '0', null, '0122JJT', 'PAID'),('PUR_101006','SLM_100019', '229.18', '0', 'CASH', '1', '2022-01-01 00:00:00', '2022-01-01 00:00:00', '0', null, '0122LUX', 'PAID'),('PUR_101007','SLM_100007', '232.21', '0', 'CASH', '1', '2022-01-01 00:00:00', '2022-01-01 00:00:00', '0', null, '0122SLG', 'PAID'),('PUR_101008','SLM_100015', '229.34', '0', 'CASH', '1', '2022-01-01 00:00:00', '2022-01-01 00:00:00', '0', null, '0122YF', 'PAID'),('PUR_101009','SLM_100018', '228.38', '0', 'CASH', '1', '2022-01-01 00:00:00', '2022-01-01 00:00:00', '0', null, '0122YM', 'PAID'),('PUR_101010','SLM_100010', '231.19', '0', 'CASH', '1', '2022-01-01 00:00:00', '2022-01-01 00:00:00', '0', null, '0122YX', 'PAID'),('PUR_101011','SLM_100021', '246.12', '0', 'CASH', '1', '2023-01-01 00:00:00', '2023-01-01 00:00:00', '0', null, '0123HJ', 'PAID')
2025-04-05 11:30:38,321 - INFO - Next value of sequence pur_id_seq: 101012
2025-04-05 11:30:38,342 - INFO - Next value of sequence pur_id_seq: 101013
2025-04-05 11:30:38,399 - INFO - Next value of sequence pur_id_seq: 101014
2025-04-05 11:30:38,421 - INFO - Next value of sequence pur_id_seq: 101015
2025-04-05 11:30:38,446 - INFO - Next value of sequence pur_id_seq: 101016
2025-04-05 11:30:38,477 - INFO - Next value of sequence pur_id_seq: 101017
2025-04-05 11:30:38,499 - INFO - Next value of sequence pur_id_seq: 101018
2025-04-05 11:30:38,542 - INFO - Successfully inserted data into konghin.purchase.
2025-04-05 11:30:38,542 - INFO - Query: INSERT INTO konghin.purchase (pur_id, pur_slm_id, pur_gold_cost, pur_labor_cost, pur_method, pur_official_invoice, pur_date, pur_billing_date, pur_weight, pur_invoice_no, pur_code, pur_payment_status) VALUES ('PUR_101012','SLM_100020', '247.06', '0', 'CASH', '1', '2023-01-01 00:00:00', '2023-01-01 00:00:00', '0', null, '0123JJT', 'PAID'),('PUR_101013','SLM_100019', '243.78', '0', 'CASH', '1', '2023-01-01 00:00:00', '2023-01-01 00:00:00', '0', null, '0123LUX', 'PAID'),('PUR_101014','SLM_100022', '248.34', '0', 'CASH', '1', '2023-01-01 00:00:00', '2023-01-01 00:00:00', '0', null, '0123RB', 'PAID'),('PUR_101015','SLM_100007', '246.41', '0', 'CASH', '1', '2023-01-01 00:00:00', '2023-01-01 00:00:00', '0', null, '0123SLG', 'PAID'),('PUR_101016','SLM_100018', '245.75', '0', 'CASH', '1', '2023-01-01 00:00:00', '2023-01-01 00:00:00', '0', null, '0123YM', 'PAID'),('PUR_101017','SLM_100023', '287.63', '0', 'CASH', '1', '2024-01-01 00:00:00', '2024-01-01 00:00:00', '0', null, '0124CJ', 'PAID'),('PUR_101018','SLM_100020', '289.0', '0', 'CASH', '1', '2024-01-01 00:00:00', '2024-01-01 00:00:00', '0', null, '0124JJT', 'PAID')
2025-04-05 11:30:38,582 - INFO - Next value of sequence pur_id_seq: 101019
2025-04-05 11:30:38,611 - INFO - Next value of sequence pur_id_seq: 101020
2025-04-05 11:30:38,642 - INFO - Next value of sequence pur_id_seq: 101021
2025-04-05 11:30:38,665 - INFO - Next value of sequence pur_id_seq: 101022
2025-04-05 11:30:38,692 - INFO - Next value of sequence pur_id_seq: 101023
2025-04-05 11:30:38,714 - INFO - Next value of sequence pur_id_seq: 101024
2025-04-05 11:30:38,756 - INFO - Next value of sequence pur_id_seq: 101025
2025-04-05 11:30:38,805 - INFO - Successfully inserted data into konghin.purchase.
2025-04-05 11:30:38,805 - INFO - Query: INSERT INTO konghin.purchase (pur_id, pur_slm_id, pur_gold_cost, pur_labor_cost, pur_method, pur_official_invoice, pur_date, pur_billing_date, pur_weight, pur_invoice_no, pur_code, pur_payment_status) VALUES ('PUR_101019','SLM_100024', '288.88', '0', 'CASH', '1', '2024-01-01 00:00:00', '2024-01-01 00:00:00', '0', null, '0124SF', 'PAID'),('PUR_101020','SLM_100007', '286.97', '0', 'CASH', '1', '2024-01-01 00:00:00', '2024-01-01 00:00:00', '0', null, '0124SLG', 'PAID'),('PUR_101021','SLM_100025', '286.29', '0', 'CASH', '1', '2024-01-01 00:00:00', '2024-01-01 00:00:00', '0', null, '0124TC', 'PAID'),('PUR_101022','SLM_100026', '284.62', '0', 'CASH', '1', '2024-01-01 00:00:00', '2024-01-01 00:00:00', '0', null, '0124WX', 'PAID'),('PUR_101023','SLM_100017', '289.76', '0', 'CASH', '1', '2024-01-01 00:00:00', '2024-01-01 00:00:00', '0', null, '0124XW', 'PAID'),('PUR_101024','SLM_100015', '287.75', '0', 'CASH', '1', '2024-01-01 00:00:00', '2024-01-01 00:00:00', '0', null, '0124YF', 'PAID'),('PUR_101025','SLM_100010', '289.39', '0', 'CASH', '1', '2024-01-01 00:00:00', '2024-01-01 00:00:00', '0', null, '0124YX', 'PAID')
2025-04-05 11:30:38,847 - INFO - Next value of sequence pur_id_seq: 101026
2025-04-05 11:30:38,869 - INFO - Next value of sequence pur_id_seq: 101027
2025-04-05 11:30:38,892 - INFO - Next value of sequence pur_id_seq: 101028
2025-04-05 11:30:38,914 - INFO - Next value of sequence pur_id_seq: 101029
2025-04-05 11:30:38,941 - INFO - Next value of sequence pur_id_seq: 101030
2025-04-05 11:30:38,963 - INFO - Next value of sequence pur_id_seq: 101031
2025-04-05 11:30:38,986 - INFO - Next value of sequence pur_id_seq: 101032
2025-04-05 11:30:39,031 - INFO - Successfully inserted data into konghin.purchase.
2025-04-05 11:30:39,031 - INFO - Query: INSERT INTO konghin.purchase (pur_id, pur_slm_id, pur_gold_cost, pur_labor_cost, pur_method, pur_official_invoice, pur_date, pur_billing_date, pur_weight, pur_invoice_no, pur_code, pur_payment_status) VALUES ('PUR_101026','SLM_100027', '358.4', '0', 'CASH', '1', '2025-01-01 00:00:00', '2025-01-01 00:00:00', '0', null, '0125CJ7', 'PAID'),('PUR_101027','SLM_100020', '359.95', '0', 'CASH', '1', '2025-01-01 00:00:00', '2025-01-01 00:00:00', '0', null, '0125JJT', 'PAID'),('PUR_101028','SLM_100007', '368.46', '0', 'CASH', '1', '2025-01-01 00:00:00', '2025-01-01 00:00:00', '0', null, '0125SLG', 'PAID'),('PUR_101029','SLM_100018', '362.71', '0', 'CASH', '1', '2025-01-01 00:00:00', '2025-01-01 00:00:00', '0', null, '0125YM', 'PAID'),('PUR_101030','SLM_100010', '367.76', '0', 'CASH', '1', '2025-01-01 00:00:00', '2025-01-01 00:00:00', '0', null, '0125YX', 'PAID'),('PUR_101031','SLM_100015', '189.71', '0', 'CASH', '1', '1991-01-01 00:00:00', '1991-01-01 00:00:00', '0', null, '0191YF', 'PAID'),('PUR_101032','SLM_100008', '127.0', '0', 'CASH', '1', '2011-02-01 00:00:00', '2011-02-01 00:00:00', '0', null, '0211MH', 'PAID')
2025-04-05 11:30:39,074 - INFO - Next value of sequence pur_id_seq: 101033
2025-04-05 11:30:39,096 - INFO - Next value of sequence pur_id_seq: 101034
2025-04-05 11:30:39,118 - INFO - Next value of sequence pur_id_seq: 101035
2025-04-05 11:30:39,138 - INFO - Next value of sequence pur_id_seq: 101036
2025-04-05 11:30:39,160 - INFO - Next value of sequence pur_id_seq: 101037
2025-04-05 11:30:39,182 - INFO - Next value of sequence pur_id_seq: 101038
2025-04-05 11:30:39,205 - INFO - Next value of sequence pur_id_seq: 101039
2025-04-05 11:30:39,257 - INFO - Successfully inserted data into konghin.purchase.
2025-04-05 11:30:39,257 - INFO - Query: INSERT INTO konghin.purchase (pur_id, pur_slm_id, pur_gold_cost, pur_labor_cost, pur_method, pur_official_invoice, pur_date, pur_billing_date, pur_weight, pur_invoice_no, pur_code, pur_payment_status) VALUES ('PUR_101033','SLM_100007', '125.5', '0', 'CASH', '1', '2011-02-01 00:00:00', '2011-02-01 00:00:00', '0', null, '0211SLG', 'PAID'),('PUR_101034','SLM_100011', '153.5', '0', 'CASH', '1', '2012-02-01 00:00:00', '2012-02-01 00:00:00', '0', null, '0212GBT', 'PAID'),('PUR_101035','SLM_100028', '158.5', '0', 'CASH', '1', '2012-02-01 00:00:00', '2012-02-01 00:00:00', '0', null, '0212KJS', 'PAID'),('PUR_101036','SLM_100008', '159.5', '0', 'CASH', '1', '2012-02-01 00:00:00', '2012-02-01 00:00:00', '0', null, '0212MH', 'PAID'),('PUR_101037','SLM_100009', '161.0', '0', 'CASH', '1', '2012-02-01 00:00:00', '2012-02-01 00:00:00', '0', null, '0212SH', 'PAID'),('PUR_101038','SLM_100007', '162.0', '0', 'CASH', '1', '2012-02-01 00:00:00', '2012-02-01 00:00:00', '0', null, '0212SLG', 'PAID'),('PUR_101039','SLM_100010', '162.5', '0', 'CASH', '1', '2012-02-01 00:00:00', '2012-02-01 00:00:00', '0', null, '0212YX', 'PAID')
2025-04-05 11:30:39,321 - INFO - Next value of sequence pur_id_seq: 101040
2025-04-05 11:30:39,344 - INFO - Next value of sequence pur_id_seq: 101041
2025-04-05 11:30:39,364 - INFO - Next value of sequence pur_id_seq: 101042
2025-04-05 11:30:39,391 - INFO - Next value of sequence pur_id_seq: 101043
2025-04-05 11:30:39,421 - INFO - Next value of sequence pur_id_seq: 101044
2025-04-05 11:30:39,444 - INFO - Next value of sequence pur_id_seq: 101045
2025-04-05 11:30:39,469 - INFO - Next value of sequence pur_id_seq: 101046
2025-04-05 11:30:39,514 - INFO - Successfully inserted data into konghin.purchase.
2025-04-05 11:30:39,514 - INFO - Query: INSERT INTO konghin.purchase (pur_id, pur_slm_id, pur_gold_cost, pur_labor_cost, pur_method, pur_official_invoice, pur_date, pur_billing_date, pur_weight, pur_invoice_no, pur_code, pur_payment_status) VALUES ('PUR_101040','SLM_100029', '132.5', '0', 'CASH', '1', '2014-02-01 00:00:00', '2014-02-01 00:00:00', '0', null, '0214KP', 'PAID'),('PUR_101041','SLM_100012', '127.0', '0', 'CASH', '1', '2014-02-01 00:00:00', '2014-02-01 00:00:00', '0', null, '0214MGI', 'PAID'),('PUR_101042','SLM_100007', '131.5', '0', 'CASH', '1', '2014-02-01 00:00:00', '2014-02-01 00:00:00', '0', null, '0214SLG', 'PAID'),('PUR_101043','SLM_100010', '132.0', '0', 'CASH', '1', '2014-02-01 00:00:00', '2014-02-01 00:00:00', '0', null, '0214YX', 'PAID'),('PUR_101044','SLM_100013', '136.5', '0', 'CASH', '1', '2015-02-01 00:00:00', '2015-02-01 00:00:00', '0', null, '0215DE', 'PAID'),('PUR_101045','SLM_100012', '137.0', '0', 'CASH', '1', '2015-02-01 00:00:00', '2015-02-01 00:00:00', '0', null, '0215MGI', 'PAID'),('PUR_101046','SLM_100007', '136.8', '0', 'CASH', '1', '2015-02-01 00:00:00', '2015-02-01 00:00:00', '0', null, '0215SLG', 'PAID')
2025-04-05 11:30:39,566 - INFO - Next value of sequence pur_id_seq: 101047
2025-04-05 11:30:39,590 - INFO - Next value of sequence pur_id_seq: 101048
2025-04-05 11:30:39,612 - INFO - Next value of sequence pur_id_seq: 101049
2025-04-05 11:30:39,635 - INFO - Next value of sequence pur_id_seq: 101050
2025-04-05 11:30:39,655 - INFO - Next value of sequence pur_id_seq: 101051
2025-04-05 11:30:39,676 - INFO - Next value of sequence pur_id_seq: 101052
2025-04-05 11:30:39,716 - INFO - Next value of sequence pur_id_seq: 101053
2025-04-05 11:30:39,776 - INFO - Successfully inserted data into konghin.purchase.
2025-04-05 11:30:39,777 - INFO - Query: INSERT INTO konghin.purchase (pur_id, pur_slm_id, pur_gold_cost, pur_labor_cost, pur_method, pur_official_invoice, pur_date, pur_billing_date, pur_weight, pur_invoice_no, pur_code, pur_payment_status) VALUES ('PUR_101047','SLM_100013', '143.7', '0', 'CASH', '1', '2016-02-01 00:00:00', '2016-02-01 00:00:00', '0', null, '0216DE', 'PAID'),('PUR_101048','SLM_100011', '158.7', '0', 'CASH', '1', '2016-02-01 00:00:00', '2016-02-01 00:00:00', '0', null, '0216GBT', 'PAID'),('PUR_101049','SLM_100012', '157.9', '0', 'CASH', '1', '2016-02-01 00:00:00', '2016-02-01 00:00:00', '0', null, '0216MGI', 'PAID'),('PUR_101050','SLM_100007', '144.8', '0', 'CASH', '1', '2016-02-01 00:00:00', '2016-02-01 00:00:00', '0', null, '0216SLG', 'PAID'),('PUR_101051','SLM_100012', '166.2', '0', 'CASH', '1', '2017-02-01 00:00:00', '2017-02-01 00:00:00', '0', null, '0217MGI', 'PAID'),('PUR_101052','SLM_100007', '165.4', '0', 'CASH', '1', '2017-02-01 00:00:00', '2017-02-01 00:00:00', '0', null, '0217SLG', 'PAID'),('PUR_101053','SLM_100007', '160.0', '0', 'CASH', '1', '2018-02-01 00:00:00', '2018-02-01 00:00:00', '0', null, '0218SLG', 'PAID')
2025-04-05 11:30:39,821 - INFO - Next value of sequence pur_id_seq: 101054
2025-04-05 11:30:39,850 - INFO - Next value of sequence pur_id_seq: 101055
2025-04-05 11:30:39,875 - INFO - Next value of sequence pur_id_seq: 101056
2025-04-05 11:30:39,902 - INFO - Next value of sequence pur_id_seq: 101057
2025-04-05 11:30:39,931 - INFO - Next value of sequence pur_id_seq: 101058
2025-04-05 11:30:39,960 - INFO - Next value of sequence pur_id_seq: 101059
2025-04-05 11:30:39,982 - INFO - Next value of sequence pur_id_seq: 101060
2025-04-05 11:30:40,031 - INFO - Successfully inserted data into konghin.purchase.
2025-04-05 11:30:40,031 - INFO - Query: INSERT INTO konghin.purchase (pur_id, pur_slm_id, pur_gold_cost, pur_labor_cost, pur_method, pur_official_invoice, pur_date, pur_billing_date, pur_weight, pur_invoice_no, pur_code, pur_payment_status) VALUES ('PUR_101054','SLM_100018', '157.8', '0', 'CASH', '1', '2018-02-01 00:00:00', '2018-02-01 00:00:00', '0', null, '0218YM', 'PAID'),('PUR_101055','SLM_100030', '162.8', '0', 'CASH', '1', '2019-02-01 00:00:00', '2019-02-01 00:00:00', '0', null, '0219KF', 'PAID'),('PUR_101056','SLM_100007', '162.18', '0', 'CASH', '1', '2019-02-01 00:00:00', '2019-02-01 00:00:00', '0', null, '0219SLG', 'PAID'),('PUR_101057','SLM_100017', '164.72', '0', 'CASH', '1', '2019-02-01 00:00:00', '2019-02-01 00:00:00', '0', null, '0219XW', 'PAID'),('PUR_101058','SLM_100018', '165.3', '0', 'CASH', '1', '2019-02-01 00:00:00', '2019-02-01 00:00:00', '0', null, '0219YM', 'PAID'),('PUR_101059','SLM_100031', '210.07', '0', 'CASH', '1', '2020-02-01 00:00:00', '2020-02-01 00:00:00', '0', null, '0220MK', 'PAID'),('PUR_101060','SLM_100007', '198.25', '0', 'CASH', '1', '2020-02-01 00:00:00', '2020-02-01 00:00:00', '0', null, '0220SLG', 'PAID')
2025-04-05 11:30:40,078 - INFO - Next value of sequence pur_id_seq: 101061
2025-04-05 11:30:40,109 - INFO - Next value of sequence pur_id_seq: 101062
2025-04-05 11:30:40,137 - INFO - Next value of sequence pur_id_seq: 101063
2025-04-05 11:30:40,162 - INFO - Next value of sequence pur_id_seq: 101064
2025-04-05 11:30:40,184 - INFO - Next value of sequence pur_id_seq: 101065
2025-04-05 11:30:40,208 - INFO - Next value of sequence pur_id_seq: 101066
2025-04-05 11:30:40,240 - INFO - Next value of sequence pur_id_seq: 101067
2025-04-05 11:30:40,283 - INFO - Successfully inserted data into konghin.purchase.
2025-04-05 11:30:40,283 - INFO - Query: INSERT INTO konghin.purchase (pur_id, pur_slm_id, pur_gold_cost, pur_labor_cost, pur_method, pur_official_invoice, pur_date, pur_billing_date, pur_weight, pur_invoice_no, pur_code, pur_payment_status) VALUES ('PUR_101061','SLM_100017', '209.76', '0', 'CASH', '1', '2020-02-01 00:00:00', '2020-02-01 00:00:00', '0', null, '0220XW', 'PAID'),('PUR_101062','SLM_100018', '203.8', '0', 'CASH', '1', '2020-02-01 00:00:00', '2020-02-01 00:00:00', '0', null, '0220YM', 'PAID'),('PUR_101063','SLM_100007', '219.4', '0', 'CASH', '1', '2021-02-01 00:00:00', '2021-02-01 00:00:00', '0', null, '0221SLG', 'PAID'),('PUR_101064','SLM_100018', '223.28', '0', 'CASH', '1', '2021-02-01 00:00:00', '2021-02-01 00:00:00', '0', null, '0221YM', 'PAID'),('PUR_101065','SLM_100020', '234.39', '0', 'CASH', '1', '2022-02-01 00:00:00', '2022-02-01 00:00:00', '0', null, '0222JJT', 'PAID'),('PUR_101066','SLM_100032', '238.87', '0', 'CASH', '1', '2022-02-01 00:00:00', '2022-02-01 00:00:00', '0', null, '0222OT', 'PAID'),('PUR_101067','SLM_100007', '233.41', '0', 'CASH', '1', '2022-02-01 00:00:00', '2022-02-01 00:00:00', '0', null, '0222SLG', 'PAID')
2025-04-05 11:30:40,348 - INFO - Next value of sequence pur_id_seq: 101068
2025-04-05 11:30:40,372 - INFO - Next value of sequence pur_id_seq: 101069
2025-04-05 11:30:40,411 - INFO - Next value of sequence pur_id_seq: 101070
2025-04-05 11:30:40,434 - INFO - Next value of sequence pur_id_seq: 101071
2025-04-05 11:30:40,464 - INFO - Next value of sequence pur_id_seq: 101072
2025-04-05 11:30:40,487 - INFO - Next value of sequence pur_id_seq: 101073
2025-04-05 11:30:40,516 - INFO - Next value of sequence pur_id_seq: 101074
2025-04-05 11:30:40,558 - INFO - Successfully inserted data into konghin.purchase.
2025-04-05 11:30:40,558 - INFO - Query: INSERT INTO konghin.purchase (pur_id, pur_slm_id, pur_gold_cost, pur_labor_cost, pur_method, pur_official_invoice, pur_date, pur_billing_date, pur_weight, pur_invoice_no, pur_code, pur_payment_status) VALUES ('PUR_101068','SLM_100033', '234.67', '0', 'CASH', '1', '2022-02-01 00:00:00', '2022-02-01 00:00:00', '0', null, '0222YK', 'PAID'),('PUR_101069','SLM_100018', '231.84', '0', 'CASH', '1', '2022-02-01 00:00:00', '2022-02-01 00:00:00', '0', null, '0222YM', 'PAID'),('PUR_101070','SLM_100010', '240.02', '0', 'CASH', '1', '2022-02-01 00:00:00', '2022-02-01 00:00:00', '0', null, '0222YX', 'PAID'),('PUR_101071','SLM_100020', '239.51', '0', 'CASH', '1', '2023-02-01 00:00:00', '2023-02-01 00:00:00', '0', null, '0223JJT', 'PAID'),('PUR_101072','SLM_100034', '244.21', '0', 'CASH', '1', '2023-02-01 00:00:00', '2023-02-01 00:00:00', '0', null, '0223JS', 'PAID'),('PUR_101073','SLM_100022', '248.07', '0', 'CASH', '1', '2023-02-01 00:00:00', '2023-02-01 00:00:00', '0', null, '0223RB', 'PAID'),('PUR_101074','SLM_100007', '249.04', '0', 'CASH', '1', '2023-02-01 00:00:00', '2023-02-01 00:00:00', '0', null, '0223SLG', 'PAID')
2025-04-05 11:30:40,610 - INFO - Next value of sequence pur_id_seq: 101075
2025-04-05 11:30:40,636 - INFO - Next value of sequence pur_id_seq: 101076
2025-04-05 11:30:40,658 - INFO - Next value of sequence pur_id_seq: 101077
2025-04-05 11:30:40,680 - INFO - Next value of sequence pur_id_seq: 101078
2025-04-05 11:30:40,705 - INFO - Next value of sequence pur_id_seq: 101079
2025-04-05 11:30:40,726 - INFO - Next value of sequence pur_id_seq: 101080
2025-04-05 11:30:40,751 - INFO - Next value of sequence pur_id_seq: 101081
2025-04-05 11:30:40,794 - INFO - Successfully inserted data into konghin.purchase.
2025-04-05 11:30:40,794 - INFO - Query: INSERT INTO konghin.purchase (pur_id, pur_slm_id, pur_gold_cost, pur_labor_cost, pur_method, pur_official_invoice, pur_date, pur_billing_date, pur_weight, pur_invoice_no, pur_code, pur_payment_status) VALUES ('PUR_101075','SLM_100017', '244.29', '0', 'CASH', '1', '2023-02-01 00:00:00', '2023-02-01 00:00:00', '0', null, '0223XW', 'PAID'),('PUR_101076','SLM_100015', '244.44', '0', 'CASH', '1', '2023-02-01 00:00:00', '2023-02-01 00:00:00', '0', null, '0223YF', 'PAID'),('PUR_101077','SLM_100018', '246.61', '0', 'CASH', '1', '2023-02-01 00:00:00', '2023-02-01 00:00:00', '0', null, '0223YM', 'PAID'),('PUR_101078','SLM_100010', '242.88', '0', 'CASH', '1', '2023-02-01 00:00:00', '2023-02-01 00:00:00', '0', null, '0223YX', 'PAID'),('PUR_101079','SLM_100023', '291.66', '0', 'CASH', '1', '2024-02-01 00:00:00', '2024-02-01 00:00:00', '0', null, '0224CJ', 'PAID'),('PUR_101080','SLM_100020', '292.47', '0', 'CASH', '1', '2024-02-01 00:00:00', '2024-02-01 00:00:00', '0', null, '0224JJT', 'PAID'),('PUR_101081','SLM_100007', '294.81', '0', 'CASH', '1', '2024-02-01 00:00:00', '2024-02-01 00:00:00', '0', null, '0224SLG', 'PAID')
2025-04-05 11:30:40,839 - INFO - Next value of sequence pur_id_seq: 101082
2025-04-05 11:30:40,861 - INFO - Next value of sequence pur_id_seq: 101083
2025-04-05 11:30:40,883 - INFO - Next value of sequence pur_id_seq: 101084
2025-04-05 11:30:40,909 - INFO - Next value of sequence pur_id_seq: 101085
2025-04-05 11:30:40,931 - INFO - Next value of sequence pur_id_seq: 101086
2025-04-05 11:30:40,957 - INFO - Next value of sequence pur_id_seq: 101087
2025-04-05 11:30:40,977 - INFO - Next value of sequence pur_id_seq: 101088
2025-04-05 11:30:41,024 - INFO - Successfully inserted data into konghin.purchase.
2025-04-05 11:30:41,024 - INFO - Query: INSERT INTO konghin.purchase (pur_id, pur_slm_id, pur_gold_cost, pur_labor_cost, pur_method, pur_official_invoice, pur_date, pur_billing_date, pur_weight, pur_invoice_no, pur_code, pur_payment_status) VALUES ('PUR_101082','SLM_100018', '293.52', '0', 'CASH', '1', '2024-02-01 00:00:00', '2024-02-01 00:00:00', '0', null, '0224YM', 'PAID'),('PUR_101083','SLM_100023', '384.54', '0', 'CASH', '1', '2025-02-01 00:00:00', '2025-02-01 00:00:00', '0', null, '0225CJ', 'PAID'),('PUR_101084','SLM_100020', '390.97', '0', 'CASH', '1', '2025-02-01 00:00:00', '2025-02-01 00:00:00', '0', null, '0225JJT', 'PAID'),('PUR_101085','SLM_100019', '394.28', '0', 'CASH', '1', '2025-02-01 00:00:00', '2025-02-01 00:00:00', '0', null, '0225LUX', 'PAID'),('PUR_101086','SLM_100007', '390.18', '0', 'CASH', '1', '2025-02-01 00:00:00', '2025-02-01 00:00:00', '0', null, '0225SLG', 'PAID'),('PUR_101087','SLM_100017', '389.81', '0', 'CASH', '1', '2025-02-01 00:00:00', '2025-02-01 00:00:00', '0', null, '0225XW', 'PAID'),('PUR_101088','SLM_100018', '382.56', '0', 'CASH', '1', '2025-02-01 00:00:00', '2025-02-01 00:00:00', '0', null, '0225YM', 'PAID')
2025-04-05 11:30:41,064 - INFO - Next value of sequence pur_id_seq: 101089
2025-04-05 11:30:41,086 - INFO - Next value of sequence pur_id_seq: 101090
2025-04-05 11:30:41,107 - INFO - Next value of sequence pur_id_seq: 101091
2025-04-05 11:30:41,136 - INFO - Next value of sequence pur_id_seq: 101092
2025-04-05 11:30:41,162 - INFO - Next value of sequence pur_id_seq: 101093
2025-04-05 11:30:41,185 - INFO - Next value of sequence pur_id_seq: 101094
2025-04-05 11:30:41,208 - INFO - Next value of sequence pur_id_seq: 101095
2025-04-05 11:30:41,250 - INFO - Successfully inserted data into konghin.purchase.
2025-04-05 11:30:41,251 - INFO - Query: INSERT INTO konghin.purchase (pur_id, pur_slm_id, pur_gold_cost, pur_labor_cost, pur_method, pur_official_invoice, pur_date, pur_billing_date, pur_weight, pur_invoice_no, pur_code, pur_payment_status) VALUES ('PUR_101089','SLM_100010', '390.15', '0', 'CASH', '1', '2025-02-01 00:00:00', '2025-02-01 00:00:00', '0', null, '0225YX', 'PAID'),('PUR_101090','SLM_100011', '131.5', '0', 'CASH', '1', '2011-03-01 00:00:00', '2011-03-01 00:00:00', '0', null, '0311GBT', 'PAID'),('PUR_101091','SLM_100006', '130.5', '0', 'CASH', '1', '2011-03-01 00:00:00', '2011-03-01 00:00:00', '0', null, '0311MG', 'PAID'),('PUR_101092','SLM_100009', '131.0', '0', 'CASH', '1', '2011-03-01 00:00:00', '2011-03-01 00:00:00', '0', null, '0311SH', 'PAID'),('PUR_101093','SLM_100007', '132.5', '0', 'CASH', '1', '2011-03-01 00:00:00', '2011-03-01 00:00:00', '0', null, '0311SLG', 'PAID'),('PUR_101094','SLM_100006', '154.0', '0', 'CASH', '1', '2012-03-01 00:00:00', '2012-03-01 00:00:00', '0', null, '0312MG', 'PAID'),('PUR_101095','SLM_100008', '153.5', '0', 'CASH', '1', '2012-03-01 00:00:00', '2012-03-01 00:00:00', '0', null, '0312MH', 'PAID')
2025-04-05 11:30:41,288 - INFO - Next value of sequence pur_id_seq: 101096
2025-04-05 11:30:41,309 - INFO - Next value of sequence pur_id_seq: 101097
2025-04-05 11:30:41,331 - INFO - Next value of sequence pur_id_seq: 101098
2025-04-05 11:30:41,355 - INFO - Next value of sequence pur_id_seq: 101099
2025-04-05 11:30:41,376 - INFO - Next value of sequence pur_id_seq: 101100
2025-04-05 11:30:41,405 - INFO - Next value of sequence pur_id_seq: 101101
2025-04-05 11:30:41,429 - INFO - Next value of sequence pur_id_seq: 101102
2025-04-05 11:30:41,473 - INFO - Successfully inserted data into konghin.purchase.
2025-04-05 11:30:41,473 - INFO - Query: INSERT INTO konghin.purchase (pur_id, pur_slm_id, pur_gold_cost, pur_labor_cost, pur_method, pur_official_invoice, pur_date, pur_billing_date, pur_weight, pur_invoice_no, pur_code, pur_payment_status) VALUES ('PUR_101096','SLM_100009', '158.5', '0', 'CASH', '1', '2012-03-01 00:00:00', '2012-03-01 00:00:00', '0', null, '0312SH', 'PAID'),('PUR_101097','SLM_100007', '157.5', '0', 'CASH', '1', '2012-03-01 00:00:00', '2012-03-01 00:00:00', '0', null, '0312SLG', 'PAID'),('PUR_101098','SLM_100010', '156.5', '0', 'CASH', '1', '2012-03-01 00:00:00', '2012-03-01 00:00:00', '0', null, '0312YX', 'PAID'),('PUR_101099','SLM_100011', '151.0', '0', 'CASH', '1', '2013-03-01 00:00:00', '2013-03-01 00:00:00', '0', null, '0313GBT', 'PAID'),('PUR_101100','SLM_100007', '150.5', '0', 'CASH', '1', '2013-03-01 00:00:00', '2013-03-01 00:00:00', '0', null, '0313SLG', 'PAID'),('PUR_101101','SLM_100011', '136.8', '0', 'CASH', '1', '2014-03-01 00:00:00', '2014-03-01 00:00:00', '0', null, '0314GBT', 'PAID'),('PUR_101102','SLM_100035', '132.7', '0', 'CASH', '1', '2014-03-01 00:00:00', '2014-03-01 00:00:00', '0', null, '0314GC', 'PAID')
2025-04-05 11:30:41,528 - INFO - Next value of sequence pur_id_seq: 101103
2025-04-05 11:30:41,550 - INFO - Next value of sequence pur_id_seq: 101104
2025-04-05 11:30:41,573 - INFO - Next value of sequence pur_id_seq: 101105
2025-04-05 11:30:41,594 - INFO - Next value of sequence pur_id_seq: 101106
2025-04-05 11:30:41,614 - INFO - Next value of sequence pur_id_seq: 101107
2025-04-05 11:30:41,633 - INFO - Next value of sequence pur_id_seq: 101108
2025-04-05 11:30:41,656 - INFO - Next value of sequence pur_id_seq: 101109
2025-04-05 11:30:41,696 - INFO - Successfully inserted data into konghin.purchase.
2025-04-05 11:30:41,697 - INFO - Query: INSERT INTO konghin.purchase (pur_id, pur_slm_id, pur_gold_cost, pur_labor_cost, pur_method, pur_official_invoice, pur_date, pur_billing_date, pur_weight, pur_invoice_no, pur_code, pur_payment_status) VALUES ('PUR_101103','SLM_100029', '134.1', '0', 'CASH', '1', '2014-03-01 00:00:00', '2014-03-01 00:00:00', '0', null, '0314KP', 'PAID'),('PUR_101104','SLM_100012', '136.8', '0', 'CASH', '1', '2014-03-01 00:00:00', '2014-03-01 00:00:00', '0', null, '0314MGI', 'PAID'),('PUR_101105','SLM_100007', '134.5', '0', 'CASH', '1', '2014-03-01 00:00:00', '2014-03-01 00:00:00', '0', null, '0314SLG', 'PAID'),('PUR_101106','SLM_100010', '135.2', '0', 'CASH', '1', '2014-03-01 00:00:00', '2014-03-01 00:00:00', '0', null, '0314YX', 'PAID'),('PUR_101107','SLM_100013', '133.4', '0', 'CASH', '1', '2015-03-01 00:00:00', '2015-03-01 00:00:00', '0', null, '0315DE', 'PAID'),('PUR_101108','SLM_100014', '129.1', '0', 'CASH', '1', '2015-03-01 00:00:00', '2015-03-01 00:00:00', '0', null, '0315FS', 'PAID'),('PUR_101109','SLM_100007', '130.2', '0', 'CASH', '1', '2015-03-01 00:00:00', '2015-03-01 00:00:00', '0', null, '0315SLG', 'PAID')
2025-04-05 11:30:41,736 - INFO - Next value of sequence pur_id_seq: 101110
2025-04-05 11:30:41,764 - INFO - Next value of sequence pur_id_seq: 101111
2025-04-05 11:30:41,787 - INFO - Next value of sequence pur_id_seq: 101112
2025-04-05 11:30:41,816 - INFO - Next value of sequence pur_id_seq: 101113
2025-04-05 11:30:41,839 - INFO - Next value of sequence pur_id_seq: 101114
2025-04-05 11:30:41,860 - INFO - Next value of sequence pur_id_seq: 101115
2025-04-05 11:30:41,882 - INFO - Next value of sequence pur_id_seq: 101116
2025-04-05 11:30:41,924 - INFO - Successfully inserted data into konghin.purchase.
2025-04-05 11:30:41,925 - INFO - Query: INSERT INTO konghin.purchase (pur_id, pur_slm_id, pur_gold_cost, pur_labor_cost, pur_method, pur_official_invoice, pur_date, pur_billing_date, pur_weight, pur_invoice_no, pur_code, pur_payment_status) VALUES ('PUR_101110','SLM_100010', '133.5', '0', 'CASH', '1', '2015-03-01 00:00:00', '2015-03-01 00:00:00', '0', null, '0315YX', 'PAID'),('PUR_101111','SLM_100036', '157.6', '0', 'CASH', '1', '2016-03-01 00:00:00', '2016-03-01 00:00:00', '0', null, '0316JF', 'PAID'),('PUR_101112','SLM_100037', '149.2', '0', 'CASH', '1', '2016-03-01 00:00:00', '2016-03-01 00:00:00', '0', null, '0316JX', 'PAID'),('PUR_101113','SLM_100012', '152.2', '0', 'CASH', '1', '2016-03-01 00:00:00', '2016-03-01 00:00:00', '0', null, '0316MGI', 'PAID'),('PUR_101114','SLM_100007', '158.2', '0', 'CASH', '1', '2016-03-01 00:00:00', '2016-03-01 00:00:00', '0', null, '0316SLG', 'PAID'),('PUR_101115','SLM_100015', '153.9', '0', 'CASH', '1', '2016-03-01 00:00:00', '2016-03-01 00:00:00', '0', null, '0316YF', 'PAID'),('PUR_101116','SLM_100013', '166.6', '0', 'CASH', '1', '2017-03-01 00:00:00', '2017-03-01 00:00:00', '0', null, '0317DE', 'PAID')
2025-04-05 11:30:41,964 - INFO - Next value of sequence pur_id_seq: 101117
2025-04-05 11:30:41,986 - INFO - Next value of sequence pur_id_seq: 101118
2025-04-05 11:30:42,009 - INFO - Next value of sequence pur_id_seq: 101119
2025-04-05 11:30:42,030 - INFO - Next value of sequence pur_id_seq: 101120
2025-04-05 11:30:42,058 - INFO - Next value of sequence pur_id_seq: 101121
2025-04-05 11:30:42,086 - INFO - Next value of sequence pur_id_seq: 101122
2025-04-05 11:30:42,124 - INFO - Next value of sequence pur_id_seq: 101123
2025-04-05 11:30:42,172 - INFO - Successfully inserted data into konghin.purchase.
2025-04-05 11:30:42,172 - INFO - Query: INSERT INTO konghin.purchase (pur_id, pur_slm_id, pur_gold_cost, pur_labor_cost, pur_method, pur_official_invoice, pur_date, pur_billing_date, pur_weight, pur_invoice_no, pur_code, pur_payment_status) VALUES ('PUR_101117','SLM_100011', '162.2', '0', 'CASH', '1', '2017-03-01 00:00:00', '2017-03-01 00:00:00', '0', null, '0317GBT', 'PAID'),('PUR_101118','SLM_100016', '164.3', '0', 'CASH', '1', '2017-03-01 00:00:00', '2017-03-01 00:00:00', '0', null, '0317HL', 'PAID'),('PUR_101119','SLM_100038', '162.4', '0', 'CASH', '1', '2017-03-01 00:00:00', '2017-03-01 00:00:00', '0', null, '0317KDB', 'PAID'),('PUR_101120','SLM_100007', '169.1', '0', 'CASH', '1', '2017-03-01 00:00:00', '2017-03-01 00:00:00', '0', null, '0317SLG', 'PAID'),('PUR_101121','SLM_100017', '161.4', '0', 'CASH', '1', '2017-03-01 00:00:00', '2017-03-01 00:00:00', '0', null, '0317XW', 'PAID'),('PUR_101122','SLM_100010', '167.1', '0', 'CASH', '1', '2017-03-01 00:00:00', '2017-03-01 00:00:00', '0', null, '0317YX', 'PAID'),('PUR_101123','SLM_100013', '158.0', '0', 'CASH', '1', '2018-03-01 00:00:00', '2018-03-01 00:00:00', '0', null, '0318DE', 'PAID')
2025-04-05 11:30:42,212 - INFO - Next value of sequence pur_id_seq: 101124
2025-04-05 11:30:42,235 - INFO - Next value of sequence pur_id_seq: 101125
2025-04-05 11:30:42,268 - INFO - Next value of sequence pur_id_seq: 101126
2025-04-05 11:30:42,290 - INFO - Next value of sequence pur_id_seq: 101127
2025-04-05 11:30:42,313 - INFO - Next value of sequence pur_id_seq: 101128
2025-04-05 11:30:42,335 - INFO - Next value of sequence pur_id_seq: 101129
2025-04-05 11:30:42,378 - INFO - Next value of sequence pur_id_seq: 101130
2025-04-05 11:30:42,432 - INFO - Successfully inserted data into konghin.purchase.
2025-04-05 11:30:42,432 - INFO - Query: INSERT INTO konghin.purchase (pur_id, pur_slm_id, pur_gold_cost, pur_labor_cost, pur_method, pur_official_invoice, pur_date, pur_billing_date, pur_weight, pur_invoice_no, pur_code, pur_payment_status) VALUES ('PUR_101124','SLM_100007', '158.4', '0', 'CASH', '1', '2018-03-01 00:00:00', '2018-03-01 00:00:00', '0', null, '0318SLG', 'PAID'),('PUR_101125','SLM_100017', '156.1', '0', 'CASH', '1', '2018-03-01 00:00:00', '2018-03-01 00:00:00', '0', null, '0318XW', 'PAID'),('PUR_101126','SLM_100018', '156.5', '0', 'CASH', '1', '2018-03-01 00:00:00', '2018-03-01 00:00:00', '0', null, '0318YM', 'PAID'),('PUR_101127','SLM_100031', '159.11', '0', 'CASH', '1', '2019-03-01 00:00:00', '2019-03-01 00:00:00', '0', null, '0319MK', 'PAID'),('PUR_101128','SLM_100007', '162.05', '0', 'CASH', '1', '2019-03-01 00:00:00', '2019-03-01 00:00:00', '0', null, '0319SLG', 'PAID'),('PUR_101129','SLM_100018', '161.15', '0', 'CASH', '1', '2019-03-01 00:00:00', '2019-03-01 00:00:00', '0', null, '0319YM', 'PAID'),('PUR_101130','SLM_100010', '161.05', '0', 'CASH', '1', '2019-03-01 00:00:00', '2019-03-01 00:00:00', '0', null, '0319YX', 'PAID')
2025-04-05 11:30:42,475 - INFO - Next value of sequence pur_id_seq: 101131
2025-04-05 11:30:42,497 - INFO - Next value of sequence pur_id_seq: 101132
2025-04-05 11:30:42,520 - INFO - Next value of sequence pur_id_seq: 101133
2025-04-05 11:30:42,542 - INFO - Next value of sequence pur_id_seq: 101134
2025-04-05 11:30:42,572 - INFO - Next value of sequence pur_id_seq: 101135
2025-04-05 11:30:42,596 - INFO - Next value of sequence pur_id_seq: 101136
2025-04-05 11:30:42,619 - INFO - Next value of sequence pur_id_seq: 101137
2025-04-05 11:30:42,663 - INFO - Successfully inserted data into konghin.purchase.
2025-04-05 11:30:42,663 - INFO - Query: INSERT INTO konghin.purchase (pur_id, pur_slm_id, pur_gold_cost, pur_labor_cost, pur_method, pur_official_invoice, pur_date, pur_billing_date, pur_weight, pur_invoice_no, pur_code, pur_payment_status) VALUES ('PUR_101131','SLM_100039', '199.08', '0', 'CASH', '1', '2020-03-01 00:00:00', '2020-03-01 00:00:00', '0', null, '0320RG', 'PAID'),('PUR_101132','SLM_100007', '197.6', '0', 'CASH', '1', '2020-03-01 00:00:00', '2020-03-01 00:00:00', '0', null, '0320SLG', 'PAID'),('PUR_101133','SLM_100018', '205.37', '0', 'CASH', '1', '2020-03-01 00:00:00', '2020-03-01 00:00:00', '0', null, '0320YM', 'PAID'),('PUR_101134','SLM_100010', '211.79', '0', 'CASH', '1', '2020-03-01 00:00:00', '2020-03-01 00:00:00', '0', null, '0320YX', 'PAID'),('PUR_101135','SLM_100020', '215.84', '0', 'CASH', '1', '2021-03-01 00:00:00', '2021-03-01 00:00:00', '0', null, '0321JJT', 'PAID'),('PUR_101136','SLM_100007', '214.5', '0', 'CASH', '1', '2021-03-01 00:00:00', '2021-03-01 00:00:00', '0', null, '0321SLG', 'PAID'),('PUR_101137','SLM_100017', '215.39', '0', 'CASH', '1', '2021-03-01 00:00:00', '2021-03-01 00:00:00', '0', null, '0321XW', 'PAID')
2025-04-05 11:30:42,703 - INFO - Next value of sequence pur_id_seq: 101138
2025-04-05 11:30:42,725 - INFO - Next value of sequence pur_id_seq: 101139
2025-04-05 11:30:42,747 - INFO - Next value of sequence pur_id_seq: 101140
2025-04-05 11:30:42,776 - INFO - Next value of sequence pur_id_seq: 101141
2025-04-05 11:30:42,802 - INFO - Next value of sequence pur_id_seq: 101142
2025-04-05 11:30:42,827 - INFO - Next value of sequence pur_id_seq: 101143
2025-04-05 11:30:42,849 - INFO - Next value of sequence pur_id_seq: 101144
2025-04-05 11:30:42,901 - INFO - Successfully inserted data into konghin.purchase.
2025-04-05 11:30:42,901 - INFO - Query: INSERT INTO konghin.purchase (pur_id, pur_slm_id, pur_gold_cost, pur_labor_cost, pur_method, pur_official_invoice, pur_date, pur_billing_date, pur_weight, pur_invoice_no, pur_code, pur_payment_status) VALUES ('PUR_101138','SLM_100018', '217.27', '0', 'CASH', '1', '2021-03-01 00:00:00', '2021-03-01 00:00:00', '0', null, '0321YM', 'PAID'),('PUR_101139','SLM_100010', '213.03', '0', 'CASH', '1', '2021-03-01 00:00:00', '2021-03-01 00:00:00', '0', null, '0321YX', 'PAID'),('PUR_101140','SLM_100020', '246.04', '0', 'CASH', '1', '2022-03-01 00:00:00', '2022-03-01 00:00:00', '0', null, '0322JJT', 'PAID'),('PUR_101141','SLM_100019', '244.75', '0', 'CASH', '1', '2022-03-01 00:00:00', '2022-03-01 00:00:00', '0', null, '0322LUX', 'PAID'),('PUR_101142','SLM_100007', '244.6', '0', 'CASH', '1', '2022-03-01 00:00:00', '2022-03-01 00:00:00', '0', null, '0322SLG', 'PAID'),('PUR_101143','SLM_100017', '243.15', '0', 'CASH', '1', '2022-03-01 00:00:00', '2022-03-01 00:00:00', '0', null, '0322XW', 'PAID'),('PUR_101144','SLM_100015', '244.31', '0', 'CASH', '1', '2022-03-01 00:00:00', '2022-03-01 00:00:00', '0', null, '0322YF', 'PAID')
2025-04-05 11:30:42,950 - INFO - Next value of sequence pur_id_seq: 101145
2025-04-05 11:30:42,993 - INFO - Next value of sequence pur_id_seq: 101146
2025-04-05 11:30:43,031 - INFO - Next value of sequence pur_id_seq: 101147
2025-04-05 11:30:43,057 - INFO - Next value of sequence pur_id_seq: 101148
2025-04-05 11:30:43,080 - INFO - Next value of sequence pur_id_seq: 101149
2025-04-05 11:30:43,107 - INFO - Next value of sequence pur_id_seq: 101150
2025-04-05 11:30:43,135 - INFO - Next value of sequence pur_id_seq: 101151
2025-04-05 11:30:43,182 - INFO - Successfully inserted data into konghin.purchase.
2025-04-05 11:30:43,183 - INFO - Query: INSERT INTO konghin.purchase (pur_id, pur_slm_id, pur_gold_cost, pur_labor_cost, pur_method, pur_official_invoice, pur_date, pur_billing_date, pur_weight, pur_invoice_no, pur_code, pur_payment_status) VALUES ('PUR_101145','SLM_100018', '245.12', '0', 'CASH', '1', '2022-03-01 00:00:00', '2022-03-01 00:00:00', '0', null, '0322YM', 'PAID'),('PUR_101146','SLM_100020', '261.63', '0', 'CASH', '1', '2023-03-01 00:00:00', '2023-03-01 00:00:00', '0', null, '0323JJT', 'PAID'),('PUR_101147','SLM_100019', '265.77', '0', 'CASH', '1', '2023-03-01 00:00:00', '2023-03-01 00:00:00', '0', null, '0323LUX', 'PAID'),('PUR_101148','SLM_100022', '262.22', '0', 'CASH', '1', '2023-03-01 00:00:00', '2023-03-01 00:00:00', '0', null, '0323RB', 'PAID'),('PUR_101149','SLM_100007', '252.6', '0', 'CASH', '1', '2023-03-01 00:00:00', '2023-03-01 00:00:00', '0', null, '0323SLG', 'PAID'),('PUR_101150','SLM_100025', '247.13', '0', 'CASH', '1', '2023-03-01 00:00:00', '2023-03-01 00:00:00', '0', null, '0323TC', 'PAID'),('PUR_101151','SLM_100017', '261.11', '0', 'CASH', '1', '2023-03-01 00:00:00', '2023-03-01 00:00:00', '0', null, '0323XW', 'PAID')
2025-04-05 11:30:43,229 - INFO - Next value of sequence pur_id_seq: 101152
2025-04-05 11:30:43,251 - INFO - Next value of sequence pur_id_seq: 101153
2025-04-05 11:30:43,273 - INFO - Next value of sequence pur_id_seq: 101154
2025-04-05 11:30:43,297 - INFO - Next value of sequence pur_id_seq: 101155
2025-04-05 11:30:43,317 - INFO - Next value of sequence pur_id_seq: 101156
2025-04-05 11:30:43,340 - INFO - Next value of sequence pur_id_seq: 101157
2025-04-05 11:30:43,363 - INFO - Next value of sequence pur_id_seq: 101158
2025-04-05 11:30:43,414 - INFO - Successfully inserted data into konghin.purchase.
2025-04-05 11:30:43,414 - INFO - Query: INSERT INTO konghin.purchase (pur_id, pur_slm_id, pur_gold_cost, pur_labor_cost, pur_method, pur_official_invoice, pur_date, pur_billing_date, pur_weight, pur_invoice_no, pur_code, pur_payment_status) VALUES ('PUR_101152','SLM_100015', '259.85', '0', 'CASH', '1', '2023-03-01 00:00:00', '2023-03-01 00:00:00', '0', null, '0323YF', 'PAID'),('PUR_101153','SLM_100018', '248.3', '0', 'CASH', '1', '2023-03-01 00:00:00', '2023-03-01 00:00:00', '0', null, '0323YM', 'PAID'),('PUR_101154','SLM_100020', '309.89', '0', 'CASH', '1', '2024-03-01 00:00:00', '2024-03-01 00:00:00', '0', null, '0324JJT', 'PAID'),('PUR_101155','SLM_100019', '313.07', '0', 'CASH', '1', '2024-03-01 00:00:00', '2024-03-01 00:00:00', '0', null, '0324LUX', 'PAID'),('PUR_101156','SLM_100022', '313.72', '0', 'CASH', '1', '2024-03-01 00:00:00', '2024-03-01 00:00:00', '0', null, '0324RB', 'PAID'),('PUR_101157','SLM_100007', '309.48', '0', 'CASH', '1', '2024-03-01 00:00:00', '2024-03-01 00:00:00', '0', null, '0324SLG', 'PAID'),('PUR_101158','SLM_100017', '313.72', '0', 'CASH', '1', '2024-03-01 00:00:00', '2024-03-01 00:00:00', '0', null, '0324XW', 'PAID')
2025-04-05 11:30:43,456 - INFO - Next value of sequence pur_id_seq: 101159
2025-04-05 11:30:43,478 - INFO - Next value of sequence pur_id_seq: 101160
2025-04-05 11:30:43,500 - INFO - Next value of sequence pur_id_seq: 101161
2025-04-05 11:30:43,522 - INFO - Next value of sequence pur_id_seq: 101162
2025-04-05 11:30:43,547 - INFO - Next value of sequence pur_id_seq: 101163
2025-04-05 11:30:43,571 - INFO - Next value of sequence pur_id_seq: 101164
2025-04-05 11:30:43,597 - INFO - Next value of sequence pur_id_seq: 101165
2025-04-05 11:30:43,642 - INFO - Successfully inserted data into konghin.purchase.
2025-04-05 11:30:43,642 - INFO - Query: INSERT INTO konghin.purchase (pur_id, pur_slm_id, pur_gold_cost, pur_labor_cost, pur_method, pur_official_invoice, pur_date, pur_billing_date, pur_weight, pur_invoice_no, pur_code, pur_payment_status) VALUES ('PUR_101159','SLM_100015', '305.74', '0', 'CASH', '1', '2024-03-01 00:00:00', '2024-03-01 00:00:00', '0', null, '0324YF', 'PAID'),('PUR_101160','SLM_100018', '307.98', '0', 'CASH', '1', '2024-03-01 00:00:00', '2024-03-01 00:00:00', '0', null, '0324YM', 'PAID'),('PUR_101161','SLM_100010', '307.4', '0', 'CASH', '1', '2024-03-01 00:00:00', '2024-03-01 00:00:00', '0', null, '0324YX', 'PAID'),('PUR_101162','SLM_100023', '384.54', '0', 'CASH', '1', '2025-03-01 00:00:00', '2025-03-01 00:00:00', '0', null, '0325CJ', 'PAID'),('PUR_101163','SLM_100020', '384.29', '0', 'CASH', '1', '2025-03-01 00:00:00', '2025-03-01 00:00:00', '0', null, '0325JJT', 'PAID'),('PUR_101164','SLM_100022', '388.87', '0', 'CASH', '1', '2025-03-01 00:00:00', '2025-03-01 00:00:00', '0', null, '0325RB', 'PAID'),('PUR_101165','SLM_100007', '407.98', '0', 'CASH', '1', '2025-03-01 00:00:00', '2025-03-01 00:00:00', '0', null, '0325SLG', 'PAID')
2025-04-05 11:30:43,682 - INFO - Next value of sequence pur_id_seq: 101166
2025-04-05 11:30:43,704 - INFO - Next value of sequence pur_id_seq: 101167
2025-04-05 11:30:43,727 - INFO - Next value of sequence pur_id_seq: 101168
2025-04-05 11:30:43,749 - INFO - Next value of sequence pur_id_seq: 101169
2025-04-05 11:30:43,771 - INFO - Next value of sequence pur_id_seq: 101170
2025-04-05 11:30:43,794 - INFO - Next value of sequence pur_id_seq: 101171
2025-04-05 11:30:43,820 - INFO - Next value of sequence pur_id_seq: 101172
2025-04-05 11:30:43,869 - INFO - Successfully inserted data into konghin.purchase.
2025-04-05 11:30:43,869 - INFO - Query: INSERT INTO konghin.purchase (pur_id, pur_slm_id, pur_gold_cost, pur_labor_cost, pur_method, pur_official_invoice, pur_date, pur_billing_date, pur_weight, pur_invoice_no, pur_code, pur_payment_status) VALUES ('PUR_101166','SLM_100017', '386.0', '0', 'CASH', '1', '2025-03-01 00:00:00', '2025-03-01 00:00:00', '0', null, '0325XW', 'PAID'),('PUR_101167','SLM_100018', '391.41', '0', 'CASH', '1', '2025-03-01 00:00:00', '2025-03-01 00:00:00', '0', null, '0325YM', 'PAID'),('PUR_101168','SLM_100011', '134.0', '0', 'CASH', '1', '2011-04-01 00:00:00', '2011-04-01 00:00:00', '0', null, '0411GBT', 'PAID'),('PUR_101169','SLM_100007', '134.5', '0', 'CASH', '1', '2011-04-01 00:00:00', '2011-04-01 00:00:00', '0', null, '0411SLG', 'PAID'),('PUR_101170','SLM_100007', '153.0', '0', 'CASH', '1', '2012-04-01 00:00:00', '2012-04-01 00:00:00', '0', null, '0412SLG', 'PAID'),('PUR_101171','SLM_100011', '136.5', '0', 'CASH', '1', '2013-04-01 00:00:00', '2013-04-01 00:00:00', '0', null, '0413GBT', 'PAID'),('PUR_101172','SLM_100035', '135.0', '0', 'CASH', '1', '2013-04-01 00:00:00', '2013-04-01 00:00:00', '0', null, '0413GC', 'PAID')
2025-04-05 11:30:43,913 - INFO - Next value of sequence pur_id_seq: 101173
2025-04-05 11:30:43,935 - INFO - Next value of sequence pur_id_seq: 101174
2025-04-05 11:30:43,958 - INFO - Next value of sequence pur_id_seq: 101175
2025-04-05 11:30:43,981 - INFO - Next value of sequence pur_id_seq: 101176
2025-04-05 11:30:44,007 - INFO - Next value of sequence pur_id_seq: 101177
2025-04-05 11:30:44,048 - INFO - Next value of sequence pur_id_seq: 101178
2025-04-05 11:30:44,098 - INFO - Next value of sequence pur_id_seq: 101179
2025-04-05 11:30:44,159 - INFO - Successfully inserted data into konghin.purchase.
2025-04-05 11:30:44,160 - INFO - Query: INSERT INTO konghin.purchase (pur_id, pur_slm_id, pur_gold_cost, pur_labor_cost, pur_method, pur_official_invoice, pur_date, pur_billing_date, pur_weight, pur_invoice_no, pur_code, pur_payment_status) VALUES ('PUR_101173','SLM_100008', '146.5', '0', 'CASH', '1', '2013-04-01 00:00:00', '2013-04-01 00:00:00', '0', null, '0413MH', 'PAID'),('PUR_101174','SLM_100009', '135.5', '0', 'CASH', '1', '2013-04-01 00:00:00', '2013-04-01 00:00:00', '0', null, '0413SH', 'PAID'),('PUR_101175','SLM_100007', '132.0', '0', 'CASH', '1', '2013-04-01 00:00:00', '2013-04-01 00:00:00', '0', null, '0413SLG', 'PAID'),('PUR_101176','SLM_100011', '129.6', '0', 'CASH', '1', '2014-04-01 00:00:00', '2014-04-01 00:00:00', '0', null, '0414GBT', 'PAID'),('PUR_101177','SLM_100035', '129.4', '0', 'CASH', '1', '2014-04-01 00:00:00', '2014-04-01 00:00:00', '0', null, '0414GC', 'PAID'),('PUR_101178','SLM_100029', '126.8', '0', 'CASH', '1', '2014-04-01 00:00:00', '2014-04-01 00:00:00', '0', null, '0414KP', 'PAID'),('PUR_101179','SLM_100040', '130.8', '0', 'CASH', '1', '2014-04-01 00:00:00', '2014-04-01 00:00:00', '0', null, '0414MGT', 'PAID')
2025-04-05 11:30:44,215 - INFO - Next value of sequence pur_id_seq: 101180
2025-04-05 11:30:44,281 - INFO - Next value of sequence pur_id_seq: 101181
2025-04-05 11:30:44,313 - INFO - Next value of sequence pur_id_seq: 101182
2025-04-05 11:30:44,338 - INFO - Next value of sequence pur_id_seq: 101183
2025-04-05 11:30:44,368 - INFO - Next value of sequence pur_id_seq: 101184
2025-04-05 11:30:44,411 - INFO - Next value of sequence pur_id_seq: 101185
2025-04-05 11:30:44,445 - INFO - Next value of sequence pur_id_seq: 101186
2025-04-05 11:30:44,497 - INFO - Successfully inserted data into konghin.purchase.
2025-04-05 11:30:44,497 - INFO - Query: INSERT INTO konghin.purchase (pur_id, pur_slm_id, pur_gold_cost, pur_labor_cost, pur_method, pur_official_invoice, pur_date, pur_billing_date, pur_weight, pur_invoice_no, pur_code, pur_payment_status) VALUES ('PUR_101180','SLM_100007', '128.0', '0', 'CASH', '1', '2014-04-01 00:00:00', '2014-04-01 00:00:00', '0', null, '0414SLG', 'PAID'),('PUR_101181','SLM_100010', '127.8', '0', 'CASH', '1', '2014-04-01 00:00:00', '2014-04-01 00:00:00', '0', null, '0414YX', 'PAID'),('PUR_101182','SLM_100013', '133.4', '0', 'CASH', '1', '2015-04-01 00:00:00', '2015-04-01 00:00:00', '0', null, '0415DE', 'PAID'),('PUR_101183','SLM_100014', '134.2', '0', 'CASH', '1', '2015-04-01 00:00:00', '2015-04-01 00:00:00', '0', null, '0415FS', 'PAID'),('PUR_101184','SLM_100011', '133.6', '0', 'CASH', '1', '2015-04-01 00:00:00', '2015-04-01 00:00:00', '0', null, '0415GBT', 'PAID'),('PUR_101185','SLM_100012', '133.6', '0', 'CASH', '1', '2015-04-01 00:00:00', '2015-04-01 00:00:00', '0', null, '0415MGI', 'PAID'),('PUR_101186','SLM_100007', '135.0', '0', 'CASH', '1', '2015-04-01 00:00:00', '2015-04-01 00:00:00', '0', null, '0415SLG', 'PAID')
2025-04-05 11:30:44,541 - INFO - Next value of sequence pur_id_seq: 101187
2025-04-05 11:30:44,563 - INFO - Next value of sequence pur_id_seq: 101188
2025-04-05 11:30:44,587 - INFO - Next value of sequence pur_id_seq: 101189
2025-04-05 11:30:44,609 - INFO - Next value of sequence pur_id_seq: 101190
2025-04-05 11:30:44,632 - INFO - Next value of sequence pur_id_seq: 101191
2025-04-05 11:30:44,654 - INFO - Next value of sequence pur_id_seq: 101192
2025-04-05 11:30:44,688 - INFO - Next value of sequence pur_id_seq: 101193
2025-04-05 11:30:44,738 - INFO - Successfully inserted data into konghin.purchase.
2025-04-05 11:30:44,738 - INFO - Query: INSERT INTO konghin.purchase (pur_id, pur_slm_id, pur_gold_cost, pur_labor_cost, pur_method, pur_official_invoice, pur_date, pur_billing_date, pur_weight, pur_invoice_no, pur_code, pur_payment_status) VALUES ('PUR_101187','SLM_100010', '133.5', '0', 'CASH', '1', '2015-04-01 00:00:00', '2015-04-01 00:00:00', '0', null, '0415YX', 'PAID'),('PUR_101188','SLM_100014', '145.25', '0', 'CASH', '1', '2016-04-01 00:00:00', '2016-04-01 00:00:00', '0', null, '0416FS', 'PAID'),('PUR_101189','SLM_100011', '147.2', '0', 'CASH', '1', '2016-04-01 00:00:00', '2016-04-01 00:00:00', '0', null, '0416GBT', 'PAID'),('PUR_101190','SLM_100041', '145.0', '0', 'CASH', '1', '2016-04-01 00:00:00', '2016-04-01 00:00:00', '0', null, '0416KLD', 'PAID'),('PUR_101191','SLM_100012', '146.5', '0', 'CASH', '1', '2016-04-01 00:00:00', '2016-04-01 00:00:00', '0', null, '0416MGI', 'PAID'),('PUR_101192','SLM_100007', '146.9', '0', 'CASH', '1', '2016-04-01 00:00:00', '2016-04-01 00:00:00', '0', null, '0416SLG', 'PAID'),('PUR_101193','SLM_100010', '146.5', '0', 'CASH', '1', '2016-04-01 00:00:00', '2016-04-01 00:00:00', '0', null, '0416YX', 'PAID')
2025-04-05 11:30:44,787 - INFO - Next value of sequence pur_id_seq: 101194
2025-04-05 11:30:44,813 - INFO - Next value of sequence pur_id_seq: 101195
2025-04-05 11:30:44,835 - INFO - Next value of sequence pur_id_seq: 101196
2025-04-05 11:30:44,858 - INFO - Next value of sequence pur_id_seq: 101197
2025-04-05 11:30:44,887 - INFO - Next value of sequence pur_id_seq: 101198
2025-04-05 11:30:44,911 - INFO - Next value of sequence pur_id_seq: 101199
2025-04-05 11:30:44,933 - INFO - Next value of sequence pur_id_seq: 101200
2025-04-05 11:30:44,982 - INFO - Successfully inserted data into konghin.purchase.
2025-04-05 11:30:44,982 - INFO - Query: INSERT INTO konghin.purchase (pur_id, pur_slm_id, pur_gold_cost, pur_labor_cost, pur_method, pur_official_invoice, pur_date, pur_billing_date, pur_weight, pur_invoice_no, pur_code, pur_payment_status) VALUES ('PUR_101194','SLM_100012', '170.7', '0', 'CASH', '1', '2017-04-01 00:00:00', '2017-04-01 00:00:00', '0', null, '0417MGI', 'PAID'),('PUR_101195','SLM_100007', '168.45', '0', 'CASH', '1', '2017-04-01 00:00:00', '2017-04-01 00:00:00', '0', null, '0417SLG', 'PAID'),('PUR_101196','SLM_100007', '156.6', '0', 'CASH', '1', '2018-04-01 00:00:00', '2018-04-01 00:00:00', '0', null, '0418SLG', 'PAID'),('PUR_101197','SLM_100042', '157.52', '0', 'CASH', '1', '2018-04-01 00:00:00', '2018-04-01 00:00:00', '0', null, '0418WK', 'PAID'),('PUR_101198','SLM_100015', '158.58', '0', 'CASH', '1', '2018-04-01 00:00:00', '2018-04-01 00:00:00', '0', null, '0418YF', 'PAID'),('PUR_101199','SLM_100018', '157.27', '0', 'CASH', '1', '2018-04-01 00:00:00', '2018-04-01 00:00:00', '0', null, '0418YM', 'PAID'),('PUR_101200','SLM_100010', '155.95', '0', 'CASH', '1', '2018-04-01 00:00:00', '2018-04-01 00:00:00', '0', null, '0418YX', 'PAID')
2025-04-05 11:30:45,025 - INFO - Next value of sequence pur_id_seq: 101201
2025-04-05 11:30:45,054 - INFO - Next value of sequence pur_id_seq: 101202
2025-04-05 11:30:45,073 - INFO - Next value of sequence pur_id_seq: 101203
2025-04-05 11:30:45,095 - INFO - Next value of sequence pur_id_seq: 101204
2025-04-05 11:30:45,141 - INFO - Next value of sequence pur_id_seq: 101205
2025-04-05 11:30:45,176 - INFO - Next value of sequence pur_id_seq: 101206
2025-04-05 11:30:45,198 - INFO - Next value of sequence pur_id_seq: 101207
2025-04-05 11:30:45,245 - INFO - Successfully inserted data into konghin.purchase.
2025-04-05 11:30:45,245 - INFO - Query: INSERT INTO konghin.purchase (pur_id, pur_slm_id, pur_gold_cost, pur_labor_cost, pur_method, pur_official_invoice, pur_date, pur_billing_date, pur_weight, pur_invoice_no, pur_code, pur_payment_status) VALUES ('PUR_101201','SLM_100043', '160.1', '0', 'CASH', '1', '2019-04-01 00:00:00', '2019-04-01 00:00:00', '0', null, '0419DC', 'PAID'),('PUR_101202','SLM_100007', '162.68', '0', 'CASH', '1', '2019-04-01 00:00:00', '2019-04-01 00:00:00', '0', null, '0419SLG', 'PAID'),('PUR_101203','SLM_100015', '159.8', '0', 'CASH', '1', '2019-04-01 00:00:00', '2019-04-01 00:00:00', '0', null, '0419YF', 'PAID'),('PUR_101204','SLM_100018', '159.95', '0', 'CASH', '1', '2019-04-01 00:00:00', '2019-04-01 00:00:00', '0', null, '0419YM', 'PAID'),('PUR_101205','SLM_100007', '221.19', '0', 'CASH', '1', '2021-04-01 00:00:00', '2021-04-01 00:00:00', '0', null, '0421SLG', 'PAID'),('PUR_101206','SLM_100015', '218.7', '0', 'CASH', '1', '2021-04-01 00:00:00', '2021-04-01 00:00:00', '0', null, '0421YF', 'PAID'),('PUR_101207','SLM_100018', '218.88', '0', 'CASH', '1', '2021-04-01 00:00:00', '2021-04-01 00:00:00', '0', null, '0421YM', 'PAID')
2025-04-05 11:30:45,288 - INFO - Next value of sequence pur_id_seq: 101208
2025-04-05 11:30:45,311 - INFO - Next value of sequence pur_id_seq: 101209
2025-04-05 11:30:45,333 - INFO - Next value of sequence pur_id_seq: 101210
2025-04-05 11:30:45,359 - INFO - Next value of sequence pur_id_seq: 101211
2025-04-05 11:30:45,382 - INFO - Next value of sequence pur_id_seq: 101212
2025-04-05 11:30:45,403 - INFO - Next value of sequence pur_id_seq: 101213
2025-04-05 11:30:45,427 - INFO - Next value of sequence pur_id_seq: 101214
2025-04-05 11:30:45,470 - INFO - Successfully inserted data into konghin.purchase.
2025-04-05 11:30:45,470 - INFO - Query: INSERT INTO konghin.purchase (pur_id, pur_slm_id, pur_gold_cost, pur_labor_cost, pur_method, pur_official_invoice, pur_date, pur_billing_date, pur_weight, pur_invoice_no, pur_code, pur_payment_status) VALUES ('PUR_101208','SLM_100010', '216.39', '0', 'CASH', '1', '2021-04-01 00:00:00', '2021-04-01 00:00:00', '0', null, '0421YX', 'PAID'),('PUR_101209','SLM_100020', '244.34', '0', 'CASH', '1', '2022-04-01 00:00:00', '2022-04-01 00:00:00', '0', null, '0422JJT', 'PAID'),('PUR_101210','SLM_100007', '248.39', '0', 'CASH', '1', '2022-04-01 00:00:00', '2022-04-01 00:00:00', '0', null, '0422SLG', 'PAID'),('PUR_101211','SLM_100025', '249.75', '0', 'CASH', '1', '2022-04-01 00:00:00', '2022-04-01 00:00:00', '0', null, '0422TC', 'PAID'),('PUR_101212','SLM_100018', '252.85', '0', 'CASH', '1', '2022-04-01 00:00:00', '2022-04-01 00:00:00', '0', null, '0422YM', 'PAID'),('PUR_101213','SLM_100010', '245.75', '0', 'CASH', '1', '2022-04-01 00:00:00', '2022-04-01 00:00:00', '0', null, '0422YX', 'PAID'),('PUR_101214','SLM_100020', '266.1', '0', 'CASH', '1', '2023-04-01 00:00:00', '2023-04-01 00:00:00', '0', null, '0423JJT', 'PAID')
2025-04-05 11:30:45,511 - INFO - Next value of sequence pur_id_seq: 101215
2025-04-05 11:30:45,538 - INFO - Next value of sequence pur_id_seq: 101216
2025-04-05 11:30:45,565 - INFO - Next value of sequence pur_id_seq: 101217
2025-04-05 11:30:45,587 - INFO - Next value of sequence pur_id_seq: 101218
2025-04-05 11:30:45,610 - INFO - Next value of sequence pur_id_seq: 101219
2025-04-05 11:30:45,633 - INFO - Next value of sequence pur_id_seq: 101220
2025-04-05 11:30:45,655 - INFO - Next value of sequence pur_id_seq: 101221
2025-04-05 11:30:45,709 - INFO - Successfully inserted data into konghin.purchase.
2025-04-05 11:30:45,709 - INFO - Query: INSERT INTO konghin.purchase (pur_id, pur_slm_id, pur_gold_cost, pur_labor_cost, pur_method, pur_official_invoice, pur_date, pur_billing_date, pur_weight, pur_invoice_no, pur_code, pur_payment_status) VALUES ('PUR_101215','SLM_100007', '272.63', '0', 'CASH', '1', '2023-04-01 00:00:00', '2023-04-01 00:00:00', '0', null, '0423SLG', 'PAID'),('PUR_101216','SLM_100025', '268.52', '0', 'CASH', '1', '2023-04-01 00:00:00', '2023-04-01 00:00:00', '0', null, '0423TC', 'PAID'),('PUR_101217','SLM_100018', '267.84', '0', 'CASH', '1', '2023-04-01 00:00:00', '2023-04-01 00:00:00', '0', null, '0423YM', 'PAID'),('PUR_101218','SLM_100023', '342.2', '0', 'CASH', '1', '2024-04-01 00:00:00', '2024-04-01 00:00:00', '0', null, '0424CJ', 'PAID'),('PUR_101219','SLM_100020', '341.92', '0', 'CASH', '1', '2024-04-01 00:00:00', '2024-04-01 00:00:00', '0', null, '0424JJT', 'PAID'),('PUR_101220','SLM_100024', '335.76', '0', 'CASH', '1', '2024-04-01 00:00:00', '2024-04-01 00:00:00', '0', null, '0424SF', 'PAID'),('PUR_101221','SLM_100007', '347.74', '0', 'CASH', '1', '2024-04-01 00:00:00', '2024-04-01 00:00:00', '0', null, '0424SLG', 'PAID')
2025-04-05 11:30:45,756 - INFO - Next value of sequence pur_id_seq: 101222
2025-04-05 11:30:45,777 - INFO - Next value of sequence pur_id_seq: 101223
2025-04-05 11:30:45,809 - INFO - Next value of sequence pur_id_seq: 101224
2025-04-05 11:30:45,833 - INFO - Next value of sequence pur_id_seq: 101225
2025-04-05 11:30:45,856 - INFO - Next value of sequence pur_id_seq: 101226
2025-04-05 11:30:45,877 - INFO - Next value of sequence pur_id_seq: 101227
2025-04-05 11:30:45,897 - INFO - Next value of sequence pur_id_seq: 101228
2025-04-05 11:30:45,942 - INFO - Successfully inserted data into konghin.purchase.
2025-04-05 11:30:45,942 - INFO - Query: INSERT INTO konghin.purchase (pur_id, pur_slm_id, pur_gold_cost, pur_labor_cost, pur_method, pur_official_invoice, pur_date, pur_billing_date, pur_weight, pur_invoice_no, pur_code, pur_payment_status) VALUES ('PUR_101222','SLM_100018', '345.83', '0', 'CASH', '1', '2024-04-01 00:00:00', '2024-04-01 00:00:00', '0', null, '0424YM', 'PAID'),('PUR_101223','SLM_100006', '136.5', '0', 'CASH', '1', '2011-05-01 00:00:00', '2011-05-01 00:00:00', '0', null, '0511MG', 'PAID'),('PUR_101224','SLM_100007', '139.5', '0', 'CASH', '1', '2011-05-01 00:00:00', '2011-05-01 00:00:00', '0', null, '0511SLG', 'PAID'),('PUR_101225','SLM_100010', '139.0', '0', 'CASH', '1', '2011-05-01 00:00:00', '2011-05-01 00:00:00', '0', null, '0511YX', 'PAID'),('PUR_101226','SLM_100007', '148.0', '0', 'CASH', '1', '2012-05-01 00:00:00', '2012-05-01 00:00:00', '0', null, '0512SLG', 'PAID'),('PUR_101227','SLM_100010', '148.5', '0', 'CASH', '1', '2012-05-01 00:00:00', '2012-05-01 00:00:00', '0', null, '0512YX', 'PAID'),('PUR_101228','SLM_100011', '134.0', '0', 'CASH', '1', '2013-05-01 00:00:00', '2013-05-01 00:00:00', '0', null, '0513GBT', 'PAID')
2025-04-05 11:30:45,983 - INFO - Next value of sequence pur_id_seq: 101229
2025-04-05 11:30:46,020 - INFO - Next value of sequence pur_id_seq: 101230
2025-04-05 11:30:46,043 - INFO - Next value of sequence pur_id_seq: 101231
2025-04-05 11:30:46,065 - INFO - Next value of sequence pur_id_seq: 101232
2025-04-05 11:30:46,087 - INFO - Next value of sequence pur_id_seq: 101233
2025-04-05 11:30:46,122 - INFO - Next value of sequence pur_id_seq: 101234
2025-04-05 11:30:46,146 - INFO - Next value of sequence pur_id_seq: 101235
2025-04-05 11:30:46,190 - INFO - Successfully inserted data into konghin.purchase.
2025-04-05 11:30:46,190 - INFO - Query: INSERT INTO konghin.purchase (pur_id, pur_slm_id, pur_gold_cost, pur_labor_cost, pur_method, pur_official_invoice, pur_date, pur_billing_date, pur_weight, pur_invoice_no, pur_code, pur_payment_status) VALUES ('PUR_101229','SLM_100007', '134.0', '0', 'CASH', '1', '2013-05-01 00:00:00', '2013-05-01 00:00:00', '0', null, '0513SLG', 'PAID'),('PUR_101230','SLM_100011', '126.3', '0', 'CASH', '1', '2014-05-01 00:00:00', '2014-05-01 00:00:00', '0', null, '0514GBT', 'PAID'),('PUR_101231','SLM_100029', '126.3', '0', 'CASH', '1', '2014-05-01 00:00:00', '2014-05-01 00:00:00', '0', null, '0514KP', 'PAID'),('PUR_101232','SLM_100012', '126.2', '0', 'CASH', '1', '2014-05-01 00:00:00', '2014-05-01 00:00:00', '0', null, '0514MGI', 'PAID'),('PUR_101233','SLM_100007', '127.9', '0', 'CASH', '1', '2014-05-01 00:00:00', '2014-05-01 00:00:00', '0', null, '0514SLG', 'PAID'),('PUR_101234','SLM_100010', '122.5', '0', 'CASH', '1', '2014-05-01 00:00:00', '2014-05-01 00:00:00', '0', null, '0514YX', 'PAID'),('PUR_101235','SLM_100013', '128.0', '0', 'CASH', '1', '2015-05-01 00:00:00', '2015-05-01 00:00:00', '0', null, '0515DE', 'PAID')
2025-04-05 11:30:46,251 - INFO - Next value of sequence pur_id_seq: 101236
2025-04-05 11:30:46,273 - INFO - Next value of sequence pur_id_seq: 101237
2025-04-05 11:30:46,301 - INFO - Next value of sequence pur_id_seq: 101238
2025-04-05 11:30:46,328 - INFO - Next value of sequence pur_id_seq: 101239
2025-04-05 11:30:46,352 - INFO - Next value of sequence pur_id_seq: 101240
2025-04-05 11:30:46,374 - INFO - Next value of sequence pur_id_seq: 101241
2025-04-05 11:30:46,403 - INFO - Next value of sequence pur_id_seq: 101242
2025-04-05 11:30:46,468 - INFO - Successfully inserted data into konghin.purchase.
2025-04-05 11:30:46,469 - INFO - Query: INSERT INTO konghin.purchase (pur_id, pur_slm_id, pur_gold_cost, pur_labor_cost, pur_method, pur_official_invoice, pur_date, pur_billing_date, pur_weight, pur_invoice_no, pur_code, pur_payment_status) VALUES ('PUR_101236','SLM_100014', '130.8', '0', 'CASH', '1', '2015-05-01 00:00:00', '2015-05-01 00:00:00', '0', null, '0515FS', 'PAID'),('PUR_101237','SLM_100011', '129.5', '0', 'CASH', '1', '2015-05-01 00:00:00', '2015-05-01 00:00:00', '0', null, '0515GBT', 'PAID'),('PUR_101238','SLM_100012', '132.3', '0', 'CASH', '1', '2015-05-01 00:00:00', '2015-05-01 00:00:00', '0', null, '0515MGI', 'PAID'),('PUR_101239','SLM_100007', '130.7', '0', 'CASH', '1', '2015-05-01 00:00:00', '2015-05-01 00:00:00', '0', null, '0515SLG', 'PAID'),('PUR_101240','SLM_100015', '131.7', '0', 'CASH', '1', '2015-05-01 00:00:00', '2015-05-01 00:00:00', '0', null, '0515YF', 'PAID'),('PUR_101241','SLM_100014', '151.4', '0', 'CASH', '1', '2016-05-01 00:00:00', '2016-05-01 00:00:00', '0', null, '0516FS', 'PAID'),('PUR_101242','SLM_100016', '155.1', '0', 'CASH', '1', '2016-05-01 00:00:00', '2016-05-01 00:00:00', '0', null, '0516HL', 'PAID')
2025-04-05 11:30:46,516 - INFO - Next value of sequence pur_id_seq: 101243
2025-04-05 11:30:46,545 - INFO - Next value of sequence pur_id_seq: 101244
2025-04-05 11:30:46,573 - INFO - Next value of sequence pur_id_seq: 101245
2025-04-05 11:30:46,598 - INFO - Next value of sequence pur_id_seq: 101246
2025-04-05 11:30:46,628 - INFO - Next value of sequence pur_id_seq: 101247
2025-04-05 11:30:46,656 - INFO - Next value of sequence pur_id_seq: 101248
2025-04-05 11:30:46,681 - INFO - Next value of sequence pur_id_seq: 101249
2025-04-05 11:30:46,736 - INFO - Successfully inserted data into konghin.purchase.
2025-04-05 11:30:46,736 - INFO - Query: INSERT INTO konghin.purchase (pur_id, pur_slm_id, pur_gold_cost, pur_labor_cost, pur_method, pur_official_invoice, pur_date, pur_billing_date, pur_weight, pur_invoice_no, pur_code, pur_payment_status) VALUES ('PUR_101243','SLM_100012', '154.7', '0', 'CASH', '1', '2016-05-01 00:00:00', '2016-05-01 00:00:00', '0', null, '0516MGI', 'PAID'),('PUR_101244','SLM_100007', '156.7', '0', 'CASH', '1', '2016-05-01 00:00:00', '2016-05-01 00:00:00', '0', null, '0516SLG', 'PAID'),('PUR_101245','SLM_100010', '156.0', '0', 'CASH', '1', '2016-05-01 00:00:00', '2016-05-01 00:00:00', '0', null, '0516YX', 'PAID'),('PUR_101246','SLM_100013', '164.0', '0', 'CASH', '1', '2017-05-01 00:00:00', '2017-05-01 00:00:00', '0', null, '0517DE', 'PAID'),('PUR_101247','SLM_100007', '162.8', '0', 'CASH', '1', '2017-05-01 00:00:00', '2017-05-01 00:00:00', '0', null, '0517SLG', 'PAID'),('PUR_101248','SLM_100017', '160.9', '0', 'CASH', '1', '2017-05-01 00:00:00', '2017-05-01 00:00:00', '0', null, '0517XW', 'PAID'),('PUR_101249','SLM_100015', '160.2', '0', 'CASH', '1', '2017-05-01 00:00:00', '2017-05-01 00:00:00', '0', null, '0517YF', 'PAID')
2025-04-05 11:30:46,781 - INFO - Next value of sequence pur_id_seq: 101250
2025-04-05 11:30:46,804 - INFO - Next value of sequence pur_id_seq: 101251
2025-04-05 11:30:46,833 - INFO - Next value of sequence pur_id_seq: 101252
2025-04-05 11:30:46,858 - INFO - Next value of sequence pur_id_seq: 101253
2025-04-05 11:30:46,881 - INFO - Next value of sequence pur_id_seq: 101254
2025-04-05 11:30:46,903 - INFO - Next value of sequence pur_id_seq: 101255
2025-04-05 11:30:46,926 - INFO - Next value of sequence pur_id_seq: 101256
2025-04-05 11:30:46,999 - INFO - Successfully inserted data into konghin.purchase.
2025-04-05 11:30:46,999 - INFO - Query: INSERT INTO konghin.purchase (pur_id, pur_slm_id, pur_gold_cost, pur_labor_cost, pur_method, pur_official_invoice, pur_date, pur_billing_date, pur_weight, pur_invoice_no, pur_code, pur_payment_status) VALUES ('PUR_101250','SLM_100018', '163.7', '0', 'CASH', '1', '2017-05-01 00:00:00', '2017-05-01 00:00:00', '0', null, '0517YM', 'PAID'),('PUR_101251','SLM_100007', '159.1', '0', 'CASH', '1', '2018-05-01 00:00:00', '2018-05-01 00:00:00', '0', null, '0518SLG', 'PAID'),('PUR_101252','SLM_100017', '156.31', '0', 'CASH', '1', '2018-05-01 00:00:00', '2018-05-01 00:00:00', '0', null, '0518XW', 'PAID'),('PUR_101253','SLM_100018', '156.05', '0', 'CASH', '1', '2018-05-01 00:00:00', '2018-05-01 00:00:00', '0', null, '0518YM', 'PAID'),('PUR_101254','SLM_100007', '162.65', '0', 'CASH', '1', '2019-05-01 00:00:00', '2019-05-01 00:00:00', '0', null, '0519SLG', 'PAID'),('PUR_101255','SLM_100017', '158.98', '0', 'CASH', '1', '2019-05-01 00:00:00', '2019-05-01 00:00:00', '0', null, '0519XW', 'PAID'),('PUR_101256','SLM_100018', '163.64', '0', 'CASH', '1', '2019-05-01 00:00:00', '2019-05-01 00:00:00', '0', null, '0519YM', 'PAID')
2025-04-05 11:30:47,042 - INFO - Next value of sequence pur_id_seq: 101257
2025-04-05 11:30:47,066 - INFO - Next value of sequence pur_id_seq: 101258
2025-04-05 11:30:47,089 - INFO - Next value of sequence pur_id_seq: 101259
2025-04-05 11:30:47,111 - INFO - Next value of sequence pur_id_seq: 101260
2025-04-05 11:30:47,141 - INFO - Next value of sequence pur_id_seq: 101261
2025-04-05 11:30:47,169 - INFO - Next value of sequence pur_id_seq: 101262
2025-04-05 11:30:47,192 - INFO - Next value of sequence pur_id_seq: 101263
2025-04-05 11:30:47,243 - INFO - Successfully inserted data into konghin.purchase.
2025-04-05 11:30:47,243 - INFO - Query: INSERT INTO konghin.purchase (pur_id, pur_slm_id, pur_gold_cost, pur_labor_cost, pur_method, pur_official_invoice, pur_date, pur_billing_date, pur_weight, pur_invoice_no, pur_code, pur_payment_status) VALUES ('PUR_101257','SLM_100031', '221.22', '0', 'CASH', '1', '2020-05-01 00:00:00', '2020-05-01 00:00:00', '0', null, '0520MK', 'PAID'),('PUR_101258','SLM_100007', '229.53', '0', 'CASH', '1', '2020-05-01 00:00:00', '2020-05-01 00:00:00', '0', null, '0520SLG', 'PAID'),('PUR_101259','SLM_100017', '228.14', '0', 'CASH', '1', '2020-05-01 00:00:00', '2020-05-01 00:00:00', '0', null, '0520XW', 'PAID'),('PUR_101260','SLM_100015', '222.46', '0', 'CASH', '1', '2020-05-01 00:00:00', '2020-05-01 00:00:00', '0', null, '0520YF', 'PAID'),('PUR_101261','SLM_100018', '225.92', '0', 'CASH', '1', '2020-05-01 00:00:00', '2020-05-01 00:00:00', '0', null, '0520YM', 'PAID'),('PUR_101262','SLM_100020', '228.09', '0', 'CASH', '1', '2021-05-01 00:00:00', '2021-05-01 00:00:00', '0', null, '0521JJT', 'PAID'),('PUR_101263','SLM_100007', '234.11', '0', 'CASH', '1', '2021-05-01 00:00:00', '2021-05-01 00:00:00', '0', null, '0521SLG', 'PAID')
2025-04-05 11:30:47,284 - INFO - Next value of sequence pur_id_seq: 101264
2025-04-05 11:30:47,308 - INFO - Next value of sequence pur_id_seq: 101265
2025-04-05 11:30:47,330 - INFO - Next value of sequence pur_id_seq: 101266
2025-04-05 11:30:47,361 - INFO - Next value of sequence pur_id_seq: 101267
2025-04-05 11:30:47,386 - INFO - Next value of sequence pur_id_seq: 101268
2025-04-05 11:30:47,408 - INFO - Next value of sequence pur_id_seq: 101269
2025-04-05 11:30:47,430 - INFO - Next value of sequence pur_id_seq: 101270
2025-04-05 11:30:47,475 - INFO - Successfully inserted data into konghin.purchase.
2025-04-05 11:30:47,475 - INFO - Query: INSERT INTO konghin.purchase (pur_id, pur_slm_id, pur_gold_cost, pur_labor_cost, pur_method, pur_official_invoice, pur_date, pur_billing_date, pur_weight, pur_invoice_no, pur_code, pur_payment_status) VALUES ('PUR_101264','SLM_100018', '234.02', '0', 'CASH', '1', '2021-05-01 00:00:00', '2021-05-01 00:00:00', '0', null, '0521YM', 'PAID'),('PUR_101265','SLM_100020', '244.86', '0', 'CASH', '1', '2022-05-01 00:00:00', '2022-05-01 00:00:00', '0', null, '0522JJT', 'PAID'),('PUR_101266','SLM_100007', '247.37', '0', 'CASH', '1', '2022-05-01 00:00:00', '2022-05-01 00:00:00', '0', null, '0522SLG', 'PAID'),('PUR_101267','SLM_100025', '246.54', '0', 'CASH', '1', '2022-05-01 00:00:00', '2022-05-01 00:00:00', '0', null, '0522TC', 'PAID'),('PUR_101268','SLM_100017', '248.17', '0', 'CASH', '1', '2022-05-01 00:00:00', '2022-05-01 00:00:00', '0', null, '0522XW', 'PAID'),('PUR_101269','SLM_100018', '246.46', '0', 'CASH', '1', '2022-05-01 00:00:00', '2022-05-01 00:00:00', '0', null, '0522YM', 'PAID'),('PUR_101270','SLM_100020', '272.68', '0', 'CASH', '1', '2023-05-01 00:00:00', '2023-05-01 00:00:00', '0', null, '0523JJT', 'PAID')
2025-04-05 11:30:47,520 - INFO - Next value of sequence pur_id_seq: 101271
2025-04-05 11:30:47,550 - INFO - Next value of sequence pur_id_seq: 101272
2025-04-05 11:30:47,573 - INFO - Next value of sequence pur_id_seq: 101273
2025-04-05 11:30:47,596 - INFO - Next value of sequence pur_id_seq: 101274
2025-04-05 11:30:47,616 - INFO - Next value of sequence pur_id_seq: 101275
2025-04-05 11:30:47,641 - INFO - Next value of sequence pur_id_seq: 101276
2025-04-05 11:30:47,663 - INFO - Next value of sequence pur_id_seq: 101277
2025-04-05 11:30:47,715 - INFO - Successfully inserted data into konghin.purchase.
2025-04-05 11:30:47,715 - INFO - Query: INSERT INTO konghin.purchase (pur_id, pur_slm_id, pur_gold_cost, pur_labor_cost, pur_method, pur_official_invoice, pur_date, pur_billing_date, pur_weight, pur_invoice_no, pur_code, pur_payment_status) VALUES ('PUR_101271','SLM_100007', '272.07', '0', 'CASH', '1', '2023-05-01 00:00:00', '2023-05-01 00:00:00', '0', null, '0523SLG', 'PAID'),('PUR_101272','SLM_100017', '271.2', '0', 'CASH', '1', '2023-05-01 00:00:00', '2023-05-01 00:00:00', '0', null, '0523XW', 'PAID'),('PUR_101273','SLM_100015', '268.9', '0', 'CASH', '1', '2023-05-01 00:00:00', '2023-05-01 00:00:00', '0', null, '0523YF', 'PAID'),('PUR_101274','SLM_100018', '273.13', '0', 'CASH', '1', '2023-05-01 00:00:00', '2023-05-01 00:00:00', '0', null, '0523YM', 'PAID'),('PUR_101275','SLM_100020', '341.33', '0', 'CASH', '1', '2024-05-01 00:00:00', '2024-05-01 00:00:00', '0', null, '0524JJT', 'PAID'),('PUR_101276','SLM_100007', '347.8', '0', 'CASH', '1', '2024-05-01 00:00:00', '2024-05-01 00:00:00', '0', null, '0524SLG', 'PAID'),('PUR_101277','SLM_100026', '338.36', '0', 'CASH', '1', '2024-05-01 00:00:00', '2024-05-01 00:00:00', '0', null, '0524WX', 'PAID')
2025-04-05 11:30:47,757 - INFO - Next value of sequence pur_id_seq: 101278
2025-04-05 11:30:47,785 - INFO - Next value of sequence pur_id_seq: 101279
2025-04-05 11:30:47,818 - INFO - Next value of sequence pur_id_seq: 101280
2025-04-05 11:30:47,842 - INFO - Next value of sequence pur_id_seq: 101281
2025-04-05 11:30:47,873 - INFO - Next value of sequence pur_id_seq: 101282
2025-04-05 11:30:47,897 - INFO - Next value of sequence pur_id_seq: 101283
2025-04-05 11:30:47,921 - INFO - Next value of sequence pur_id_seq: 101284
2025-04-05 11:30:47,965 - INFO - Successfully inserted data into konghin.purchase.
2025-04-05 11:30:47,965 - INFO - Query: INSERT INTO konghin.purchase (pur_id, pur_slm_id, pur_gold_cost, pur_labor_cost, pur_method, pur_official_invoice, pur_date, pur_billing_date, pur_weight, pur_invoice_no, pur_code, pur_payment_status) VALUES ('PUR_101278','SLM_100017', '336.91', '0', 'CASH', '1', '2024-05-01 00:00:00', '2024-05-01 00:00:00', '0', null, '0524XW', 'PAID'),('PUR_101279','SLM_100015', '331.87', '0', 'CASH', '1', '2024-05-01 00:00:00', '2024-05-01 00:00:00', '0', null, '0524YF', 'PAID'),('PUR_101280','SLM_100018', '330.97', '0', 'CASH', '1', '2024-05-01 00:00:00', '2024-05-01 00:00:00', '0', null, '0524YM', 'PAID'),('PUR_101281','SLM_100010', '330.53', '0', 'CASH', '1', '2024-05-01 00:00:00', '2024-05-01 00:00:00', '0', null, '0524YX', 'PAID'),('PUR_101282','SLM_100011', '142.0', '0', 'CASH', '1', '2011-06-01 00:00:00', '2011-06-01 00:00:00', '0', null, '0611GBT', 'PAID'),('PUR_101283','SLM_100044', '142.0', '0', 'CASH', '1', '2011-06-01 00:00:00', '2011-06-01 00:00:00', '0', null, '0611GM', 'PAID'),('PUR_101284','SLM_100009', '142.0', '0', 'CASH', '1', '2011-06-01 00:00:00', '2011-06-01 00:00:00', '0', null, '0611SH', 'PAID')
2025-04-05 11:30:48,007 - INFO - Next value of sequence pur_id_seq: 101285
2025-04-05 11:30:48,030 - INFO - Next value of sequence pur_id_seq: 101286
2025-04-05 11:30:48,053 - INFO - Next value of sequence pur_id_seq: 101287
2025-04-05 11:30:48,075 - INFO - Next value of sequence pur_id_seq: 101288
2025-04-05 11:30:48,099 - INFO - Next value of sequence pur_id_seq: 101289
2025-04-05 11:30:48,125 - INFO - Next value of sequence pur_id_seq: 101290
2025-04-05 11:30:48,148 - INFO - Next value of sequence pur_id_seq: 101291
2025-04-05 11:30:48,189 - INFO - Successfully inserted data into konghin.purchase.
2025-04-05 11:30:48,189 - INFO - Query: INSERT INTO konghin.purchase (pur_id, pur_slm_id, pur_gold_cost, pur_labor_cost, pur_method, pur_official_invoice, pur_date, pur_billing_date, pur_weight, pur_invoice_no, pur_code, pur_payment_status) VALUES ('PUR_101285','SLM_100007', '141.0', '0', 'CASH', '1', '2011-06-01 00:00:00', '2011-06-01 00:00:00', '0', null, '0611SLG', 'PAID'),('PUR_101286','SLM_100010', '139.0', '0', 'CASH', '1', '2011-06-01 00:00:00', '2011-06-01 00:00:00', '0', null, '0611YX', 'PAID'),('PUR_101287','SLM_100011', '157.0', '0', 'CASH', '1', '2012-06-01 00:00:00', '2012-06-01 00:00:00', '0', null, '0612GBT', 'PAID'),('PUR_101288','SLM_100008', '155.0', '0', 'CASH', '1', '2012-06-01 00:00:00', '2012-06-01 00:00:00', '0', null, '0612MH', 'PAID'),('PUR_101289','SLM_100007', '157.5', '0', 'CASH', '1', '2012-06-01 00:00:00', '2012-06-01 00:00:00', '0', null, '0612SLG', 'PAID'),('PUR_101290','SLM_100010', '156.5', '0', 'CASH', '1', '2012-06-01 00:00:00', '2012-06-01 00:00:00', '0', null, '0612YX', 'PAID'),('PUR_101291','SLM_100007', '133.0', '0', 'CASH', '1', '2013-06-01 00:00:00', '2013-06-01 00:00:00', '0', null, '0613SLG', 'PAID')
2025-04-05 11:30:48,230 - INFO - Next value of sequence pur_id_seq: 101292
2025-04-05 11:30:48,253 - INFO - Next value of sequence pur_id_seq: 101293
2025-04-05 11:30:48,275 - INFO - Next value of sequence pur_id_seq: 101294
2025-04-05 11:30:48,303 - INFO - Next value of sequence pur_id_seq: 101295
2025-04-05 11:30:48,330 - INFO - Next value of sequence pur_id_seq: 101296
2025-04-05 11:30:48,352 - INFO - Next value of sequence pur_id_seq: 101297
2025-04-05 11:30:48,374 - INFO - Next value of sequence pur_id_seq: 101298
2025-04-05 11:30:48,418 - INFO - Successfully inserted data into konghin.purchase.
2025-04-05 11:30:48,419 - INFO - Query: INSERT INTO konghin.purchase (pur_id, pur_slm_id, pur_gold_cost, pur_labor_cost, pur_method, pur_official_invoice, pur_date, pur_billing_date, pur_weight, pur_invoice_no, pur_code, pur_payment_status) VALUES ('PUR_101292','SLM_100035', '122.0', '0', 'CASH', '1', '2014-06-01 00:00:00', '2014-06-01 00:00:00', '0', null, '0614GC', 'PAID'),('PUR_101293','SLM_100045', '122.2', '0', 'CASH', '1', '2014-06-01 00:00:00', '2014-06-01 00:00:00', '0', null, '0614GG', 'PAID'),('PUR_101294','SLM_100036', '121.1', '0', 'CASH', '1', '2014-06-01 00:00:00', '2014-06-01 00:00:00', '0', null, '0614JF', 'PAID'),('PUR_101295','SLM_100040', '124.2', '0', 'CASH', '1', '2014-06-01 00:00:00', '2014-06-01 00:00:00', '0', null, '0614MGT', 'PAID'),('PUR_101296','SLM_100007', '129.3', '0', 'CASH', '1', '2014-06-01 00:00:00', '2014-06-01 00:00:00', '0', null, '0614SLG', 'PAID'),('PUR_101297','SLM_100010', '122.5', '0', 'CASH', '1', '2014-06-01 00:00:00', '2014-06-01 00:00:00', '0', null, '0614YX', 'PAID'),('PUR_101298','SLM_100013', '134.65', '0', 'CASH', '1', '2015-06-01 00:00:00', '2015-06-01 00:00:00', '0', null, '0615DE', 'PAID')
2025-04-05 11:30:48,456 - INFO - Next value of sequence pur_id_seq: 101299
2025-04-05 11:30:48,500 - INFO - Next value of sequence pur_id_seq: 101300
2025-04-05 11:30:48,522 - INFO - Next value of sequence pur_id_seq: 101301
2025-04-05 11:30:48,575 - INFO - Next value of sequence pur_id_seq: 101302
2025-04-05 11:30:48,598 - INFO - Next value of sequence pur_id_seq: 101303
2025-04-05 11:30:48,620 - INFO - Next value of sequence pur_id_seq: 101304
2025-04-05 11:30:48,642 - INFO - Next value of sequence pur_id_seq: 101305
2025-04-05 11:30:48,686 - INFO - Successfully inserted data into konghin.purchase.
2025-04-05 11:30:48,687 - INFO - Query: INSERT INTO konghin.purchase (pur_id, pur_slm_id, pur_gold_cost, pur_labor_cost, pur_method, pur_official_invoice, pur_date, pur_billing_date, pur_weight, pur_invoice_no, pur_code, pur_payment_status) VALUES ('PUR_101299','SLM_100011', '133.85', '0', 'CASH', '1', '2015-06-01 00:00:00', '2015-06-01 00:00:00', '0', null, '0615GBT', 'PAID'),('PUR_101300','SLM_100007', '135.7', '0', 'CASH', '1', '2015-06-01 00:00:00', '2015-06-01 00:00:00', '0', null, '0615SLG', 'PAID'),('PUR_101301','SLM_100015', '134.2', '0', 'CASH', '1', '2015-06-01 00:00:00', '2015-06-01 00:00:00', '0', null, '0615YF', 'PAID'),('PUR_101302','SLM_100010', '134.1', '0', 'CASH', '1', '2015-06-01 00:00:00', '2015-06-01 00:00:00', '0', null, '0615YX', 'PAID'),('PUR_101303','SLM_100016', '158.1', '0', 'CASH', '1', '2016-06-01 00:00:00', '2016-06-01 00:00:00', '0', null, '0616HL', 'PAID'),('PUR_101304','SLM_100012', '153.6', '0', 'CASH', '1', '2016-06-01 00:00:00', '2016-06-01 00:00:00', '0', null, '0616MGI', 'PAID'),('PUR_101305','SLM_100007', '157.4', '0', 'CASH', '1', '2016-06-01 00:00:00', '2016-06-01 00:00:00', '0', null, '0616SLG', 'PAID')
2025-04-05 11:30:48,739 - INFO - Next value of sequence pur_id_seq: 101306
2025-04-05 11:30:48,762 - INFO - Next value of sequence pur_id_seq: 101307
2025-04-05 11:30:48,784 - INFO - Next value of sequence pur_id_seq: 101308
2025-04-05 11:30:48,807 - INFO - Next value of sequence pur_id_seq: 101309
2025-04-05 11:30:48,829 - INFO - Next value of sequence pur_id_seq: 101310
2025-04-05 11:30:48,850 - INFO - Next value of sequence pur_id_seq: 101311
2025-04-05 11:30:48,872 - INFO - Next value of sequence pur_id_seq: 101312
2025-04-05 11:30:48,918 - INFO - Successfully inserted data into konghin.purchase.
2025-04-05 11:30:48,918 - INFO - Query: INSERT INTO konghin.purchase (pur_id, pur_slm_id, pur_gold_cost, pur_labor_cost, pur_method, pur_official_invoice, pur_date, pur_billing_date, pur_weight, pur_invoice_no, pur_code, pur_payment_status) VALUES ('PUR_101306','SLM_100017', '160.8', '0', 'CASH', '1', '2016-06-01 00:00:00', '2016-06-01 00:00:00', '0', null, '0616XW', 'PAID'),('PUR_101307','SLM_100011', '162.7', '0', 'CASH', '1', '2017-06-01 00:00:00', '2017-06-01 00:00:00', '0', null, '0617GBT', 'PAID'),('PUR_101308','SLM_100016', '164.2', '0', 'CASH', '1', '2017-06-01 00:00:00', '2017-06-01 00:00:00', '0', null, '0617HL', 'PAID'),('PUR_101309','SLM_100007', '166.8', '0', 'CASH', '1', '2017-06-01 00:00:00', '2017-06-01 00:00:00', '0', null, '0617SLG', 'PAID'),('PUR_101310','SLM_100018', '166.8', '0', 'CASH', '1', '2017-06-01 00:00:00', '2017-06-01 00:00:00', '0', null, '0617YM', 'PAID'),('PUR_101311','SLM_100013', '153.86', '0', 'CASH', '1', '2018-06-01 00:00:00', '2018-06-01 00:00:00', '0', null, '0618DE', 'PAID'),('PUR_101312','SLM_100007', '156.3', '0', 'CASH', '1', '2018-06-01 00:00:00', '2018-06-01 00:00:00', '0', null, '0618SLG', 'PAID')
2025-04-05 11:30:48,966 - INFO - Next value of sequence pur_id_seq: 101313
2025-04-05 11:30:48,988 - INFO - Next value of sequence pur_id_seq: 101314
2025-04-05 11:30:49,011 - INFO - Next value of sequence pur_id_seq: 101315
2025-04-05 11:30:49,033 - INFO - Next value of sequence pur_id_seq: 101316
2025-04-05 11:30:49,055 - INFO - Next value of sequence pur_id_seq: 101317
2025-04-05 11:30:49,076 - INFO - Next value of sequence pur_id_seq: 101318
2025-04-05 11:30:49,098 - INFO - Next value of sequence pur_id_seq: 101319
2025-04-05 11:30:49,149 - INFO - Successfully inserted data into konghin.purchase.
2025-04-05 11:30:49,149 - INFO - Query: INSERT INTO konghin.purchase (pur_id, pur_slm_id, pur_gold_cost, pur_labor_cost, pur_method, pur_official_invoice, pur_date, pur_billing_date, pur_weight, pur_invoice_no, pur_code, pur_payment_status) VALUES ('PUR_101313','SLM_100017', '153.0', '0', 'CASH', '1', '2018-06-01 00:00:00', '2018-06-01 00:00:00', '0', null, '0618XW', 'PAID'),('PUR_101314','SLM_100015', '156.11', '0', 'CASH', '1', '2018-06-01 00:00:00', '2018-06-01 00:00:00', '0', null, '0618YF', 'PAID'),('PUR_101315','SLM_100018', '153.91', '0', 'CASH', '1', '2018-06-01 00:00:00', '2018-06-01 00:00:00', '0', null, '0618YM', 'PAID'),('PUR_101316','SLM_100010', '156.7', '0', 'CASH', '1', '2018-06-01 00:00:00', '2018-06-01 00:00:00', '0', null, '0618YX', 'PAID'),('PUR_101317','SLM_100007', '170.23', '0', 'CASH', '1', '2019-06-01 00:00:00', '2019-06-01 00:00:00', '0', null, '0619SLG', 'PAID'),('PUR_101318','SLM_100017', '173.9', '0', 'CASH', '1', '2019-06-01 00:00:00', '2019-06-01 00:00:00', '0', null, '0619XW', 'PAID'),('PUR_101319','SLM_100018', '168.41', '0', 'CASH', '1', '2019-06-01 00:00:00', '2019-06-01 00:00:00', '0', null, '0619YM', 'PAID')
2025-04-05 11:30:49,191 - INFO - Next value of sequence pur_id_seq: 101320
2025-04-05 11:30:49,216 - INFO - Next value of sequence pur_id_seq: 101321
2025-04-05 11:30:49,238 - INFO - Next value of sequence pur_id_seq: 101322
2025-04-05 11:30:49,261 - INFO - Next value of sequence pur_id_seq: 101323
2025-04-05 11:30:49,288 - INFO - Next value of sequence pur_id_seq: 101324
2025-04-05 11:30:49,309 - INFO - Next value of sequence pur_id_seq: 101325
2025-04-05 11:30:49,331 - INFO - Next value of sequence pur_id_seq: 101326
2025-04-05 11:30:49,376 - INFO - Successfully inserted data into konghin.purchase.
2025-04-05 11:30:49,376 - INFO - Query: INSERT INTO konghin.purchase (pur_id, pur_slm_id, pur_gold_cost, pur_labor_cost, pur_method, pur_official_invoice, pur_date, pur_billing_date, pur_weight, pur_invoice_no, pur_code, pur_payment_status) VALUES ('PUR_101320','SLM_100010', '166.4', '0', 'CASH', '1', '2019-06-01 00:00:00', '2019-06-01 00:00:00', '0', null, '0619YX', 'PAID'),('PUR_101321','SLM_100007', '224.28', '0', 'CASH', '1', '2020-06-01 00:00:00', '2020-06-01 00:00:00', '0', null, '0620SLG', 'PAID'),('PUR_101322','SLM_100018', '227.93', '0', 'CASH', '1', '2020-06-01 00:00:00', '2020-06-01 00:00:00', '0', null, '0620YM', 'PAID'),('PUR_101323','SLM_100020', '244.11', '0', 'CASH', '1', '2022-06-01 00:00:00', '2022-06-01 00:00:00', '0', null, '0622JJT', 'PAID'),('PUR_101324','SLM_100019', '244.03', '0', 'CASH', '1', '2022-06-01 00:00:00', '2022-06-01 00:00:00', '0', null, '0622LUX', 'PAID'),('PUR_101325','SLM_100007', '246.92', '0', 'CASH', '1', '2022-06-01 00:00:00', '2022-06-01 00:00:00', '0', null, '0622SLG', 'PAID'),('PUR_101326','SLM_100017', '239.87', '0', 'CASH', '1', '2022-06-01 00:00:00', '2022-06-01 00:00:00', '0', null, '0622XW', 'PAID')
2025-04-05 11:30:49,421 - INFO - Next value of sequence pur_id_seq: 101327
2025-04-05 11:30:49,457 - INFO - Next value of sequence pur_id_seq: 101328
2025-04-05 11:30:49,479 - INFO - Next value of sequence pur_id_seq: 101329
2025-04-05 11:30:49,501 - INFO - Next value of sequence pur_id_seq: 101330
2025-04-05 11:30:49,523 - INFO - Next value of sequence pur_id_seq: 101331
2025-04-05 11:30:49,545 - INFO - Next value of sequence pur_id_seq: 101332
2025-04-05 11:30:49,567 - INFO - Next value of sequence pur_id_seq: 101333
2025-04-05 11:30:49,608 - INFO - Successfully inserted data into konghin.purchase.
2025-04-05 11:30:49,608 - INFO - Query: INSERT INTO konghin.purchase (pur_id, pur_slm_id, pur_gold_cost, pur_labor_cost, pur_method, pur_official_invoice, pur_date, pur_billing_date, pur_weight, pur_invoice_no, pur_code, pur_payment_status) VALUES ('PUR_101327','SLM_100015', '241.6', '0', 'CASH', '1', '2022-06-01 00:00:00', '2022-06-01 00:00:00', '0', null, '0622YF', 'PAID'),('PUR_101328','SLM_100018', '246.51', '0', 'CASH', '1', '2022-06-01 00:00:00', '2022-06-01 00:00:00', '0', null, '0622YM', 'PAID'),('PUR_101329','SLM_100010', '248.6', '0', 'CASH', '1', '2022-06-01 00:00:00', '2022-06-01 00:00:00', '0', null, '0622YX', 'PAID'),('PUR_101330','SLM_100023', '329.4', '0', 'CASH', '1', '2024-06-01 00:00:00', '2024-06-01 00:00:00', '0', null, '0624CJ', 'PAID'),('PUR_101331','SLM_100020', '326.24', '0', 'CASH', '1', '2024-06-01 00:00:00', '2024-06-01 00:00:00', '0', null, '0624JJT', 'PAID'),('PUR_101332','SLM_100034', '335.45', '0', 'CASH', '1', '2024-06-01 00:00:00', '2024-06-01 00:00:00', '0', null, '0624JS', 'PAID'),('PUR_101333','SLM_100007', '337.24', '0', 'CASH', '1', '2024-06-01 00:00:00', '2024-06-01 00:00:00', '0', null, '0624SLG', 'PAID')
2025-04-05 11:30:49,661 - INFO - Next value of sequence pur_id_seq: 101334
2025-04-05 11:30:49,685 - INFO - Next value of sequence pur_id_seq: 101335
2025-04-05 11:30:49,707 - INFO - Next value of sequence pur_id_seq: 101336
2025-04-05 11:30:49,730 - INFO - Next value of sequence pur_id_seq: 101337
2025-04-05 11:30:49,752 - INFO - Next value of sequence pur_id_seq: 101338
2025-04-05 11:30:49,773 - INFO - Next value of sequence pur_id_seq: 101339
2025-04-05 11:30:49,794 - INFO - Next value of sequence pur_id_seq: 101340
2025-04-05 11:30:49,839 - INFO - Successfully inserted data into konghin.purchase.
2025-04-05 11:30:49,840 - INFO - Query: INSERT INTO konghin.purchase (pur_id, pur_slm_id, pur_gold_cost, pur_labor_cost, pur_method, pur_official_invoice, pur_date, pur_billing_date, pur_weight, pur_invoice_no, pur_code, pur_payment_status) VALUES ('PUR_101334','SLM_100015', '329.62', '0', 'CASH', '1', '2024-06-01 00:00:00', '2024-06-01 00:00:00', '0', null, '0624YF', 'PAID'),('PUR_101335','SLM_100018', '331.41', '0', 'CASH', '1', '2024-06-01 00:00:00', '2024-06-01 00:00:00', '0', null, '0624YM', 'PAID'),('PUR_101336','SLM_100010', '328.42', '0', 'CASH', '1', '2024-06-01 00:00:00', '2024-06-01 00:00:00', '0', null, '0624YX', 'PAID'),('PUR_101337','SLM_100006', '144.5', '0', 'CASH', '1', '2011-07-01 00:00:00', '2011-07-01 00:00:00', '0', null, '0711MG', 'PAID'),('PUR_101338','SLM_100007', '138.0', '0', 'CASH', '1', '2011-07-01 00:00:00', '2011-07-01 00:00:00', '0', null, '0711SLG', 'PAID'),('PUR_101339','SLM_100010', '139.0', '0', 'CASH', '1', '2011-07-01 00:00:00', '2011-07-01 00:00:00', '0', null, '0711YX', 'PAID'),('PUR_101340','SLM_100011', '153.5', '0', 'CASH', '1', '2012-07-01 00:00:00', '2012-07-01 00:00:00', '0', null, '0712GBT', 'PAID')
2025-04-05 11:30:49,885 - INFO - Next value of sequence pur_id_seq: 101341
2025-04-05 11:30:49,906 - INFO - Next value of sequence pur_id_seq: 101342
2025-04-05 11:30:49,930 - INFO - Next value of sequence pur_id_seq: 101343
2025-04-05 11:30:49,952 - INFO - Next value of sequence pur_id_seq: 101344
2025-04-05 11:30:49,975 - INFO - Next value of sequence pur_id_seq: 101345
2025-04-05 11:30:49,997 - INFO - Next value of sequence pur_id_seq: 101346
2025-04-05 11:30:50,019 - INFO - Next value of sequence pur_id_seq: 101347
2025-04-05 11:30:50,070 - INFO - Successfully inserted data into konghin.purchase.
2025-04-05 11:30:50,071 - INFO - Query: INSERT INTO konghin.purchase (pur_id, pur_slm_id, pur_gold_cost, pur_labor_cost, pur_method, pur_official_invoice, pur_date, pur_billing_date, pur_weight, pur_invoice_no, pur_code, pur_payment_status) VALUES ('PUR_101341','SLM_100007', '153.5', '0', 'CASH', '1', '2012-07-01 00:00:00', '2012-07-01 00:00:00', '0', null, '0712SLG', 'PAID'),('PUR_101342','SLM_100011', '121.0', '0', 'CASH', '1', '2013-07-01 00:00:00', '2013-07-01 00:00:00', '0', null, '0713GBT', 'PAID'),('PUR_101343','SLM_100029', '120.5', '0', 'CASH', '1', '2013-07-01 00:00:00', '2013-07-01 00:00:00', '0', null, '0713KP', 'PAID'),('PUR_101344','SLM_100007', '129.5', '0', 'CASH', '1', '2013-07-01 00:00:00', '2013-07-01 00:00:00', '0', null, '0713SLG', 'PAID'),('PUR_101345','SLM_100010', '124.0', '0', 'CASH', '1', '2013-07-01 00:00:00', '2013-07-01 00:00:00', '0', null, '0713YX', 'PAID'),('PUR_101346','SLM_100011', '127.8', '0', 'CASH', '1', '2014-07-01 00:00:00', '2014-07-01 00:00:00', '0', null, '0714GBT', 'PAID'),('PUR_101347','SLM_100035', '127.4', '0', 'CASH', '1', '2014-07-01 00:00:00', '2014-07-01 00:00:00', '0', null, '0714GC', 'PAID')
2025-04-05 11:30:50,129 - INFO - Next value of sequence pur_id_seq: 101348
2025-04-05 11:30:50,177 - INFO - Next value of sequence pur_id_seq: 101349
2025-04-05 11:30:50,200 - INFO - Next value of sequence pur_id_seq: 101350
2025-04-05 11:30:50,231 - INFO - Next value of sequence pur_id_seq: 101351
2025-04-05 11:30:50,253 - INFO - Next value of sequence pur_id_seq: 101352
2025-04-05 11:30:50,276 - INFO - Next value of sequence pur_id_seq: 101353
2025-04-05 11:30:50,298 - INFO - Next value of sequence pur_id_seq: 101354
2025-04-05 11:30:50,343 - INFO - Successfully inserted data into konghin.purchase.
2025-04-05 11:30:50,343 - INFO - Query: INSERT INTO konghin.purchase (pur_id, pur_slm_id, pur_gold_cost, pur_labor_cost, pur_method, pur_official_invoice, pur_date, pur_billing_date, pur_weight, pur_invoice_no, pur_code, pur_payment_status) VALUES ('PUR_101348','SLM_100045', '126.4', '0', 'CASH', '1', '2014-07-01 00:00:00', '2014-07-01 00:00:00', '0', null, '0714GG', 'PAID'),('PUR_101349','SLM_100029', '125.8', '0', 'CASH', '1', '2014-07-01 00:00:00', '2014-07-01 00:00:00', '0', null, '0714KP', 'PAID'),('PUR_101350','SLM_100012', '125.3', '0', 'CASH', '1', '2014-07-01 00:00:00', '2014-07-01 00:00:00', '0', null, '0714MGI', 'PAID'),('PUR_101351','SLM_100009', '128.1', '0', 'CASH', '1', '2014-07-01 00:00:00', '2014-07-01 00:00:00', '0', null, '0714SH', 'PAID'),('PUR_101352','SLM_100007', '128.0', '0', 'CASH', '1', '2014-07-01 00:00:00', '2014-07-01 00:00:00', '0', null, '0714SLG', 'PAID'),('PUR_101353','SLM_100010', '127.5', '0', 'CASH', '1', '2014-07-01 00:00:00', '2014-07-01 00:00:00', '0', null, '0714YX', 'PAID'),('PUR_101354','SLM_100014', '126.45', '0', 'CASH', '1', '2015-07-01 00:00:00', '2015-07-01 00:00:00', '0', null, '0715FS', 'PAID')
2025-04-05 11:30:50,397 - INFO - Next value of sequence pur_id_seq: 101355
2025-04-05 11:30:50,419 - INFO - Next value of sequence pur_id_seq: 101356
2025-04-05 11:30:50,440 - INFO - Next value of sequence pur_id_seq: 101357
2025-04-05 11:30:50,462 - INFO - Next value of sequence pur_id_seq: 101358
2025-04-05 11:30:50,485 - INFO - Next value of sequence pur_id_seq: 101359
2025-04-05 11:30:50,508 - INFO - Next value of sequence pur_id_seq: 101360
2025-04-05 11:30:50,550 - INFO - Next value of sequence pur_id_seq: 101361
2025-04-05 11:30:50,602 - INFO - Successfully inserted data into konghin.purchase.
2025-04-05 11:30:50,602 - INFO - Query: INSERT INTO konghin.purchase (pur_id, pur_slm_id, pur_gold_cost, pur_labor_cost, pur_method, pur_official_invoice, pur_date, pur_billing_date, pur_weight, pur_invoice_no, pur_code, pur_payment_status) VALUES ('PUR_101355','SLM_100011', '133.5', '0', 'CASH', '1', '2015-07-01 00:00:00', '2015-07-01 00:00:00', '0', null, '0715GBT', 'PAID'),('PUR_101356','SLM_100036', '133.2', '0', 'CASH', '1', '2015-07-01 00:00:00', '2015-07-01 00:00:00', '0', null, '0715JF', 'PAID'),('PUR_101357','SLM_100007', '135.7', '0', 'CASH', '1', '2015-07-01 00:00:00', '2015-07-01 00:00:00', '0', null, '0715SLG', 'PAID'),('PUR_101358','SLM_100015', '126.5', '0', 'CASH', '1', '2015-07-01 00:00:00', '2015-07-01 00:00:00', '0', null, '0715YF', 'PAID'),('PUR_101359','SLM_100010', '125.65', '0', 'CASH', '1', '2015-07-01 00:00:00', '2015-07-01 00:00:00', '0', null, '0715YX', 'PAID'),('PUR_101360','SLM_100013', '163.3', '0', 'CASH', '1', '2016-07-01 00:00:00', '2016-07-01 00:00:00', '0', null, '0716DE', 'PAID'),('PUR_101361','SLM_100012', '161.2', '0', 'CASH', '1', '2016-07-01 00:00:00', '2016-07-01 00:00:00', '0', null, '0716MGI', 'PAID')
2025-04-05 11:30:50,646 - INFO - Next value of sequence pur_id_seq: 101362
2025-04-05 11:30:50,670 - INFO - Next value of sequence pur_id_seq: 101363
2025-04-05 11:30:50,692 - INFO - Next value of sequence pur_id_seq: 101364
2025-04-05 11:30:50,714 - INFO - Next value of sequence pur_id_seq: 101365
2025-04-05 11:30:50,736 - INFO - Next value of sequence pur_id_seq: 101366
2025-04-05 11:30:50,775 - INFO - Next value of sequence pur_id_seq: 101367
2025-04-05 11:30:50,806 - INFO - Next value of sequence pur_id_seq: 101368
2025-04-05 11:30:50,849 - INFO - Successfully inserted data into konghin.purchase.
2025-04-05 11:30:50,849 - INFO - Query: INSERT INTO konghin.purchase (pur_id, pur_slm_id, pur_gold_cost, pur_labor_cost, pur_method, pur_official_invoice, pur_date, pur_billing_date, pur_weight, pur_invoice_no, pur_code, pur_payment_status) VALUES ('PUR_101362','SLM_100007', '164.9', '0', 'CASH', '1', '2016-07-01 00:00:00', '2016-07-01 00:00:00', '0', null, '0716SLG', 'PAID'),('PUR_101363','SLM_100010', '164.4', '0', 'CASH', '1', '2016-07-01 00:00:00', '2016-07-01 00:00:00', '0', null, '0716YX', 'PAID'),('PUR_101364','SLM_100007', '161.7', '0', 'CASH', '1', '2017-07-01 00:00:00', '2017-07-01 00:00:00', '0', null, '0717SLG', 'PAID'),('PUR_101365','SLM_100018', '161.1', '0', 'CASH', '1', '2017-07-01 00:00:00', '2017-07-01 00:00:00', '0', null, '0717YM', 'PAID'),('PUR_101366','SLM_100010', '162.7', '0', 'CASH', '1', '2017-07-01 00:00:00', '2017-07-01 00:00:00', '0', null, '0717YX', 'PAID'),('PUR_101367','SLM_100007', '155.2', '0', 'CASH', '1', '2018-07-01 00:00:00', '2018-07-01 00:00:00', '0', null, '0718SLG', 'PAID'),('PUR_101368','SLM_100018', '152.72', '0', 'CASH', '1', '2018-07-01 00:00:00', '2018-07-01 00:00:00', '0', null, '0718YM', 'PAID')
2025-04-05 11:30:50,890 - INFO - Next value of sequence pur_id_seq: 101369
2025-04-05 11:30:50,912 - INFO - Next value of sequence pur_id_seq: 101370
2025-04-05 11:30:50,934 - INFO - Next value of sequence pur_id_seq: 101371
2025-04-05 11:30:50,957 - INFO - Next value of sequence pur_id_seq: 101372
2025-04-05 11:30:50,980 - INFO - Next value of sequence pur_id_seq: 101373
2025-04-05 11:30:51,003 - INFO - Next value of sequence pur_id_seq: 101374
2025-04-05 11:30:51,036 - INFO - Next value of sequence pur_id_seq: 101375
2025-04-05 11:30:51,103 - INFO - Successfully inserted data into konghin.purchase.
2025-04-05 11:30:51,103 - INFO - Query: INSERT INTO konghin.purchase (pur_id, pur_slm_id, pur_gold_cost, pur_labor_cost, pur_method, pur_official_invoice, pur_date, pur_billing_date, pur_weight, pur_invoice_no, pur_code, pur_payment_status) VALUES ('PUR_101369','SLM_100043', '174.58', '0', 'CASH', '1', '2019-07-01 00:00:00', '2019-07-01 00:00:00', '0', null, '0719DC', 'PAID'),('PUR_101370','SLM_100031', '178.96', '0', 'CASH', '1', '2019-07-01 00:00:00', '2019-07-01 00:00:00', '0', null, '0719MK', 'PAID'),('PUR_101371','SLM_100007', '174.35', '0', 'CASH', '1', '2019-07-01 00:00:00', '2019-07-01 00:00:00', '0', null, '0719SLG', 'PAID'),('PUR_101372','SLM_100015', '174.57', '0', 'CASH', '1', '2019-07-01 00:00:00', '2019-07-01 00:00:00', '0', null, '0719YF', 'PAID'),('PUR_101373','SLM_100018', '177.66', '0', 'CASH', '1', '2019-07-01 00:00:00', '2019-07-01 00:00:00', '0', null, '0719YM', 'PAID'),('PUR_101374','SLM_100010', '179.58', '0', 'CASH', '1', '2019-07-01 00:00:00', '2019-07-01 00:00:00', '0', null, '0719YX', 'PAID'),('PUR_101375','SLM_100031', '230.79', '0', 'CASH', '1', '2020-07-01 00:00:00', '2020-07-01 00:00:00', '0', null, '0720MK', 'PAID')
2025-04-05 11:30:51,148 - INFO - Next value of sequence pur_id_seq: 101376
2025-04-05 11:30:51,171 - INFO - Next value of sequence pur_id_seq: 101377
2025-04-05 11:30:51,422 - INFO - Next value of sequence pur_id_seq: 101378
2025-04-05 11:30:51,445 - INFO - Next value of sequence pur_id_seq: 101379
2025-04-05 11:30:51,470 - INFO - Next value of sequence pur_id_seq: 101380
2025-04-05 11:30:51,492 - INFO - Next value of sequence pur_id_seq: 101381
2025-04-05 11:30:51,514 - INFO - Next value of sequence pur_id_seq: 101382
2025-04-05 11:30:51,563 - INFO - Successfully inserted data into konghin.purchase.
2025-04-05 11:30:51,563 - INFO - Query: INSERT INTO konghin.purchase (pur_id, pur_slm_id, pur_gold_cost, pur_labor_cost, pur_method, pur_official_invoice, pur_date, pur_billing_date, pur_weight, pur_invoice_no, pur_code, pur_payment_status) VALUES ('PUR_101376','SLM_100017', '249.88', '0', 'CASH', '1', '2020-07-01 00:00:00', '2020-07-01 00:00:00', '0', null, '0720XW', 'PAID'),('PUR_101377','SLM_100020', '240.06', '0', 'CASH', '1', '2022-07-01 00:00:00', '2022-07-01 00:00:00', '0', null, '0722JJT', 'PAID'),('PUR_101378','SLM_100019', '236.37', '0', 'CASH', '1', '2022-07-01 00:00:00', '2022-07-01 00:00:00', '0', null, '0722LUX', 'PAID'),('PUR_101379','SLM_100007', '230.78', '0', 'CASH', '1', '2022-07-01 00:00:00', '2022-07-01 00:00:00', '0', null, '0722SLG', 'PAID'),('PUR_101380','SLM_100025', '240.87', '0', 'CASH', '1', '2022-07-01 00:00:00', '2022-07-01 00:00:00', '0', null, '0722TC', 'PAID'),('PUR_101381','SLM_100015', '230.44', '0', 'CASH', '1', '2022-07-01 00:00:00', '2022-07-01 00:00:00', '0', null, '0722YF', 'PAID'),('PUR_101382','SLM_100018', '240.59', '0', 'CASH', '1', '2022-07-01 00:00:00', '2022-07-01 00:00:00', '0', null, '0722YM', 'PAID')
2025-04-05 11:30:51,615 - INFO - Next value of sequence pur_id_seq: 101383
2025-04-05 11:30:51,634 - INFO - Next value of sequence pur_id_seq: 101384
2025-04-05 11:30:51,657 - INFO - Next value of sequence pur_id_seq: 101385
2025-04-05 11:30:51,681 - INFO - Next value of sequence pur_id_seq: 101386
2025-04-05 11:30:51,709 - INFO - Next value of sequence pur_id_seq: 101387
2025-04-05 11:30:51,731 - INFO - Next value of sequence pur_id_seq: 101388
2025-04-05 11:30:51,752 - INFO - Next value of sequence pur_id_seq: 101389
2025-04-05 11:30:51,798 - INFO - Successfully inserted data into konghin.purchase.
2025-04-05 11:30:51,799 - INFO - Query: INSERT INTO konghin.purchase (pur_id, pur_slm_id, pur_gold_cost, pur_labor_cost, pur_method, pur_official_invoice, pur_date, pur_billing_date, pur_weight, pur_invoice_no, pur_code, pur_payment_status) VALUES ('PUR_101383','SLM_100010', '234.67', '0', 'CASH', '1', '2022-07-01 00:00:00', '2022-07-01 00:00:00', '0', null, '0722YX', 'PAID'),('PUR_101384','SLM_100023', '334.9', '0', 'CASH', '1', '2024-07-01 00:00:00', '2024-07-01 00:00:00', '0', null, '0724CJ', 'PAID'),('PUR_101385','SLM_100020', '335.0', '0', 'CASH', '1', '2024-07-01 00:00:00', '2024-07-01 00:00:00', '0', null, '0724JJT', 'PAID'),('PUR_101386','SLM_100019', '333.97', '0', 'CASH', '1', '2024-07-01 00:00:00', '2024-07-01 00:00:00', '0', null, '0724LUX', 'PAID'),('PUR_101387','SLM_100024', '339.4', '0', 'CASH', '1', '2024-07-01 00:00:00', '2024-07-01 00:00:00', '0', null, '0724SF', 'PAID'),('PUR_101388','SLM_100007', '337.65', '0', 'CASH', '1', '2024-07-01 00:00:00', '2024-07-01 00:00:00', '0', null, '0724SLG', 'PAID'),('PUR_101389','SLM_100017', '342.06', '0', 'CASH', '1', '2024-07-01 00:00:00', '2024-07-01 00:00:00', '0', null, '0724XW', 'PAID')
2025-04-05 11:30:51,845 - INFO - Next value of sequence pur_id_seq: 101390
2025-04-05 11:30:51,870 - INFO - Next value of sequence pur_id_seq: 101391
2025-04-05 11:30:51,892 - INFO - Next value of sequence pur_id_seq: 101392
2025-04-05 11:30:51,914 - INFO - Next value of sequence pur_id_seq: 101393
2025-04-05 11:30:51,936 - INFO - Next value of sequence pur_id_seq: 101394
2025-04-05 11:30:51,957 - INFO - Next value of sequence pur_id_seq: 101395
2025-04-05 11:30:51,981 - INFO - Next value of sequence pur_id_seq: 101396
2025-04-05 11:30:52,035 - INFO - Successfully inserted data into konghin.purchase.
2025-04-05 11:30:52,035 - INFO - Query: INSERT INTO konghin.purchase (pur_id, pur_slm_id, pur_gold_cost, pur_labor_cost, pur_method, pur_official_invoice, pur_date, pur_billing_date, pur_weight, pur_invoice_no, pur_code, pur_payment_status) VALUES ('PUR_101390','SLM_100018', '347.73', '0', 'CASH', '1', '2024-07-01 00:00:00', '2024-07-01 00:00:00', '0', null, '0724YM', 'PAID'),('PUR_101391','SLM_100010', '336.84', '0', 'CASH', '1', '2024-07-01 00:00:00', '2024-07-01 00:00:00', '0', null, '0724YX', 'PAID'),('PUR_101392','SLM_100011', '166.5', '0', 'CASH', '1', '2011-08-01 00:00:00', '2011-08-01 00:00:00', '0', null, '0811GBT', 'PAID'),('PUR_101393','SLM_100007', '161.5', '0', 'CASH', '1', '2011-08-01 00:00:00', '2011-08-01 00:00:00', '0', null, '0811SLG', 'PAID'),('PUR_101394','SLM_100010', '169.0', '0', 'CASH', '1', '2011-08-01 00:00:00', '2011-08-01 00:00:00', '0', null, '0811YX', 'PAID'),('PUR_101395','SLM_100011', '153.0', '0', 'CASH', '1', '2012-08-01 00:00:00', '2012-08-01 00:00:00', '0', null, '0812GBT', 'PAID'),('PUR_101396','SLM_100006', '151.0', '0', 'CASH', '1', '2012-08-01 00:00:00', '2012-08-01 00:00:00', '0', null, '0812MG', 'PAID')
2025-04-05 11:30:52,086 - INFO - Next value of sequence pur_id_seq: 101397
2025-04-05 11:30:52,108 - INFO - Next value of sequence pur_id_seq: 101398
2025-04-05 11:30:52,129 - INFO - Next value of sequence pur_id_seq: 101399
2025-04-05 11:30:52,164 - INFO - Next value of sequence pur_id_seq: 101400
2025-04-05 11:30:52,192 - INFO - Next value of sequence pur_id_seq: 101401
2025-04-05 11:30:52,220 - INFO - Next value of sequence pur_id_seq: 101402
2025-04-05 11:30:52,242 - INFO - Next value of sequence pur_id_seq: 101403
2025-04-05 11:30:52,289 - INFO - Successfully inserted data into konghin.purchase.
2025-04-05 11:30:52,289 - INFO - Query: INSERT INTO konghin.purchase (pur_id, pur_slm_id, pur_gold_cost, pur_labor_cost, pur_method, pur_official_invoice, pur_date, pur_billing_date, pur_weight, pur_invoice_no, pur_code, pur_payment_status) VALUES ('PUR_101397','SLM_100007', '154.5', '0', 'CASH', '1', '2012-08-01 00:00:00', '2012-08-01 00:00:00', '0', null, '0812SLG', 'PAID'),('PUR_101398','SLM_100010', '154.0', '0', 'CASH', '1', '2012-08-01 00:00:00', '2012-08-01 00:00:00', '0', null, '0812YX', 'PAID'),('PUR_101399','SLM_100029', '128.5', '0', 'CASH', '1', '2013-08-01 00:00:00', '2013-08-01 00:00:00', '0', null, '0813KP', 'PAID'),('PUR_101400','SLM_100007', '131.0', '0', 'CASH', '1', '2013-08-01 00:00:00', '2013-08-01 00:00:00', '0', null, '0813SLG', 'PAID'),('PUR_101401','SLM_100010', '142.0', '0', 'CASH', '1', '2013-08-01 00:00:00', '2013-08-01 00:00:00', '0', null, '0813YX', 'PAID'),('PUR_101402','SLM_100011', '122.8', '0', 'CASH', '1', '2014-08-01 00:00:00', '2014-08-01 00:00:00', '0', null, '0814GBT', 'PAID'),('PUR_101403','SLM_100035', '127.1', '0', 'CASH', '1', '2014-08-01 00:00:00', '2014-08-01 00:00:00', '0', null, '0814GC', 'PAID')
2025-04-05 11:30:52,331 - INFO - Next value of sequence pur_id_seq: 101404
2025-04-05 11:30:52,353 - INFO - Next value of sequence pur_id_seq: 101405
2025-04-05 11:30:52,376 - INFO - Next value of sequence pur_id_seq: 101406
2025-04-05 11:30:52,403 - INFO - Next value of sequence pur_id_seq: 101407
2025-04-05 11:30:52,426 - INFO - Next value of sequence pur_id_seq: 101408
2025-04-05 11:30:52,448 - INFO - Next value of sequence pur_id_seq: 101409
2025-04-05 11:30:52,470 - INFO - Next value of sequence pur_id_seq: 101410
2025-04-05 11:30:52,514 - INFO - Successfully inserted data into konghin.purchase.
2025-04-05 11:30:52,514 - INFO - Query: INSERT INTO konghin.purchase (pur_id, pur_slm_id, pur_gold_cost, pur_labor_cost, pur_method, pur_official_invoice, pur_date, pur_billing_date, pur_weight, pur_invoice_no, pur_code, pur_payment_status) VALUES ('PUR_101404','SLM_100045', '123.2', '0', 'CASH', '1', '2014-08-01 00:00:00', '2014-08-01 00:00:00', '0', null, '0814GG', 'PAID'),('PUR_101405','SLM_100012', '126.2', '0', 'CASH', '1', '2014-08-01 00:00:00', '2014-08-01 00:00:00', '0', null, '0814MGI', 'PAID'),('PUR_101406','SLM_100007', '127.4', '0', 'CASH', '1', '2014-08-01 00:00:00', '2014-08-01 00:00:00', '0', null, '0814SLG', 'PAID'),('PUR_101407','SLM_100011', '129.6', '0', 'CASH', '1', '2015-08-01 00:00:00', '2015-08-01 00:00:00', '0', null, '0815GBT', 'PAID'),('PUR_101408','SLM_100036', '129.85', '0', 'CASH', '1', '2015-08-01 00:00:00', '2015-08-01 00:00:00', '0', null, '0815JF', 'PAID'),('PUR_101409','SLM_100012', '147.3', '0', 'CASH', '1', '2015-08-01 00:00:00', '2015-08-01 00:00:00', '0', null, '0815MGI', 'PAID'),('PUR_101410','SLM_100007', '138.8', '0', 'CASH', '1', '2015-08-01 00:00:00', '2015-08-01 00:00:00', '0', null, '0815SLG', 'PAID')
2025-04-05 11:30:52,579 - INFO - Next value of sequence pur_id_seq: 101411
2025-04-05 11:30:52,610 - INFO - Next value of sequence pur_id_seq: 101412
2025-04-05 11:30:52,633 - INFO - Next value of sequence pur_id_seq: 101413
2025-04-05 11:30:52,656 - INFO - Next value of sequence pur_id_seq: 101414
2025-04-05 11:30:52,675 - INFO - Next value of sequence pur_id_seq: 101415
2025-04-05 11:30:52,699 - INFO - Next value of sequence pur_id_seq: 101416
2025-04-05 11:30:52,720 - INFO - Next value of sequence pur_id_seq: 101417
2025-04-05 11:30:52,776 - INFO - Successfully inserted data into konghin.purchase.
2025-04-05 11:30:52,776 - INFO - Query: INSERT INTO konghin.purchase (pur_id, pur_slm_id, pur_gold_cost, pur_labor_cost, pur_method, pur_official_invoice, pur_date, pur_billing_date, pur_weight, pur_invoice_no, pur_code, pur_payment_status) VALUES ('PUR_101411','SLM_100011', '166.7', '0', 'CASH', '1', '2016-08-01 00:00:00', '2016-08-01 00:00:00', '0', null, '0816GBT', 'PAID'),('PUR_101412','SLM_100007', '165.6', '0', 'CASH', '1', '2016-08-01 00:00:00', '2016-08-01 00:00:00', '0', null, '0816SLG', 'PAID'),('PUR_101413','SLM_100013', '164.7', '0', 'CASH', '1', '2017-08-01 00:00:00', '2017-08-01 00:00:00', '0', null, '0817DE', 'PAID'),('PUR_101414','SLM_100011', '168.5', '0', 'CASH', '1', '2017-08-01 00:00:00', '2017-08-01 00:00:00', '0', null, '0817GBT', 'PAID'),('PUR_101415','SLM_100007', '165.7', '0', 'CASH', '1', '2017-08-01 00:00:00', '2017-08-01 00:00:00', '0', null, '0817SLG', 'PAID'),('PUR_101416','SLM_100017', '166.9', '0', 'CASH', '1', '2017-08-01 00:00:00', '2017-08-01 00:00:00', '0', null, '0817XW', 'PAID'),('PUR_101417','SLM_100018', '164.8', '0', 'CASH', '1', '2017-08-01 00:00:00', '2017-08-01 00:00:00', '0', null, '0817YM', 'PAID')
2025-04-05 11:30:52,818 - INFO - Next value of sequence pur_id_seq: 101418
2025-04-05 11:30:52,840 - INFO - Next value of sequence pur_id_seq: 101419
2025-04-05 11:30:52,862 - INFO - Next value of sequence pur_id_seq: 101420
2025-04-05 11:30:52,885 - INFO - Next value of sequence pur_id_seq: 101421
2025-04-05 11:30:52,914 - INFO - Next value of sequence pur_id_seq: 101422
2025-04-05 11:30:52,938 - INFO - Next value of sequence pur_id_seq: 101423
2025-04-05 11:30:52,959 - INFO - Next value of sequence pur_id_seq: 101424
2025-04-05 11:30:53,006 - INFO - Successfully inserted data into konghin.purchase.
2025-04-05 11:30:53,006 - INFO - Query: INSERT INTO konghin.purchase (pur_id, pur_slm_id, pur_gold_cost, pur_labor_cost, pur_method, pur_official_invoice, pur_date, pur_billing_date, pur_weight, pur_invoice_no, pur_code, pur_payment_status) VALUES ('PUR_101418','SLM_100013', '148.21', '0', 'CASH', '1', '2018-08-01 00:00:00', '2018-08-01 00:00:00', '0', null, '0818DE', 'PAID'),('PUR_101419','SLM_100007', '151.6', '0', 'CASH', '1', '2018-08-01 00:00:00', '2018-08-01 00:00:00', '0', null, '0818SLG', 'PAID'),('PUR_101420','SLM_100017', '147.25', '0', 'CASH', '1', '2018-08-01 00:00:00', '2018-08-01 00:00:00', '0', null, '0818XW', 'PAID'),('PUR_101421','SLM_100015', '145.25', '0', 'CASH', '1', '2018-08-01 00:00:00', '2018-08-01 00:00:00', '0', null, '0818YF', 'PAID'),('PUR_101422','SLM_100018', '150.0', '0', 'CASH', '1', '2018-08-01 00:00:00', '2018-08-01 00:00:00', '0', null, '0818YM', 'PAID'),('PUR_101423','SLM_100010', '150.23', '0', 'CASH', '1', '2018-08-01 00:00:00', '2018-08-01 00:00:00', '0', null, '0818YX', 'PAID'),('PUR_101424','SLM_100007', '178.03', '0', 'CASH', '1', '2019-08-01 00:00:00', '2019-08-01 00:00:00', '0', null, '0819SLG', 'PAID')
2025-04-05 11:30:53,047 - INFO - Next value of sequence pur_id_seq: 101425
2025-04-05 11:30:53,069 - INFO - Next value of sequence pur_id_seq: 101426
2025-04-05 11:30:53,093 - INFO - Next value of sequence pur_id_seq: 101427
2025-04-05 11:30:53,118 - INFO - Next value of sequence pur_id_seq: 101428
2025-04-05 11:30:53,143 - INFO - Next value of sequence pur_id_seq: 101429
2025-04-05 11:30:53,172 - INFO - Next value of sequence pur_id_seq: 101430
2025-04-05 11:30:53,199 - INFO - Next value of sequence pur_id_seq: 101431
2025-04-05 11:30:53,245 - INFO - Successfully inserted data into konghin.purchase.
2025-04-05 11:30:53,245 - INFO - Query: INSERT INTO konghin.purchase (pur_id, pur_slm_id, pur_gold_cost, pur_labor_cost, pur_method, pur_official_invoice, pur_date, pur_billing_date, pur_weight, pur_invoice_no, pur_code, pur_payment_status) VALUES ('PUR_101425','SLM_100018', '176.49', '0', 'CASH', '1', '2019-08-01 00:00:00', '2019-08-01 00:00:00', '0', null, '0819YM', 'PAID'),('PUR_101426','SLM_100010', '194.88', '0', 'CASH', '1', '2019-08-01 00:00:00', '2019-08-01 00:00:00', '0', null, '0819YX', 'PAID'),('PUR_101427','SLM_100031', '245.85', '0', 'CASH', '1', '2020-08-01 00:00:00', '2020-08-01 00:00:00', '0', null, '0820MK', 'PAID'),('PUR_101428','SLM_100007', '257.58', '0', 'CASH', '1', '2020-08-01 00:00:00', '2020-08-01 00:00:00', '0', null, '0820SLG', 'PAID'),('PUR_101429','SLM_100018', '260.12', '0', 'CASH', '1', '2020-08-01 00:00:00', '2020-08-01 00:00:00', '0', null, '0820YM', 'PAID'),('PUR_101430','SLM_100020', '227.37', '0', 'CASH', '1', '2021-08-01 00:00:00', '2021-08-01 00:00:00', '0', null, '0821JJT', 'PAID'),('PUR_101431','SLM_100020', '239.93', '0', 'CASH', '1', '2022-08-01 00:00:00', '2022-08-01 00:00:00', '0', null, '0822JJT', 'PAID')
2025-04-05 11:30:53,289 - INFO - Next value of sequence pur_id_seq: 101432
2025-04-05 11:30:53,312 - INFO - Next value of sequence pur_id_seq: 101433
2025-04-05 11:30:53,334 - INFO - Next value of sequence pur_id_seq: 101434
2025-04-05 11:30:53,373 - INFO - Next value of sequence pur_id_seq: 101435
2025-04-05 11:30:53,396 - INFO - Next value of sequence pur_id_seq: 101436
2025-04-05 11:30:53,419 - INFO - Next value of sequence pur_id_seq: 101437
2025-04-05 11:30:53,441 - INFO - Next value of sequence pur_id_seq: 101438
2025-04-05 11:30:53,494 - INFO - Successfully inserted data into konghin.purchase.
2025-04-05 11:30:53,494 - INFO - Query: INSERT INTO konghin.purchase (pur_id, pur_slm_id, pur_gold_cost, pur_labor_cost, pur_method, pur_official_invoice, pur_date, pur_billing_date, pur_weight, pur_invoice_no, pur_code, pur_payment_status) VALUES ('PUR_101432','SLM_100034', '236.76', '0', 'CASH', '1', '2022-08-01 00:00:00', '2022-08-01 00:00:00', '0', null, '0822JS', 'PAID'),('PUR_101433','SLM_100022', '237.46', '0', 'CASH', '1', '2022-08-01 00:00:00', '2022-08-01 00:00:00', '0', null, '0822RB', 'PAID'),('PUR_101434','SLM_100007', '240.83', '0', 'CASH', '1', '2022-08-01 00:00:00', '2022-08-01 00:00:00', '0', null, '0822SLG', 'PAID'),('PUR_101435','SLM_100025', '237.46', '0', 'CASH', '1', '2022-08-01 00:00:00', '2022-08-01 00:00:00', '0', null, '0822TC', 'PAID'),('PUR_101436','SLM_100023', '325.84', '0', 'CASH', '1', '2024-08-01 00:00:00', '2024-08-01 00:00:00', '0', null, '0824CJ', 'PAID'),('PUR_101437','SLM_100020', '331.26', '0', 'CASH', '1', '2024-08-01 00:00:00', '2024-08-01 00:00:00', '0', null, '0824JJT', 'PAID'),('PUR_101438','SLM_100019', '329.97', '0', 'CASH', '1', '2024-08-01 00:00:00', '2024-08-01 00:00:00', '0', null, '0824LUX', 'PAID')
2025-04-05 11:30:53,536 - INFO - Next value of sequence pur_id_seq: 101439
2025-04-05 11:30:53,559 - INFO - Next value of sequence pur_id_seq: 101440
2025-04-05 11:30:53,581 - INFO - Next value of sequence pur_id_seq: 101441
2025-04-05 11:30:53,603 - INFO - Next value of sequence pur_id_seq: 101442
2025-04-05 11:30:53,627 - INFO - Next value of sequence pur_id_seq: 101443
2025-04-05 11:30:53,655 - INFO - Next value of sequence pur_id_seq: 101444
2025-04-05 11:30:53,681 - INFO - Next value of sequence pur_id_seq: 101445
2025-04-05 11:30:53,724 - INFO - Successfully inserted data into konghin.purchase.
2025-04-05 11:30:53,724 - INFO - Query: INSERT INTO konghin.purchase (pur_id, pur_slm_id, pur_gold_cost, pur_labor_cost, pur_method, pur_official_invoice, pur_date, pur_billing_date, pur_weight, pur_invoice_no, pur_code, pur_payment_status) VALUES ('PUR_101439','SLM_100007', '330.94', '0', 'CASH', '1', '2024-08-01 00:00:00', '2024-08-01 00:00:00', '0', null, '0824SLG', 'PAID'),('PUR_101440','SLM_100018', '328.82', '0', 'CASH', '1', '2024-08-01 00:00:00', '2024-08-01 00:00:00', '0', null, '0824YM', 'PAID'),('PUR_101441','SLM_100010', '329.41', '0', 'CASH', '1', '2024-08-01 00:00:00', '2024-08-01 00:00:00', '0', null, '0824YX', 'PAID'),('PUR_101442','SLM_100011', '170.0', '0', 'CASH', '1', '2011-09-01 00:00:00', '2011-09-01 00:00:00', '0', null, '0911GBT', 'PAID'),('PUR_101443','SLM_100007', '169.5', '0', 'CASH', '1', '2011-09-01 00:00:00', '2011-09-01 00:00:00', '0', null, '0911SLG', 'PAID'),('PUR_101444','SLM_100010', '157.0', '0', 'CASH', '1', '2011-09-01 00:00:00', '2011-09-01 00:00:00', '0', null, '0911YX', 'PAID'),('PUR_101445','SLM_100011', '133.0', '0', 'CASH', '1', '2013-09-01 00:00:00', '2013-09-01 00:00:00', '0', null, '0913GBT', 'PAID')
2025-04-05 11:30:53,779 - INFO - Next value of sequence pur_id_seq: 101446
2025-04-05 11:30:53,800 - INFO - Next value of sequence pur_id_seq: 101447
2025-04-05 11:30:53,824 - INFO - Next value of sequence pur_id_seq: 101448
2025-04-05 11:30:53,846 - INFO - Next value of sequence pur_id_seq: 101449
2025-04-05 11:30:53,868 - INFO - Next value of sequence pur_id_seq: 101450
2025-04-05 11:30:53,890 - INFO - Next value of sequence pur_id_seq: 101451
2025-04-05 11:30:53,913 - INFO - Next value of sequence pur_id_seq: 101452
2025-04-05 11:30:53,962 - INFO - Successfully inserted data into konghin.purchase.
2025-04-05 11:30:53,963 - INFO - Query: INSERT INTO konghin.purchase (pur_id, pur_slm_id, pur_gold_cost, pur_labor_cost, pur_method, pur_official_invoice, pur_date, pur_billing_date, pur_weight, pur_invoice_no, pur_code, pur_payment_status) VALUES ('PUR_101446','SLM_100007', '132.0', '0', 'CASH', '1', '2013-09-01 00:00:00', '2013-09-01 00:00:00', '0', null, '0913SLG', 'PAID'),('PUR_101447','SLM_100011', '121.4', '0', 'CASH', '1', '2014-09-01 00:00:00', '2014-09-01 00:00:00', '0', null, '0914GBT', 'PAID'),('PUR_101448','SLM_100035', '120.1', '0', 'CASH', '1', '2014-09-01 00:00:00', '2014-09-01 00:00:00', '0', null, '0914GC', 'PAID'),('PUR_101449','SLM_100009', '120.6', '0', 'CASH', '1', '2014-09-01 00:00:00', '2014-09-01 00:00:00', '0', null, '0914SH', 'PAID'),('PUR_101450','SLM_100007', '121.5', '0', 'CASH', '1', '2014-09-01 00:00:00', '2014-09-01 00:00:00', '0', null, '0914SLG', 'PAID'),('PUR_101451','SLM_100010', '121.2', '0', 'CASH', '1', '2014-09-01 00:00:00', '2014-09-01 00:00:00', '0', null, '0914YX', 'PAID'),('PUR_101452','SLM_100013', '144.5', '0', 'CASH', '1', '2015-09-01 00:00:00', '2015-09-01 00:00:00', '0', null, '0915DE', 'PAID')
2025-04-05 11:30:54,009 - INFO - Next value of sequence pur_id_seq: 101453
2025-04-05 11:30:54,031 - INFO - Next value of sequence pur_id_seq: 101454
2025-04-05 11:30:54,056 - INFO - Next value of sequence pur_id_seq: 101455
2025-04-05 11:30:54,086 - INFO - Next value of sequence pur_id_seq: 101456
2025-04-05 11:30:54,109 - INFO - Next value of sequence pur_id_seq: 101457
2025-04-05 11:30:54,132 - INFO - Next value of sequence pur_id_seq: 101458
2025-04-05 11:30:54,154 - INFO - Next value of sequence pur_id_seq: 101459
2025-04-05 11:30:54,197 - INFO - Successfully inserted data into konghin.purchase.
2025-04-05 11:30:54,197 - INFO - Query: INSERT INTO konghin.purchase (pur_id, pur_slm_id, pur_gold_cost, pur_labor_cost, pur_method, pur_official_invoice, pur_date, pur_billing_date, pur_weight, pur_invoice_no, pur_code, pur_payment_status) VALUES ('PUR_101453','SLM_100014', '146.5', '0', 'CASH', '1', '2015-09-01 00:00:00', '2015-09-01 00:00:00', '0', null, '0915FS', 'PAID'),('PUR_101454','SLM_100011', '144.8', '0', 'CASH', '1', '2015-09-01 00:00:00', '2015-09-01 00:00:00', '0', null, '0915GBT', 'PAID'),('PUR_101455','SLM_100035', '144.6', '0', 'CASH', '1', '2015-09-01 00:00:00', '2015-09-01 00:00:00', '0', null, '0915GC', 'PAID'),('PUR_101456','SLM_100046', '147.4', '0', 'CASH', '1', '2015-09-01 00:00:00', '2015-09-01 00:00:00', '0', null, '0915GCJ', 'PAID'),('PUR_101457','SLM_100007', '145.1', '0', 'CASH', '1', '2015-09-01 00:00:00', '2015-09-01 00:00:00', '0', null, '0915SLG', 'PAID'),('PUR_101458','SLM_100015', '151.1', '0', 'CASH', '1', '2015-09-01 00:00:00', '2015-09-01 00:00:00', '0', null, '0915YF', 'PAID'),('PUR_101459','SLM_100010', '145.4', '0', 'CASH', '1', '2015-09-01 00:00:00', '2015-09-01 00:00:00', '0', null, '0915YX', 'PAID')
2025-04-05 11:30:54,236 - INFO - Next value of sequence pur_id_seq: 101460
2025-04-05 11:30:54,259 - INFO - Next value of sequence pur_id_seq: 101461
2025-04-05 11:30:54,288 - INFO - Next value of sequence pur_id_seq: 101462
2025-04-05 11:30:54,310 - INFO - Next value of sequence pur_id_seq: 101463
2025-04-05 11:30:54,332 - INFO - Next value of sequence pur_id_seq: 101464
2025-04-05 11:30:54,354 - INFO - Next value of sequence pur_id_seq: 101465
2025-04-05 11:30:54,375 - INFO - Next value of sequence pur_id_seq: 101466
2025-04-05 11:30:54,419 - INFO - Successfully inserted data into konghin.purchase.
2025-04-05 11:30:54,419 - INFO - Query: INSERT INTO konghin.purchase (pur_id, pur_slm_id, pur_gold_cost, pur_labor_cost, pur_method, pur_official_invoice, pur_date, pur_billing_date, pur_weight, pur_invoice_no, pur_code, pur_payment_status) VALUES ('PUR_101460','SLM_100016', '164.9', '0', 'CASH', '1', '2016-09-01 00:00:00', '2016-09-01 00:00:00', '0', null, '0916HL', 'PAID'),('PUR_101461','SLM_100012', '165.0', '0', 'CASH', '1', '2016-09-01 00:00:00', '2016-09-01 00:00:00', '0', null, '0916MGI', 'PAID'),('PUR_101462','SLM_100017', '164.7', '0', 'CASH', '1', '2016-09-01 00:00:00', '2016-09-01 00:00:00', '0', null, '0916XW', 'PAID'),('PUR_101463','SLM_100010', '165.0', '0', 'CASH', '1', '2016-09-01 00:00:00', '2016-09-01 00:00:00', '0', null, '0916YX', 'PAID'),('PUR_101464','SLM_100013', '164.7', '0', 'CASH', '1', '2017-09-01 00:00:00', '2017-09-01 00:00:00', '0', null, '0917DE', 'PAID'),('PUR_101465','SLM_100007', '172.5', '0', 'CASH', '1', '2017-09-01 00:00:00', '2017-09-01 00:00:00', '0', null, '0917SLG', 'PAID'),('PUR_101466','SLM_100015', '164.3', '0', 'CASH', '1', '2017-09-01 00:00:00', '2017-09-01 00:00:00', '0', null, '0917YF', 'PAID')
2025-04-05 11:30:54,460 - INFO - Next value of sequence pur_id_seq: 101467
2025-04-05 11:30:54,482 - INFO - Next value of sequence pur_id_seq: 101468
2025-04-05 11:30:54,505 - INFO - Next value of sequence pur_id_seq: 101469
2025-04-05 11:30:54,528 - INFO - Next value of sequence pur_id_seq: 101470
2025-04-05 11:30:54,552 - INFO - Next value of sequence pur_id_seq: 101471
2025-04-05 11:30:54,615 - INFO - Next value of sequence pur_id_seq: 101472
2025-04-05 11:30:54,639 - INFO - Next value of sequence pur_id_seq: 101473
2025-04-05 11:30:54,679 - INFO - Successfully inserted data into konghin.purchase.
2025-04-05 11:30:54,679 - INFO - Query: INSERT INTO konghin.purchase (pur_id, pur_slm_id, pur_gold_cost, pur_labor_cost, pur_method, pur_official_invoice, pur_date, pur_billing_date, pur_weight, pur_invoice_no, pur_code, pur_payment_status) VALUES ('PUR_101467','SLM_100018', '166.5', '0', 'CASH', '1', '2017-09-01 00:00:00', '2017-09-01 00:00:00', '0', null, '0917YM', 'PAID'),('PUR_101468','SLM_100007', '151.0', '0', 'CASH', '1', '2018-09-01 00:00:00', '2018-09-01 00:00:00', '0', null, '0918SLG', 'PAID'),('PUR_101469','SLM_100018', '151.22', '0', 'CASH', '1', '2018-09-01 00:00:00', '2018-09-01 00:00:00', '0', null, '0918YM', 'PAID'),('PUR_101470','SLM_100007', '189.55', '0', 'CASH', '1', '2019-09-01 00:00:00', '2019-09-01 00:00:00', '0', null, '0919SLG', 'PAID'),('PUR_101471','SLM_100017', '196.73', '0', 'CASH', '1', '2019-09-01 00:00:00', '2019-09-01 00:00:00', '0', null, '0919XW', 'PAID'),('PUR_101472','SLM_100015', '194.66', '0', 'CASH', '1', '2019-09-01 00:00:00', '2019-09-01 00:00:00', '0', null, '0919YF', 'PAID'),('PUR_101473','SLM_100031', '243.96', '0', 'CASH', '1', '2020-09-01 00:00:00', '2020-09-01 00:00:00', '0', null, '0920MK', 'PAID')
2025-04-05 11:30:54,721 - INFO - Next value of sequence pur_id_seq: 101474
2025-04-05 11:30:54,741 - INFO - Next value of sequence pur_id_seq: 101475
2025-04-05 11:30:54,764 - INFO - Next value of sequence pur_id_seq: 101476
2025-04-05 11:30:54,786 - INFO - Next value of sequence pur_id_seq: 101477
2025-04-05 11:30:54,809 - INFO - Next value of sequence pur_id_seq: 101478
2025-04-05 11:30:54,831 - INFO - Next value of sequence pur_id_seq: 101479
2025-04-05 11:30:54,856 - INFO - Next value of sequence pur_id_seq: 101480
2025-04-05 11:30:54,909 - INFO - Successfully inserted data into konghin.purchase.
2025-04-05 11:30:54,909 - INFO - Query: INSERT INTO konghin.purchase (pur_id, pur_slm_id, pur_gold_cost, pur_labor_cost, pur_method, pur_official_invoice, pur_date, pur_billing_date, pur_weight, pur_invoice_no, pur_code, pur_payment_status) VALUES ('PUR_101474','SLM_100007', '244.85', '0', 'CASH', '1', '2020-09-01 00:00:00', '2020-09-01 00:00:00', '0', null, '0920SLG', 'PAID'),('PUR_101475','SLM_100017', '242.4', '0', 'CASH', '1', '2020-09-01 00:00:00', '2020-09-01 00:00:00', '0', null, '0920XW', 'PAID'),('PUR_101476','SLM_100018', '238.1', '0', 'CASH', '1', '2020-09-01 00:00:00', '2020-09-01 00:00:00', '0', null, '0920YM', 'PAID'),('PUR_101477','SLM_100007', '229.87', '0', 'CASH', '1', '2021-09-01 00:00:00', '2021-09-01 00:00:00', '0', null, '0921SLG', 'PAID'),('PUR_101478','SLM_100017', '219.22', '0', 'CASH', '1', '2021-09-01 00:00:00', '2021-09-01 00:00:00', '0', null, '0921XW', 'PAID'),('PUR_101479','SLM_100018', '225.97', '0', 'CASH', '1', '2021-09-01 00:00:00', '2021-09-01 00:00:00', '0', null, '0921YM', 'PAID'),('PUR_101480','SLM_100010', '220.49', '0', 'CASH', '1', '2021-09-01 00:00:00', '2021-09-01 00:00:00', '0', null, '0921YX', 'PAID')
2025-04-05 11:30:54,950 - INFO - Next value of sequence pur_id_seq: 101481
2025-04-05 11:30:54,973 - INFO - Next value of sequence pur_id_seq: 101482
2025-04-05 11:30:54,995 - INFO - Next value of sequence pur_id_seq: 101483
2025-04-05 11:30:55,017 - INFO - Next value of sequence pur_id_seq: 101484
2025-04-05 11:30:55,039 - INFO - Next value of sequence pur_id_seq: 101485
2025-04-05 11:30:55,062 - INFO - Next value of sequence pur_id_seq: 101486
2025-04-05 11:30:55,088 - INFO - Next value of sequence pur_id_seq: 101487
2025-04-05 11:30:55,135 - INFO - Successfully inserted data into konghin.purchase.
2025-04-05 11:30:55,136 - INFO - Query: INSERT INTO konghin.purchase (pur_id, pur_slm_id, pur_gold_cost, pur_labor_cost, pur_method, pur_official_invoice, pur_date, pur_billing_date, pur_weight, pur_invoice_no, pur_code, pur_payment_status) VALUES ('PUR_101481','SLM_100020', '231.23', '0', 'CASH', '1', '2022-09-01 00:00:00', '2022-09-01 00:00:00', '0', null, '0922JJT', 'PAID'),('PUR_101482','SLM_100019', '234.26', '0', 'CASH', '1', '2022-09-01 00:00:00', '2022-09-01 00:00:00', '0', null, '0922LUX', 'PAID'),('PUR_101483','SLM_100022', '228.88', '0', 'CASH', '1', '2022-09-01 00:00:00', '2022-09-01 00:00:00', '0', null, '0922RB', 'PAID'),('PUR_101484','SLM_100007', '236.35', '0', 'CASH', '1', '2022-09-01 00:00:00', '2022-09-01 00:00:00', '0', null, '0922SLG', 'PAID'),('PUR_101485','SLM_100025', '232.46', '0', 'CASH', '1', '2022-09-01 00:00:00', '2022-09-01 00:00:00', '0', null, '0922TC', 'PAID'),('PUR_101486','SLM_100017', '232.54', '0', 'CASH', '1', '2022-09-01 00:00:00', '2022-09-01 00:00:00', '0', null, '0922XW', 'PAID'),('PUR_101487','SLM_100015', '228.61', '0', 'CASH', '1', '2022-09-01 00:00:00', '2022-09-01 00:00:00', '0', null, '0922YF', 'PAID')
2025-04-05 11:30:55,180 - INFO - Next value of sequence pur_id_seq: 101488
2025-04-05 11:30:55,210 - INFO - Next value of sequence pur_id_seq: 101489
2025-04-05 11:30:55,235 - INFO - Next value of sequence pur_id_seq: 101490
2025-04-05 11:30:55,258 - INFO - Next value of sequence pur_id_seq: 101491
2025-04-05 11:30:55,281 - INFO - Next value of sequence pur_id_seq: 101492
2025-04-05 11:30:55,303 - INFO - Next value of sequence pur_id_seq: 101493
2025-04-05 11:30:55,333 - INFO - Next value of sequence pur_id_seq: 101494
2025-04-05 11:30:55,378 - INFO - Successfully inserted data into konghin.purchase.
2025-04-05 11:30:55,378 - INFO - Query: INSERT INTO konghin.purchase (pur_id, pur_slm_id, pur_gold_cost, pur_labor_cost, pur_method, pur_official_invoice, pur_date, pur_billing_date, pur_weight, pur_invoice_no, pur_code, pur_payment_status) VALUES ('PUR_101488','SLM_100018', '231.54', '0', 'CASH', '1', '2022-09-01 00:00:00', '2022-09-01 00:00:00', '0', null, '0922YM', 'PAID'),('PUR_101489','SLM_100023', '271.28', '0', 'CASH', '1', '2023-09-01 00:00:00', '2023-09-01 00:00:00', '0', null, '0923CJ', 'PAID'),('PUR_101490','SLM_100020', '271.62', '0', 'CASH', '1', '2023-09-01 00:00:00', '2023-09-01 00:00:00', '0', null, '0923JJT', 'PAID'),('PUR_101491','SLM_100019', '264.82', '0', 'CASH', '1', '2023-09-01 00:00:00', '2023-09-01 00:00:00', '0', null, '0923LUX', 'PAID'),('PUR_101492','SLM_100007', '270.83', '0', 'CASH', '1', '2023-09-01 00:00:00', '2023-09-01 00:00:00', '0', null, '0923SLG', 'PAID'),('PUR_101493','SLM_100015', '269.37', '0', 'CASH', '1', '2023-09-01 00:00:00', '2023-09-01 00:00:00', '0', null, '0923YF', 'PAID'),('PUR_101494','SLM_100018', '269.72', '0', 'CASH', '1', '2023-09-01 00:00:00', '2023-09-01 00:00:00', '0', null, '0923YM', 'PAID')
2025-04-05 11:30:55,419 - INFO - Next value of sequence pur_id_seq: 101495
2025-04-05 11:30:55,441 - INFO - Next value of sequence pur_id_seq: 101496
2025-04-05 11:30:55,464 - INFO - Next value of sequence pur_id_seq: 101497
2025-04-05 11:30:55,486 - INFO - Next value of sequence pur_id_seq: 101498
2025-04-05 11:30:55,509 - INFO - Next value of sequence pur_id_seq: 101499
2025-04-05 11:30:55,537 - INFO - Next value of sequence pur_id_seq: 101500
2025-04-05 11:30:55,560 - INFO - Next value of sequence pur_id_seq: 101501
2025-04-05 11:30:55,619 - INFO - Successfully inserted data into konghin.purchase.
2025-04-05 11:30:55,619 - INFO - Query: INSERT INTO konghin.purchase (pur_id, pur_slm_id, pur_gold_cost, pur_labor_cost, pur_method, pur_official_invoice, pur_date, pur_billing_date, pur_weight, pur_invoice_no, pur_code, pur_payment_status) VALUES ('PUR_101495','SLM_100010', '270.66', '0', 'CASH', '1', '2023-09-01 00:00:00', '2023-09-01 00:00:00', '0', null, '0923YX', 'PAID'),('PUR_101496','SLM_100020', '332.42', '0', 'CASH', '1', '2024-09-01 00:00:00', '2024-09-01 00:00:00', '0', null, '0924JJT', 'PAID'),('PUR_101497','SLM_100022', '328.37', '0', 'CASH', '1', '2024-09-01 00:00:00', '2024-09-01 00:00:00', '0', null, '0924RB', 'PAID'),('PUR_101498','SLM_100007', '328.95', '0', 'CASH', '1', '2024-09-01 00:00:00', '2024-09-01 00:00:00', '0', null, '0924SLG', 'PAID'),('PUR_101499','SLM_100017', '331.46', '0', 'CASH', '1', '2024-09-01 00:00:00', '2024-09-01 00:00:00', '0', null, '0924XW', 'PAID'),('PUR_101500','SLM_100015', '328.42', '0', 'CASH', '1', '2024-09-01 00:00:00', '2024-09-01 00:00:00', '0', null, '0924YF', 'PAID'),('PUR_101501','SLM_100018', '329.61', '0', 'CASH', '1', '2024-09-01 00:00:00', '2024-09-01 00:00:00', '0', null, '0924YM', 'PAID')
2025-04-05 11:30:55,665 - INFO - Next value of sequence pur_id_seq: 101502
2025-04-05 11:30:55,688 - INFO - Next value of sequence pur_id_seq: 101503
2025-04-05 11:30:55,712 - INFO - Next value of sequence pur_id_seq: 101504
2025-04-05 11:30:55,743 - INFO - Next value of sequence pur_id_seq: 101505
2025-04-05 11:30:55,765 - INFO - Next value of sequence pur_id_seq: 101506
2025-04-05 11:30:55,788 - INFO - Next value of sequence pur_id_seq: 101507
2025-04-05 11:30:55,810 - INFO - Next value of sequence pur_id_seq: 101508
2025-04-05 11:30:55,857 - INFO - Successfully inserted data into konghin.purchase.
2025-04-05 11:30:55,857 - INFO - Query: INSERT INTO konghin.purchase (pur_id, pur_slm_id, pur_gold_cost, pur_labor_cost, pur_method, pur_official_invoice, pur_date, pur_billing_date, pur_weight, pur_invoice_no, pur_code, pur_payment_status) VALUES ('PUR_101502','SLM_100044', '126.5', '0', 'CASH', '1', '2010-10-01 00:00:00', '2010-10-01 00:00:00', '0', null, '1010GM', 'PAID'),('PUR_101503','SLM_100006', '127.0', '0', 'CASH', '1', '2010-10-01 00:00:00', '2010-10-01 00:00:00', '0', null, '1010MG', 'PAID'),('PUR_101504','SLM_100007', '126.5', '0', 'CASH', '1', '2010-10-01 00:00:00', '2010-10-01 00:00:00', '0', null, '1010SLG', 'PAID'),('PUR_101505','SLM_100006', '158.5', '0', 'CASH', '1', '2011-10-01 00:00:00', '2011-10-01 00:00:00', '0', null, '1011MG', 'PAID'),('PUR_101506','SLM_100009', '158.5', '0', 'CASH', '1', '2011-10-01 00:00:00', '2011-10-01 00:00:00', '0', null, '1011SH', 'PAID'),('PUR_101507','SLM_100007', '161.5', '0', 'CASH', '1', '2011-10-01 00:00:00', '2011-10-01 00:00:00', '0', null, '1011SLG', 'PAID'),('PUR_101508','SLM_100007', '163.0', '0', 'CASH', '1', '2012-10-01 00:00:00', '2012-10-01 00:00:00', '0', null, '1012SLG', 'PAID')
2025-04-05 11:30:55,907 - INFO - Next value of sequence pur_id_seq: 101509
2025-04-05 11:30:55,930 - INFO - Next value of sequence pur_id_seq: 101510
2025-04-05 11:30:55,953 - INFO - Next value of sequence pur_id_seq: 101511
2025-04-05 11:30:55,975 - INFO - Next value of sequence pur_id_seq: 101512
2025-04-05 11:30:56,001 - INFO - Next value of sequence pur_id_seq: 101513
2025-04-05 11:30:56,037 - INFO - Next value of sequence pur_id_seq: 101514
2025-04-05 11:30:56,059 - INFO - Next value of sequence pur_id_seq: 101515
2025-04-05 11:30:56,112 - INFO - Successfully inserted data into konghin.purchase.
2025-04-05 11:30:56,112 - INFO - Query: INSERT INTO konghin.purchase (pur_id, pur_slm_id, pur_gold_cost, pur_labor_cost, pur_method, pur_official_invoice, pur_date, pur_billing_date, pur_weight, pur_invoice_no, pur_code, pur_payment_status) VALUES ('PUR_101509','SLM_100010', '164.5', '0', 'CASH', '1', '2012-10-01 00:00:00', '2012-10-01 00:00:00', '0', null, '1012YX', 'PAID'),('PUR_101510','SLM_100011', '128.5', '0', 'CASH', '1', '2013-10-01 00:00:00', '2013-10-01 00:00:00', '0', null, '1013GBT', 'PAID'),('PUR_101511','SLM_100035', '127.5', '0', 'CASH', '1', '2013-10-01 00:00:00', '2013-10-01 00:00:00', '0', null, '1013GC', 'PAID'),('PUR_101512','SLM_100029', '128.0', '0', 'CASH', '1', '2013-10-01 00:00:00', '2013-10-01 00:00:00', '0', null, '1013KP', 'PAID'),('PUR_101513','SLM_100009', '122.5', '0', 'CASH', '1', '2013-10-01 00:00:00', '2013-10-01 00:00:00', '0', null, '1013SH', 'PAID'),('PUR_101514','SLM_100007', '120.0', '0', 'CASH', '1', '2013-10-01 00:00:00', '2013-10-01 00:00:00', '0', null, '1013SLG', 'PAID'),('PUR_101515','SLM_100010', '127.5', '0', 'CASH', '1', '2013-10-01 00:00:00', '2013-10-01 00:00:00', '0', null, '1013YX', 'PAID')
2025-04-05 11:30:56,153 - INFO - Next value of sequence pur_id_seq: 101516
2025-04-05 11:30:56,175 - INFO - Next value of sequence pur_id_seq: 101517
2025-04-05 11:30:56,196 - INFO - Next value of sequence pur_id_seq: 101518
2025-04-05 11:30:56,219 - INFO - Next value of sequence pur_id_seq: 101519
2025-04-05 11:30:56,241 - INFO - Next value of sequence pur_id_seq: 101520
2025-04-05 11:30:56,263 - INFO - Next value of sequence pur_id_seq: 101521
2025-04-05 11:30:56,292 - INFO - Next value of sequence pur_id_seq: 101522
2025-04-05 11:30:56,339 - INFO - Successfully inserted data into konghin.purchase.
2025-04-05 11:30:56,339 - INFO - Query: INSERT INTO konghin.purchase (pur_id, pur_slm_id, pur_gold_cost, pur_labor_cost, pur_method, pur_official_invoice, pur_date, pur_billing_date, pur_weight, pur_invoice_no, pur_code, pur_payment_status) VALUES ('PUR_101516','SLM_100011', '122.2', '0', 'CASH', '1', '2014-10-01 00:00:00', '2014-10-01 00:00:00', '0', null, '1014GBT', 'PAID'),('PUR_101517','SLM_100012', '122.6', '0', 'CASH', '1', '2014-10-01 00:00:00', '2014-10-01 00:00:00', '0', null, '1014MGI', 'PAID'),('PUR_101518','SLM_100007', '120.1', '0', 'CASH', '1', '2014-10-01 00:00:00', '2014-10-01 00:00:00', '0', null, '1014SLG', 'PAID'),('PUR_101519','SLM_100014', '151.0', '0', 'CASH', '1', '2015-10-01 00:00:00', '2015-10-01 00:00:00', '0', null, '1015FS', 'PAID'),('PUR_101520','SLM_100036', '150.35', '0', 'CASH', '1', '2015-10-01 00:00:00', '2015-10-01 00:00:00', '0', null, '1015JF', 'PAID'),('PUR_101521','SLM_100012', '146.59', '0', 'CASH', '1', '2015-10-01 00:00:00', '2015-10-01 00:00:00', '0', null, '1015MGI', 'PAID'),('PUR_101522','SLM_100007', '145.8', '0', 'CASH', '1', '2015-10-01 00:00:00', '2015-10-01 00:00:00', '0', null, '1015SLG', 'PAID')
2025-04-05 11:30:56,385 - INFO - Next value of sequence pur_id_seq: 101523
2025-04-05 11:30:56,409 - INFO - Next value of sequence pur_id_seq: 101524
2025-04-05 11:30:56,439 - INFO - Next value of sequence pur_id_seq: 101525
2025-04-05 11:30:56,460 - INFO - Next value of sequence pur_id_seq: 101526
2025-04-05 11:30:56,486 - INFO - Next value of sequence pur_id_seq: 101527
2025-04-05 11:30:56,512 - INFO - Next value of sequence pur_id_seq: 101528
2025-04-05 11:30:56,541 - INFO - Next value of sequence pur_id_seq: 101529
2025-04-05 11:30:56,585 - INFO - Successfully inserted data into konghin.purchase.
2025-04-05 11:30:56,585 - INFO - Query: INSERT INTO konghin.purchase (pur_id, pur_slm_id, pur_gold_cost, pur_labor_cost, pur_method, pur_official_invoice, pur_date, pur_billing_date, pur_weight, pur_invoice_no, pur_code, pur_payment_status) VALUES ('PUR_101523','SLM_100010', '146.37', '0', 'CASH', '1', '2015-10-01 00:00:00', '2015-10-01 00:00:00', '0', null, '1015YX', 'PAID'),('PUR_101524','SLM_100011', '158.1', '0', 'CASH', '1', '2016-10-01 00:00:00', '2016-10-01 00:00:00', '0', null, '1016GBT', 'PAID'),('PUR_101525','SLM_100016', '160.3', '0', 'CASH', '1', '2016-10-01 00:00:00', '2016-10-01 00:00:00', '0', null, '1016HL', 'PAID'),('PUR_101526','SLM_100007', '165.9', '0', 'CASH', '1', '2016-10-01 00:00:00', '2016-10-01 00:00:00', '0', null, '1016SLG', 'PAID'),('PUR_101527','SLM_100010', '159.2', '0', 'CASH', '1', '2016-10-01 00:00:00', '2016-10-01 00:00:00', '0', null, '1016YX', 'PAID'),('PUR_101528','SLM_100007', '164.4', '0', 'CASH', '1', '2017-10-01 00:00:00', '2017-10-01 00:00:00', '0', null, '1017SLG', 'PAID'),('PUR_101529','SLM_100017', '164.2', '0', 'CASH', '1', '2017-10-01 00:00:00', '2017-10-01 00:00:00', '0', null, '1017XW', 'PAID')
2025-04-05 11:30:56,664 - INFO - Next value of sequence pur_id_seq: 101530
2025-04-05 11:30:56,686 - INFO - Next value of sequence pur_id_seq: 101531
2025-04-05 11:30:56,709 - INFO - Next value of sequence pur_id_seq: 101532
2025-04-05 11:30:56,730 - INFO - Next value of sequence pur_id_seq: 101533
2025-04-05 11:30:56,752 - INFO - Next value of sequence pur_id_seq: 101534
2025-04-05 11:30:56,774 - INFO - Next value of sequence pur_id_seq: 101535
2025-04-05 11:30:56,797 - INFO - Next value of sequence pur_id_seq: 101536
2025-04-05 11:30:56,848 - INFO - Successfully inserted data into konghin.purchase.
2025-04-05 11:30:56,848 - INFO - Query: INSERT INTO konghin.purchase (pur_id, pur_slm_id, pur_gold_cost, pur_labor_cost, pur_method, pur_official_invoice, pur_date, pur_billing_date, pur_weight, pur_invoice_no, pur_code, pur_payment_status) VALUES ('PUR_101530','SLM_100018', '165.0', '0', 'CASH', '1', '2017-10-01 00:00:00', '2017-10-01 00:00:00', '0', null, '1017YM', 'PAID'),('PUR_101531','SLM_100010', '164.8', '0', 'CASH', '1', '2017-10-01 00:00:00', '2017-10-01 00:00:00', '0', null, '1017YX', 'PAID'),('PUR_101532','SLM_100007', '155.4', '0', 'CASH', '1', '2018-10-01 00:00:00', '2018-10-01 00:00:00', '0', null, '1018SLG', 'PAID'),('PUR_101533','SLM_100015', '149.85', '0', 'CASH', '1', '2018-10-01 00:00:00', '2018-10-01 00:00:00', '0', null, '1018YF', 'PAID'),('PUR_101534','SLM_100018', '150.45', '0', 'CASH', '1', '2018-10-01 00:00:00', '2018-10-01 00:00:00', '0', null, '1018YM', 'PAID'),('PUR_101535','SLM_100010', '154.21', '0', 'CASH', '1', '2018-10-01 00:00:00', '2018-10-01 00:00:00', '0', null, '1018YX', 'PAID'),('PUR_101536','SLM_100011', '191.39', '0', 'CASH', '1', '2019-10-01 00:00:00', '2019-10-01 00:00:00', '0', null, '1019GBT', 'PAID')
2025-04-05 11:30:56,891 - INFO - Next value of sequence pur_id_seq: 101537
2025-04-05 11:30:56,932 - INFO - Next value of sequence pur_id_seq: 101538
2025-04-05 11:30:56,960 - INFO - Next value of sequence pur_id_seq: 101539
2025-04-05 11:30:56,983 - INFO - Next value of sequence pur_id_seq: 101540
2025-04-05 11:30:57,011 - INFO - Next value of sequence pur_id_seq: 101541
2025-04-05 11:30:57,037 - INFO - Next value of sequence pur_id_seq: 101542
2025-04-05 11:30:57,070 - INFO - Next value of sequence pur_id_seq: 101543
2025-04-05 11:30:57,121 - INFO - Successfully inserted data into konghin.purchase.
2025-04-05 11:30:57,121 - INFO - Query: INSERT INTO konghin.purchase (pur_id, pur_slm_id, pur_gold_cost, pur_labor_cost, pur_method, pur_official_invoice, pur_date, pur_billing_date, pur_weight, pur_invoice_no, pur_code, pur_payment_status) VALUES ('PUR_101537','SLM_100007', '190.4', '0', 'CASH', '1', '2019-10-01 00:00:00', '2019-10-01 00:00:00', '0', null, '1019SLG', 'PAID'),('PUR_101538','SLM_100018', '191.61', '0', 'CASH', '1', '2019-10-01 00:00:00', '2019-10-01 00:00:00', '0', null, '1019YM', 'PAID'),('PUR_101539','SLM_100010', '186.05', '0', 'CASH', '1', '2019-10-01 00:00:00', '2019-10-01 00:00:00', '0', null, '1019YX', 'PAID'),('PUR_101540','SLM_100011', '239.52', '0', 'CASH', '1', '2020-10-01 00:00:00', '2020-10-01 00:00:00', '0', null, '1020GBT', 'PAID'),('PUR_101541','SLM_100007', '241.57', '0', 'CASH', '1', '2020-10-01 00:00:00', '2020-10-01 00:00:00', '0', null, '1020SLG', 'PAID'),('PUR_101542','SLM_100015', '239.49', '0', 'CASH', '1', '2020-10-01 00:00:00', '2020-10-01 00:00:00', '0', null, '1020YF', 'PAID'),('PUR_101543','SLM_100018', '240.79', '0', 'CASH', '1', '2020-10-01 00:00:00', '2020-10-01 00:00:00', '0', null, '1020YM', 'PAID')
2025-04-05 11:30:57,175 - INFO - Next value of sequence pur_id_seq: 101544
2025-04-05 11:30:57,203 - INFO - Next value of sequence pur_id_seq: 101545
2025-04-05 11:30:57,225 - INFO - Next value of sequence pur_id_seq: 101546
2025-04-05 11:30:57,259 - INFO - Next value of sequence pur_id_seq: 101547
2025-04-05 11:30:57,294 - INFO - Next value of sequence pur_id_seq: 101548
2025-04-05 11:30:57,321 - INFO - Next value of sequence pur_id_seq: 101549
2025-04-05 11:30:57,347 - INFO - Next value of sequence pur_id_seq: 101550
2025-04-05 11:30:57,409 - INFO - Successfully inserted data into konghin.purchase.
2025-04-05 11:30:57,409 - INFO - Query: INSERT INTO konghin.purchase (pur_id, pur_slm_id, pur_gold_cost, pur_labor_cost, pur_method, pur_official_invoice, pur_date, pur_billing_date, pur_weight, pur_invoice_no, pur_code, pur_payment_status) VALUES ('PUR_101544','SLM_100007', '223.02', '0', 'CASH', '1', '2021-10-01 00:00:00', '2021-10-01 00:00:00', '0', null, '1021SLG', 'PAID'),('PUR_101545','SLM_100025', '221.4', '0', 'CASH', '1', '2021-10-01 00:00:00', '2021-10-01 00:00:00', '0', null, '1021TC', 'PAID'),('PUR_101546','SLM_100015', '223.48', '0', 'CASH', '1', '2021-10-01 00:00:00', '2021-10-01 00:00:00', '0', null, '1021YF', 'PAID'),('PUR_101547','SLM_100018', '225.29', '0', 'CASH', '1', '2021-10-01 00:00:00', '2021-10-01 00:00:00', '0', null, '1021YM', 'PAID'),('PUR_101548','SLM_100021', '236.06', '0', 'CASH', '1', '2022-10-01 00:00:00', '2022-10-01 00:00:00', '0', null, '1022HJ', 'PAID'),('PUR_101549','SLM_100020', '237.58', '0', 'CASH', '1', '2022-10-01 00:00:00', '2022-10-01 00:00:00', '0', null, '1022JJT', 'PAID'),('PUR_101550','SLM_100007', '243.08', '0', 'CASH', '1', '2022-10-01 00:00:00', '2022-10-01 00:00:00', '0', null, '1022SLG', 'PAID')
2025-04-05 11:30:57,450 - INFO - Next value of sequence pur_id_seq: 101551
2025-04-05 11:30:57,472 - INFO - Next value of sequence pur_id_seq: 101552
2025-04-05 11:30:57,493 - INFO - Next value of sequence pur_id_seq: 101553
2025-04-05 11:30:57,518 - INFO - Next value of sequence pur_id_seq: 101554
2025-04-05 11:30:57,546 - INFO - Next value of sequence pur_id_seq: 101555
2025-04-05 11:30:57,568 - INFO - Next value of sequence pur_id_seq: 101556
2025-04-05 11:30:57,590 - INFO - Next value of sequence pur_id_seq: 101557
2025-04-05 11:30:57,634 - INFO - Successfully inserted data into konghin.purchase.
2025-04-05 11:30:57,635 - INFO - Query: INSERT INTO konghin.purchase (pur_id, pur_slm_id, pur_gold_cost, pur_labor_cost, pur_method, pur_official_invoice, pur_date, pur_billing_date, pur_weight, pur_invoice_no, pur_code, pur_payment_status) VALUES ('PUR_101551','SLM_100018', '241.19', '0', 'CASH', '1', '2022-10-01 00:00:00', '2022-10-01 00:00:00', '0', null, '1022YM', 'PAID'),('PUR_101552','SLM_100010', '236.04', '0', 'CASH', '1', '2022-10-01 00:00:00', '2022-10-01 00:00:00', '0', null, '1022YX', 'PAID'),('PUR_101553','SLM_100023', '260.22', '0', 'CASH', '1', '2023-10-01 00:00:00', '2023-10-01 00:00:00', '0', null, '1023CJ', 'PAID'),('PUR_101554','SLM_100022', '266.72', '0', 'CASH', '1', '2023-10-01 00:00:00', '2023-10-01 00:00:00', '0', null, '1023RB', 'PAID'),('PUR_101555','SLM_100007', '265.5', '0', 'CASH', '1', '2023-10-01 00:00:00', '2023-10-01 00:00:00', '0', null, '1023SLG', 'PAID'),('PUR_101556','SLM_100025', '262.05', '0', 'CASH', '1', '2023-10-01 00:00:00', '2023-10-01 00:00:00', '0', null, '1023TC', 'PAID'),('PUR_101557','SLM_100017', '286.0', '0', 'CASH', '1', '2023-10-01 00:00:00', '2023-10-01 00:00:00', '0', null, '1023XW', 'PAID')
2025-04-05 11:30:57,687 - INFO - Next value of sequence pur_id_seq: 101558
2025-04-05 11:30:57,711 - INFO - Next value of sequence pur_id_seq: 101559
2025-04-05 11:30:57,735 - INFO - Next value of sequence pur_id_seq: 101560
2025-04-05 11:30:57,770 - INFO - Next value of sequence pur_id_seq: 101561
2025-04-05 11:30:57,791 - INFO - Next value of sequence pur_id_seq: 101562
2025-04-05 11:30:57,814 - INFO - Next value of sequence pur_id_seq: 101563
2025-04-05 11:30:57,836 - INFO - Next value of sequence pur_id_seq: 101564
2025-04-05 11:30:57,880 - INFO - Successfully inserted data into konghin.purchase.
2025-04-05 11:30:57,880 - INFO - Query: INSERT INTO konghin.purchase (pur_id, pur_slm_id, pur_gold_cost, pur_labor_cost, pur_method, pur_official_invoice, pur_date, pur_billing_date, pur_weight, pur_invoice_no, pur_code, pur_payment_status) VALUES ('PUR_101558','SLM_100015', '286.64', '0', 'CASH', '1', '2023-10-01 00:00:00', '2023-10-01 00:00:00', '0', null, '1023YF', 'PAID'),('PUR_101559','SLM_100018', '267.66', '0', 'CASH', '1', '2023-10-01 00:00:00', '2023-10-01 00:00:00', '0', null, '1023YM', 'PAID'),('PUR_101560','SLM_100023', '357.15', '0', 'CASH', '1', '2024-10-01 00:00:00', '2024-10-01 00:00:00', '0', null, '1024CJ', 'PAID'),('PUR_101561','SLM_100027', '338.35', '0', 'CASH', '1', '2024-10-01 00:00:00', '2024-10-01 00:00:00', '0', null, '1024CJ7', 'PAID'),('PUR_101562','SLM_100020', '347.93', '0', 'CASH', '1', '2024-10-01 00:00:00', '2024-10-01 00:00:00', '0', null, '1024JJT', 'PAID'),('PUR_101563','SLM_100034', '344.58', '0', 'CASH', '1', '2024-10-01 00:00:00', '2024-10-01 00:00:00', '0', null, '1024JS', 'PAID'),('PUR_101564','SLM_100019', '346.41', '0', 'CASH', '1', '2024-10-01 00:00:00', '2024-10-01 00:00:00', '0', null, '1024LUX', 'PAID')
2025-04-05 11:30:57,920 - INFO - Next value of sequence pur_id_seq: 101565
2025-04-05 11:30:57,955 - INFO - Next value of sequence pur_id_seq: 101566
2025-04-05 11:30:57,978 - INFO - Next value of sequence pur_id_seq: 101567
2025-04-05 11:30:58,000 - INFO - Next value of sequence pur_id_seq: 101568
2025-04-05 11:30:58,023 - INFO - Next value of sequence pur_id_seq: 101569
2025-04-05 11:30:58,047 - INFO - Next value of sequence pur_id_seq: 101570
2025-04-05 11:30:58,077 - INFO - Next value of sequence pur_id_seq: 101571
2025-04-05 11:30:58,125 - INFO - Successfully inserted data into konghin.purchase.
2025-04-05 11:30:58,125 - INFO - Query: INSERT INTO konghin.purchase (pur_id, pur_slm_id, pur_gold_cost, pur_labor_cost, pur_method, pur_official_invoice, pur_date, pur_billing_date, pur_weight, pur_invoice_no, pur_code, pur_payment_status) VALUES ('PUR_101565','SLM_100022', '362.89', '0', 'CASH', '1', '2024-10-01 00:00:00', '2024-10-01 00:00:00', '0', null, '1024RB', 'PAID'),('PUR_101566','SLM_100007', '341.17', '0', 'CASH', '1', '2024-10-01 00:00:00', '2024-10-01 00:00:00', '0', null, '1024SLG', 'PAID'),('PUR_101567','SLM_100015', '338.35', '0', 'CASH', '1', '2024-10-01 00:00:00', '2024-10-01 00:00:00', '0', null, '1024YF', 'PAID'),('PUR_101568','SLM_100018', '338.52', '0', 'CASH', '1', '2024-10-01 00:00:00', '2024-10-01 00:00:00', '0', null, '1024YM', 'PAID'),('PUR_101569','SLM_100010', '341.17', '0', 'CASH', '1', '2024-10-01 00:00:00', '2024-10-01 00:00:00', '0', null, '1024YX', 'PAID'),('PUR_101570','SLM_100006', '128.0', '0', 'CASH', '1', '2010-11-01 00:00:00', '2010-11-01 00:00:00', '0', null, '1110MG', 'PAID'),('PUR_101571','SLM_100007', '130.5', '0', 'CASH', '1', '2010-11-01 00:00:00', '2010-11-01 00:00:00', '0', null, '1110SLG', 'PAID')
2025-04-05 11:30:58,165 - INFO - Next value of sequence pur_id_seq: 101572
2025-04-05 11:30:58,186 - INFO - Next value of sequence pur_id_seq: 101573
2025-04-05 11:30:58,209 - INFO - Next value of sequence pur_id_seq: 101574
2025-04-05 11:30:58,233 - INFO - Next value of sequence pur_id_seq: 101575
2025-04-05 11:30:58,255 - INFO - Next value of sequence pur_id_seq: 101576
2025-04-05 11:30:58,292 - INFO - Next value of sequence pur_id_seq: 101577
2025-04-05 11:30:58,313 - INFO - Next value of sequence pur_id_seq: 101578
2025-04-05 11:30:58,354 - INFO - Successfully inserted data into konghin.purchase.
2025-04-05 11:30:58,354 - INFO - Query: INSERT INTO konghin.purchase (pur_id, pur_slm_id, pur_gold_cost, pur_labor_cost, pur_method, pur_official_invoice, pur_date, pur_billing_date, pur_weight, pur_invoice_no, pur_code, pur_payment_status) VALUES ('PUR_101572','SLM_100010', '128.0', '0', 'CASH', '1', '2010-11-01 00:00:00', '2010-11-01 00:00:00', '0', null, '1110YX', 'PAID'),('PUR_101573','SLM_100006', '170.5', '0', 'CASH', '1', '2011-11-01 00:00:00', '2011-11-01 00:00:00', '0', null, '1111MG', 'PAID'),('PUR_101574','SLM_100007', '171.0', '0', 'CASH', '1', '2011-11-01 00:00:00', '2011-11-01 00:00:00', '0', null, '1111SLG', 'PAID'),('PUR_101575','SLM_100010', '167.0', '0', 'CASH', '1', '2011-11-01 00:00:00', '2011-11-01 00:00:00', '0', null, '1111YX', 'PAID'),('PUR_101576','SLM_100011', '159.5', '0', 'CASH', '1', '2012-11-01 00:00:00', '2012-11-01 00:00:00', '0', null, '1112GBT', 'PAID'),('PUR_101577','SLM_100007', '160.0', '0', 'CASH', '1', '2012-11-01 00:00:00', '2012-11-01 00:00:00', '0', null, '1112SLG', 'PAID'),('PUR_101578','SLM_100010', '160.0', '0', 'CASH', '1', '2012-11-01 00:00:00', '2012-11-01 00:00:00', '0', null, '1112YX', 'PAID')
2025-04-05 11:30:58,396 - INFO - Next value of sequence pur_id_seq: 101579
2025-04-05 11:30:58,419 - INFO - Next value of sequence pur_id_seq: 101580
2025-04-05 11:30:58,443 - INFO - Next value of sequence pur_id_seq: 101581
2025-04-05 11:30:58,465 - INFO - Next value of sequence pur_id_seq: 101582
2025-04-05 11:30:58,487 - INFO - Next value of sequence pur_id_seq: 101583
2025-04-05 11:30:58,509 - INFO - Next value of sequence pur_id_seq: 101584
2025-04-05 11:30:58,530 - INFO - Next value of sequence pur_id_seq: 101585
2025-04-05 11:30:58,572 - INFO - Successfully inserted data into konghin.purchase.
2025-04-05 11:30:58,572 - INFO - Query: INSERT INTO konghin.purchase (pur_id, pur_slm_id, pur_gold_cost, pur_labor_cost, pur_method, pur_official_invoice, pur_date, pur_billing_date, pur_weight, pur_invoice_no, pur_code, pur_payment_status) VALUES ('PUR_101579','SLM_100011', '123.0', '0', 'CASH', '1', '2013-11-01 00:00:00', '2013-11-01 00:00:00', '0', null, '1113GBT', 'PAID'),('PUR_101580','SLM_100035', '120.0', '0', 'CASH', '1', '2013-11-01 00:00:00', '2013-11-01 00:00:00', '0', null, '1113GC', 'PAID'),('PUR_101581','SLM_100029', '123.5', '0', 'CASH', '1', '2013-11-01 00:00:00', '2013-11-01 00:00:00', '0', null, '1113KP', 'PAID'),('PUR_101582','SLM_100007', '123.0', '0', 'CASH', '1', '2013-11-01 00:00:00', '2013-11-01 00:00:00', '0', null, '1113SLG', 'PAID'),('PUR_101583','SLM_100013', '118.7', '0', 'CASH', '1', '2014-11-01 00:00:00', '2014-11-01 00:00:00', '0', null, '1114DE', 'PAID'),('PUR_101584','SLM_100011', '121.4', '0', 'CASH', '1', '2014-11-01 00:00:00', '2014-11-01 00:00:00', '0', null, '1114GBT', 'PAID'),('PUR_101585','SLM_100035', '120.9', '0', 'CASH', '1', '2014-11-01 00:00:00', '2014-11-01 00:00:00', '0', null, '1114GC', 'PAID')
2025-04-05 11:30:58,613 - INFO - Next value of sequence pur_id_seq: 101586
2025-04-05 11:30:58,637 - INFO - Next value of sequence pur_id_seq: 101587
2025-04-05 11:30:58,694 - INFO - Next value of sequence pur_id_seq: 101588
2025-04-05 11:30:58,714 - INFO - Next value of sequence pur_id_seq: 101589
2025-04-05 11:30:58,740 - INFO - Next value of sequence pur_id_seq: 101590
2025-04-05 11:30:58,762 - INFO - Next value of sequence pur_id_seq: 101591
2025-04-05 11:30:58,801 - INFO - Next value of sequence pur_id_seq: 101592
2025-04-05 11:30:58,840 - INFO - Successfully inserted data into konghin.purchase.
2025-04-05 11:30:58,840 - INFO - Query: INSERT INTO konghin.purchase (pur_id, pur_slm_id, pur_gold_cost, pur_labor_cost, pur_method, pur_official_invoice, pur_date, pur_billing_date, pur_weight, pur_invoice_no, pur_code, pur_payment_status) VALUES ('PUR_101586','SLM_100012', '117.4', '0', 'CASH', '1', '2014-11-01 00:00:00', '2014-11-01 00:00:00', '0', null, '1114MGI', 'PAID'),('PUR_101587','SLM_100009', '121.3', '0', 'CASH', '1', '2014-11-01 00:00:00', '2014-11-01 00:00:00', '0', null, '1114SH', 'PAID'),('PUR_101588','SLM_100007', '117.8', '0', 'CASH', '1', '2014-11-01 00:00:00', '2014-11-01 00:00:00', '0', null, '1114SLG', 'PAID'),('PUR_101589','SLM_100010', '126.85', '0', 'CASH', '1', '2014-11-01 00:00:00', '2014-11-01 00:00:00', '0', null, '1114YX', 'PAID'),('PUR_101590','SLM_100013', '141.0', '0', 'CASH', '1', '2015-11-01 00:00:00', '2015-11-01 00:00:00', '0', null, '1115DE', 'PAID'),('PUR_101591','SLM_100011', '137.6', '0', 'CASH', '1', '2015-11-01 00:00:00', '2015-11-01 00:00:00', '0', null, '1115GBT', 'PAID'),('PUR_101592','SLM_100036', '144.3', '0', 'CASH', '1', '2015-11-01 00:00:00', '2015-11-01 00:00:00', '0', null, '1115JF', 'PAID')
2025-04-05 11:30:58,881 - INFO - Next value of sequence pur_id_seq: 101593
2025-04-05 11:30:58,902 - INFO - Next value of sequence pur_id_seq: 101594
2025-04-05 11:30:58,925 - INFO - Next value of sequence pur_id_seq: 101595
2025-04-05 11:30:58,947 - INFO - Next value of sequence pur_id_seq: 101596
2025-04-05 11:30:58,969 - INFO - Next value of sequence pur_id_seq: 101597
2025-04-05 11:30:58,999 - INFO - Next value of sequence pur_id_seq: 101598
2025-04-05 11:30:59,019 - INFO - Next value of sequence pur_id_seq: 101599
2025-04-05 11:30:59,064 - INFO - Successfully inserted data into konghin.purchase.
2025-04-05 11:30:59,065 - INFO - Query: INSERT INTO konghin.purchase (pur_id, pur_slm_id, pur_gold_cost, pur_labor_cost, pur_method, pur_official_invoice, pur_date, pur_billing_date, pur_weight, pur_invoice_no, pur_code, pur_payment_status) VALUES ('PUR_101593','SLM_100012', '143.3', '0', 'CASH', '1', '2015-11-01 00:00:00', '2015-11-01 00:00:00', '0', null, '1115MGI', 'PAID'),('PUR_101594','SLM_100007', '144.7', '0', 'CASH', '1', '2015-11-01 00:00:00', '2015-11-01 00:00:00', '0', null, '1115SLG', 'PAID'),('PUR_101595','SLM_100015', '137.3', '0', 'CASH', '1', '2015-11-01 00:00:00', '2015-11-01 00:00:00', '0', null, '1115YF', 'PAID'),('PUR_101596','SLM_100010', '141.8', '0', 'CASH', '1', '2015-11-01 00:00:00', '2015-11-01 00:00:00', '0', null, '1115YX', 'PAID'),('PUR_101597','SLM_100013', '159.4', '0', 'CASH', '1', '2016-11-01 00:00:00', '2016-11-01 00:00:00', '0', null, '1116DE', 'PAID'),('PUR_101598','SLM_100012', '162.7', '0', 'CASH', '1', '2016-11-01 00:00:00', '2016-11-01 00:00:00', '0', null, '1116MGI', 'PAID'),('PUR_101599','SLM_100007', '166.4', '0', 'CASH', '1', '2016-11-01 00:00:00', '2016-11-01 00:00:00', '0', null, '1116SLG', 'PAID')
2025-04-05 11:30:59,105 - INFO - Next value of sequence pur_id_seq: 101600
2025-04-05 11:30:59,127 - INFO - Next value of sequence pur_id_seq: 101601
2025-04-05 11:30:59,149 - INFO - Next value of sequence pur_id_seq: 101602
2025-04-05 11:30:59,170 - INFO - Next value of sequence pur_id_seq: 101603
2025-04-05 11:30:59,191 - INFO - Next value of sequence pur_id_seq: 101604
2025-04-05 11:30:59,213 - INFO - Next value of sequence pur_id_seq: 101605
2025-04-05 11:30:59,236 - INFO - Next value of sequence pur_id_seq: 101606
2025-04-05 11:30:59,284 - INFO - Successfully inserted data into konghin.purchase.
2025-04-05 11:30:59,285 - INFO - Query: INSERT INTO konghin.purchase (pur_id, pur_slm_id, pur_gold_cost, pur_labor_cost, pur_method, pur_official_invoice, pur_date, pur_billing_date, pur_weight, pur_invoice_no, pur_code, pur_payment_status) VALUES ('PUR_101600','SLM_100017', '165.0', '0', 'CASH', '1', '2016-11-01 00:00:00', '2016-11-01 00:00:00', '0', null, '1116XW', 'PAID'),('PUR_101601','SLM_100010', '163.7', '0', 'CASH', '1', '2016-11-01 00:00:00', '2016-11-01 00:00:00', '0', null, '1116YX', 'PAID'),('PUR_101602','SLM_100013', '162.5', '0', 'CASH', '1', '2017-11-01 00:00:00', '2017-11-01 00:00:00', '0', null, '1117DE', 'PAID'),('PUR_101603','SLM_100016', '160.2', '0', 'CASH', '1', '2017-11-01 00:00:00', '2017-11-01 00:00:00', '0', null, '1117HL', 'PAID'),('PUR_101604','SLM_100007', '165.0', '0', 'CASH', '1', '2017-11-01 00:00:00', '2017-11-01 00:00:00', '0', null, '1117SLG', 'PAID'),('PUR_101605','SLM_100015', '160.8', '0', 'CASH', '1', '2017-11-01 00:00:00', '2017-11-01 00:00:00', '0', null, '1117YF', 'PAID'),('PUR_101606','SLM_100018', '164.6', '0', 'CASH', '1', '2017-11-01 00:00:00', '2017-11-01 00:00:00', '0', null, '1117YM', 'PAID')
2025-04-05 11:30:59,329 - INFO - Next value of sequence pur_id_seq: 101607
2025-04-05 11:30:59,352 - INFO - Next value of sequence pur_id_seq: 101608
2025-04-05 11:30:59,374 - INFO - Next value of sequence pur_id_seq: 101609
2025-04-05 11:30:59,397 - INFO - Next value of sequence pur_id_seq: 101610
2025-04-05 11:30:59,419 - INFO - Next value of sequence pur_id_seq: 101611
2025-04-05 11:30:59,442 - INFO - Next value of sequence pur_id_seq: 101612
2025-04-05 11:30:59,475 - INFO - Next value of sequence pur_id_seq: 101613
2025-04-05 11:30:59,519 - INFO - Successfully inserted data into konghin.purchase.
2025-04-05 11:30:59,519 - INFO - Query: INSERT INTO konghin.purchase (pur_id, pur_slm_id, pur_gold_cost, pur_labor_cost, pur_method, pur_official_invoice, pur_date, pur_billing_date, pur_weight, pur_invoice_no, pur_code, pur_payment_status) VALUES ('PUR_101607','SLM_100043', '155.48', '0', 'CASH', '1', '2018-11-01 00:00:00', '2018-11-01 00:00:00', '0', null, '1118DC', 'PAID'),('PUR_101608','SLM_100007', '154.3', '0', 'CASH', '1', '2018-11-01 00:00:00', '2018-11-01 00:00:00', '0', null, '1118SLG', 'PAID'),('PUR_101609','SLM_100017', '153.71', '0', 'CASH', '1', '2018-11-01 00:00:00', '2018-11-01 00:00:00', '0', null, '1118XW', 'PAID'),('PUR_101610','SLM_100015', '154.9', '0', 'CASH', '1', '2018-11-01 00:00:00', '2018-11-01 00:00:00', '0', null, '1118YF', 'PAID'),('PUR_101611','SLM_100018', '154.5', '0', 'CASH', '1', '2018-11-01 00:00:00', '2018-11-01 00:00:00', '0', null, '1118YM', 'PAID'),('PUR_101612','SLM_100011', '189.04', '0', 'CASH', '1', '2019-11-01 00:00:00', '2019-11-01 00:00:00', '0', null, '1119GBT', 'PAID'),('PUR_101613','SLM_100007', '185.24', '0', 'CASH', '1', '2019-11-01 00:00:00', '2019-11-01 00:00:00', '0', null, '1119SLG', 'PAID')
2025-04-05 11:30:59,559 - INFO - Next value of sequence pur_id_seq: 101614
2025-04-05 11:30:59,581 - INFO - Next value of sequence pur_id_seq: 101615
2025-04-05 11:30:59,614 - INFO - Next value of sequence pur_id_seq: 101616
2025-04-05 11:30:59,636 - INFO - Next value of sequence pur_id_seq: 101617
2025-04-05 11:30:59,662 - INFO - Next value of sequence pur_id_seq: 101618
2025-04-05 11:30:59,684 - INFO - Next value of sequence pur_id_seq: 101619
2025-04-05 11:30:59,705 - INFO - Next value of sequence pur_id_seq: 101620
2025-04-05 11:30:59,748 - INFO - Successfully inserted data into konghin.purchase.
2025-04-05 11:30:59,748 - INFO - Query: INSERT INTO konghin.purchase (pur_id, pur_slm_id, pur_gold_cost, pur_labor_cost, pur_method, pur_official_invoice, pur_date, pur_billing_date, pur_weight, pur_invoice_no, pur_code, pur_payment_status) VALUES ('PUR_101614','SLM_100017', '189.91', '0', 'CASH', '1', '2019-11-01 00:00:00', '2019-11-01 00:00:00', '0', null, '1119XW', 'PAID'),('PUR_101615','SLM_100018', '186.34', '0', 'CASH', '1', '2019-11-01 00:00:00', '2019-11-01 00:00:00', '0', null, '1119YM', 'PAID'),('PUR_101616','SLM_100010', '186.29', '0', 'CASH', '1', '2019-11-01 00:00:00', '2019-11-01 00:00:00', '0', null, '1119YX', 'PAID'),('PUR_101617','SLM_100020', '223.16', '0', 'CASH', '1', '2020-11-01 00:00:00', '2020-11-01 00:00:00', '0', null, '1120JJT', 'PAID'),('PUR_101618','SLM_100007', '235.55', '0', 'CASH', '1', '2020-11-01 00:00:00', '2020-11-01 00:00:00', '0', null, '1120SLG', 'PAID'),('PUR_101619','SLM_100017', '240.0', '0', 'CASH', '1', '2020-11-01 00:00:00', '2020-11-01 00:00:00', '0', null, '1120XW', 'PAID'),('PUR_101620','SLM_100018', '243.9', '0', 'CASH', '1', '2020-11-01 00:00:00', '2020-11-01 00:00:00', '0', null, '1120YM', 'PAID')
2025-04-05 11:30:59,790 - INFO - Next value of sequence pur_id_seq: 101621
2025-04-05 11:30:59,818 - INFO - Next value of sequence pur_id_seq: 101622
2025-04-05 11:30:59,841 - INFO - Next value of sequence pur_id_seq: 101623
2025-04-05 11:30:59,867 - INFO - Next value of sequence pur_id_seq: 101624
2025-04-05 11:30:59,890 - INFO - Next value of sequence pur_id_seq: 101625
2025-04-05 11:30:59,925 - INFO - Next value of sequence pur_id_seq: 101626
2025-04-05 11:30:59,947 - INFO - Next value of sequence pur_id_seq: 101627
2025-04-05 11:31:00,134 - INFO - Successfully inserted data into konghin.purchase.
2025-04-05 11:31:00,134 - INFO - Query: INSERT INTO konghin.purchase (pur_id, pur_slm_id, pur_gold_cost, pur_labor_cost, pur_method, pur_official_invoice, pur_date, pur_billing_date, pur_weight, pur_invoice_no, pur_code, pur_payment_status) VALUES ('PUR_101621','SLM_100020', '228.31', '0', 'CASH', '1', '2021-11-01 00:00:00', '2021-11-01 00:00:00', '0', null, '1121JJT', 'PAID'),('PUR_101622','SLM_100019', '235.45', '0', 'CASH', '1', '2021-11-01 00:00:00', '2021-11-01 00:00:00', '0', null, '1121LUX', 'PAID'),('PUR_101623','SLM_100007', '231.52', '0', 'CASH', '1', '2021-11-01 00:00:00', '2021-11-01 00:00:00', '0', null, '1121SLG', 'PAID'),('PUR_101624','SLM_100025', '233.51', '0', 'CASH', '1', '2021-11-01 00:00:00', '2021-11-01 00:00:00', '0', null, '1121TC', 'PAID'),('PUR_101625','SLM_100018', '226.61', '0', 'CASH', '1', '2021-11-01 00:00:00', '2021-11-01 00:00:00', '0', null, '1121YM', 'PAID'),('PUR_101626','SLM_100010', '225.97', '0', 'CASH', '1', '2021-11-01 00:00:00', '2021-11-01 00:00:00', '0', null, '1121YX', 'PAID'),('PUR_101627','SLM_100021', '234.94', '0', 'CASH', '1', '2022-11-01 00:00:00', '2022-11-01 00:00:00', '0', null, '1122HJ', 'PAID')
2025-04-05 11:31:00,209 - INFO - Next value of sequence pur_id_seq: 101628
2025-04-05 11:31:00,233 - INFO - Next value of sequence pur_id_seq: 101629
2025-04-05 11:31:00,258 - INFO - Next value of sequence pur_id_seq: 101630
2025-04-05 11:31:00,285 - INFO - Next value of sequence pur_id_seq: 101631
2025-04-05 11:31:00,308 - INFO - Next value of sequence pur_id_seq: 101632
2025-04-05 11:31:00,330 - INFO - Next value of sequence pur_id_seq: 101633
2025-04-05 11:31:00,352 - INFO - Next value of sequence pur_id_seq: 101634
2025-04-05 11:31:00,413 - INFO - Successfully inserted data into konghin.purchase.
2025-04-05 11:31:00,413 - INFO - Query: INSERT INTO konghin.purchase (pur_id, pur_slm_id, pur_gold_cost, pur_labor_cost, pur_method, pur_official_invoice, pur_date, pur_billing_date, pur_weight, pur_invoice_no, pur_code, pur_payment_status) VALUES ('PUR_101628','SLM_100020', '240.23', '0', 'CASH', '1', '2022-11-01 00:00:00', '2022-11-01 00:00:00', '0', null, '1122JJT', 'PAID'),('PUR_101629','SLM_100019', '241.88', '0', 'CASH', '1', '2022-11-01 00:00:00', '2022-11-01 00:00:00', '0', null, '1122LUX', 'PAID'),('PUR_101630','SLM_100022', '234.32', '0', 'CASH', '1', '2022-11-01 00:00:00', '2022-11-01 00:00:00', '0', null, '1122RB', 'PAID'),('PUR_101631','SLM_100007', '242.97', '0', 'CASH', '1', '2022-11-01 00:00:00', '2022-11-01 00:00:00', '0', null, '1122SLG', 'PAID'),('PUR_101632','SLM_100025', '236.69', '0', 'CASH', '1', '2022-11-01 00:00:00', '2022-11-01 00:00:00', '0', null, '1122TC', 'PAID'),('PUR_101633','SLM_100017', '232.68', '0', 'CASH', '1', '2022-11-01 00:00:00', '2022-11-01 00:00:00', '0', null, '1122XW', 'PAID'),('PUR_101634','SLM_100015', '244.31', '0', 'CASH', '1', '2022-11-01 00:00:00', '2022-11-01 00:00:00', '0', null, '1122YF', 'PAID')
2025-04-05 11:31:00,477 - INFO - Next value of sequence pur_id_seq: 101635
2025-04-05 11:31:00,498 - INFO - Next value of sequence pur_id_seq: 101636
2025-04-05 11:31:00,558 - INFO - Next value of sequence pur_id_seq: 101637
2025-04-05 11:31:00,619 - INFO - Next value of sequence pur_id_seq: 101638
2025-04-05 11:31:00,642 - INFO - Next value of sequence pur_id_seq: 101639
2025-04-05 11:31:00,662 - INFO - Next value of sequence pur_id_seq: 101640
2025-04-05 11:31:00,731 - INFO - Next value of sequence pur_id_seq: 101641
2025-04-05 11:31:00,787 - INFO - Successfully inserted data into konghin.purchase.
2025-04-05 11:31:00,787 - INFO - Query: INSERT INTO konghin.purchase (pur_id, pur_slm_id, pur_gold_cost, pur_labor_cost, pur_method, pur_official_invoice, pur_date, pur_billing_date, pur_weight, pur_invoice_no, pur_code, pur_payment_status) VALUES ('PUR_101635','SLM_100018', '243.21', '0', 'CASH', '1', '2022-11-01 00:00:00', '2022-11-01 00:00:00', '0', null, '1122YM', 'PAID'),('PUR_101636','SLM_100010', '238.25', '0', 'CASH', '1', '2022-11-01 00:00:00', '2022-11-01 00:00:00', '0', null, '1122YX', 'PAID'),('PUR_101637','SLM_100023', '277.06', '0', 'CASH', '1', '2023-11-01 00:00:00', '2023-11-01 00:00:00', '0', null, '1123CJ', 'PAID'),('PUR_101638','SLM_100020', '275.87', '0', 'CASH', '1', '2023-11-01 00:00:00', '2023-11-01 00:00:00', '0', null, '1123JJT', 'PAID'),('PUR_101639','SLM_100019', '276.1', '0', 'CASH', '1', '2023-11-01 00:00:00', '2023-11-01 00:00:00', '0', null, '1123LUX', 'PAID'),('PUR_101640','SLM_100022', '282.55', '0', 'CASH', '1', '2023-11-01 00:00:00', '2023-11-01 00:00:00', '0', null, '1123RB', 'PAID'),('PUR_101641','SLM_100007', '280.49', '0', 'CASH', '1', '2023-11-01 00:00:00', '2023-11-01 00:00:00', '0', null, '1123SLG', 'PAID')
2025-04-05 11:31:00,828 - INFO - Next value of sequence pur_id_seq: 101642
2025-04-05 11:31:00,863 - INFO - Next value of sequence pur_id_seq: 101643
2025-04-05 11:31:00,885 - INFO - Next value of sequence pur_id_seq: 101644
2025-04-05 11:31:00,917 - INFO - Next value of sequence pur_id_seq: 101645
2025-04-05 11:31:00,944 - INFO - Next value of sequence pur_id_seq: 101646
2025-04-05 11:31:00,966 - INFO - Next value of sequence pur_id_seq: 101647
2025-04-05 11:31:00,992 - INFO - Next value of sequence pur_id_seq: 101648
2025-04-05 11:31:01,046 - INFO - Successfully inserted data into konghin.purchase.
2025-04-05 11:31:01,046 - INFO - Query: INSERT INTO konghin.purchase (pur_id, pur_slm_id, pur_gold_cost, pur_labor_cost, pur_method, pur_official_invoice, pur_date, pur_billing_date, pur_weight, pur_invoice_no, pur_code, pur_payment_status) VALUES ('PUR_101642','SLM_100025', '276.05', '0', 'CASH', '1', '2023-11-01 00:00:00', '2023-11-01 00:00:00', '0', null, '1123TC', 'PAID'),('PUR_101643','SLM_100018', '275.7', '0', 'CASH', '1', '2023-11-01 00:00:00', '2023-11-01 00:00:00', '0', null, '1123YM', 'PAID'),('PUR_101644','SLM_100010', '277.83', '0', 'CASH', '1', '2023-11-01 00:00:00', '2023-11-01 00:00:00', '0', null, '1123YX', 'PAID'),('PUR_101645','SLM_100020', '354.85', '0', 'CASH', '1', '2024-11-01 00:00:00', '2024-11-01 00:00:00', '0', null, '1124JJT', 'PAID'),('PUR_101646','SLM_100008', '131.0', '0', 'CASH', '1', '2010-12-01 00:00:00', '2010-12-01 00:00:00', '0', null, '1210MH', 'PAID'),('PUR_101647','SLM_100009', '135.0', '0', 'CASH', '1', '2010-12-01 00:00:00', '2010-12-01 00:00:00', '0', null, '1210SH', 'PAID'),('PUR_101648','SLM_100007', '135.0', '0', 'CASH', '1', '2010-12-01 00:00:00', '2010-12-01 00:00:00', '0', null, '1210SLG', 'PAID')
2025-04-05 11:31:01,090 - INFO - Next value of sequence pur_id_seq: 101649
2025-04-05 11:31:01,116 - INFO - Next value of sequence pur_id_seq: 101650
2025-04-05 11:31:01,138 - INFO - Next value of sequence pur_id_seq: 101651
2025-04-05 11:31:01,173 - INFO - Next value of sequence pur_id_seq: 101652
2025-04-05 11:31:01,203 - INFO - Next value of sequence pur_id_seq: 101653
2025-04-05 11:31:01,354 - INFO - Next value of sequence pur_id_seq: 101654
2025-04-05 11:31:01,391 - INFO - Next value of sequence pur_id_seq: 101655
2025-04-05 11:31:01,433 - INFO - Successfully inserted data into konghin.purchase.
2025-04-05 11:31:01,433 - INFO - Query: INSERT INTO konghin.purchase (pur_id, pur_slm_id, pur_gold_cost, pur_labor_cost, pur_method, pur_official_invoice, pur_date, pur_billing_date, pur_weight, pur_invoice_no, pur_code, pur_payment_status) VALUES ('PUR_101649','SLM_100008', '154.0', '0', 'CASH', '1', '2011-12-01 00:00:00', '2011-12-01 00:00:00', '0', null, '1211MH', 'PAID'),('PUR_101650','SLM_100007', '167.0', '0', 'CASH', '1', '2011-12-01 00:00:00', '2011-12-01 00:00:00', '0', null, '1211SLG', 'PAID'),('PUR_101651','SLM_100010', '165.5', '0', 'CASH', '1', '2011-12-01 00:00:00', '2011-12-01 00:00:00', '0', null, '1211YX', 'PAID'),('PUR_101652','SLM_100011', '158.5', '0', 'CASH', '1', '2012-12-01 00:00:00', '2012-12-01 00:00:00', '0', null, '1212GBT', 'PAID'),('PUR_101653','SLM_100006', '154.0', '0', 'CASH', '1', '2012-12-01 00:00:00', '2012-12-01 00:00:00', '0', null, '1212MG', 'PAID'),('PUR_101654','SLM_100007', '158.5', '0', 'CASH', '1', '2012-12-01 00:00:00', '2012-12-01 00:00:00', '0', null, '1212SLG', 'PAID'),('PUR_101655','SLM_100012', '120.5', '0', 'CASH', '1', '2013-12-01 00:00:00', '2013-12-01 00:00:00', '0', null, '1213MGI', 'PAID')
2025-04-05 11:31:01,485 - INFO - Next value of sequence pur_id_seq: 101656
2025-04-05 11:31:01,515 - INFO - Next value of sequence pur_id_seq: 101657
2025-04-05 11:31:01,560 - INFO - Next value of sequence pur_id_seq: 101658
2025-04-05 11:31:01,609 - INFO - Next value of sequence pur_id_seq: 101659
2025-04-05 11:31:01,649 - INFO - Next value of sequence pur_id_seq: 101660
2025-04-05 11:31:01,670 - INFO - Next value of sequence pur_id_seq: 101661
2025-04-05 11:31:01,707 - INFO - Next value of sequence pur_id_seq: 101662
2025-04-05 11:31:01,771 - INFO - Successfully inserted data into konghin.purchase.
2025-04-05 11:31:01,771 - INFO - Query: INSERT INTO konghin.purchase (pur_id, pur_slm_id, pur_gold_cost, pur_labor_cost, pur_method, pur_official_invoice, pur_date, pur_billing_date, pur_weight, pur_invoice_no, pur_code, pur_payment_status) VALUES ('PUR_101656','SLM_100007', '123.0', '0', 'CASH', '1', '2013-12-01 00:00:00', '2013-12-01 00:00:00', '0', null, '1213SLG', 'PAID'),('PUR_101657','SLM_100010', '122.0', '0', 'CASH', '1', '2013-12-01 00:00:00', '2013-12-01 00:00:00', '0', null, '1213YX', 'PAID'),('PUR_101658','SLM_100014', '126.3', '0', 'CASH', '1', '2014-12-01 00:00:00', '2014-12-01 00:00:00', '0', null, '1214FS', 'PAID'),('PUR_101659','SLM_100011', '125.6', '0', 'CASH', '1', '2014-12-01 00:00:00', '2014-12-01 00:00:00', '0', null, '1214GBT', 'PAID'),('PUR_101660','SLM_100012', '126.7', '0', 'CASH', '1', '2014-12-01 00:00:00', '2014-12-01 00:00:00', '0', null, '1214MGI', 'PAID'),('PUR_101661','SLM_100007', '126.3', '0', 'CASH', '1', '2014-12-01 00:00:00', '2014-12-01 00:00:00', '0', null, '1214SLG', 'PAID'),('PUR_101662','SLM_100010', '126.85', '0', 'CASH', '1', '2014-12-01 00:00:00', '2014-12-01 00:00:00', '0', null, '1214YX', 'PAID')
2025-04-05 11:31:01,818 - INFO - Next value of sequence pur_id_seq: 101663
2025-04-05 11:31:01,845 - INFO - Next value of sequence pur_id_seq: 101664
2025-04-05 11:31:01,877 - INFO - Next value of sequence pur_id_seq: 101665
2025-04-05 11:31:01,909 - INFO - Next value of sequence pur_id_seq: 101666
2025-04-05 11:31:01,936 - INFO - Next value of sequence pur_id_seq: 101667
2025-04-05 11:31:02,004 - INFO - Next value of sequence pur_id_seq: 101668
2025-04-05 11:31:02,029 - INFO - Next value of sequence pur_id_seq: 101669
2025-04-05 11:31:02,076 - INFO - Successfully inserted data into konghin.purchase.
2025-04-05 11:31:02,077 - INFO - Query: INSERT INTO konghin.purchase (pur_id, pur_slm_id, pur_gold_cost, pur_labor_cost, pur_method, pur_official_invoice, pur_date, pur_billing_date, pur_weight, pur_invoice_no, pur_code, pur_payment_status) VALUES ('PUR_101663','SLM_100014', '134.3', '0', 'CASH', '1', '2015-12-01 00:00:00', '2015-12-01 00:00:00', '0', null, '1215FS', 'PAID'),('PUR_101664','SLM_100011', '140.3', '0', 'CASH', '1', '2015-12-01 00:00:00', '2015-12-01 00:00:00', '0', null, '1215GBT', 'PAID'),('PUR_101665','SLM_100012', '139.1', '0', 'CASH', '1', '2015-12-01 00:00:00', '2015-12-01 00:00:00', '0', null, '1215MGI', 'PAID'),('PUR_101666','SLM_100007', '139.3', '0', 'CASH', '1', '2015-12-01 00:00:00', '2015-12-01 00:00:00', '0', null, '1215SLG', 'PAID'),('PUR_101667','SLM_100015', '138.8', '0', 'CASH', '1', '2015-12-01 00:00:00', '2015-12-01 00:00:00', '0', null, '1215YF', 'PAID'),('PUR_101668','SLM_100011', '154.9', '0', 'CASH', '1', '2016-12-01 00:00:00', '2016-12-01 00:00:00', '0', null, '1216GBT', 'PAID'),('PUR_101669','SLM_100007', '159.9', '0', 'CASH', '1', '2016-12-01 00:00:00', '2016-12-01 00:00:00', '0', null, '1216SLG', 'PAID')
2025-04-05 11:31:02,127 - INFO - Next value of sequence pur_id_seq: 101670
2025-04-05 11:31:02,154 - INFO - Next value of sequence pur_id_seq: 101671
2025-04-05 11:31:02,177 - INFO - Next value of sequence pur_id_seq: 101672
2025-04-05 11:31:02,197 - INFO - Next value of sequence pur_id_seq: 101673
2025-04-05 11:31:02,221 - INFO - Next value of sequence pur_id_seq: 101674
2025-04-05 11:31:02,242 - INFO - Next value of sequence pur_id_seq: 101675
2025-04-05 11:31:02,296 - INFO - Next value of sequence pur_id_seq: 101676
2025-04-05 11:31:02,399 - INFO - Successfully inserted data into konghin.purchase.
2025-04-05 11:31:02,399 - INFO - Query: INSERT INTO konghin.purchase (pur_id, pur_slm_id, pur_gold_cost, pur_labor_cost, pur_method, pur_official_invoice, pur_date, pur_billing_date, pur_weight, pur_invoice_no, pur_code, pur_payment_status) VALUES ('PUR_101670','SLM_100017', '156.4', '0', 'CASH', '1', '2016-12-01 00:00:00', '2016-12-01 00:00:00', '0', null, '1216XW', 'PAID'),('PUR_101671','SLM_100007', '161.5', '0', 'CASH', '1', '2017-12-01 00:00:00', '2017-12-01 00:00:00', '0', null, '1217SLG', 'PAID'),('PUR_101672','SLM_100017', '158.9', '0', 'CASH', '1', '2017-12-01 00:00:00', '2017-12-01 00:00:00', '0', null, '1217XW', 'PAID'),('PUR_101673','SLM_100018', '157.52', '0', 'CASH', '1', '2017-12-01 00:00:00', '2017-12-01 00:00:00', '0', null, '1217YM', 'PAID'),('PUR_101674','SLM_100010', '155.7', '0', 'CASH', '1', '2017-12-01 00:00:00', '2017-12-01 00:00:00', '0', null, '1217YX', 'PAID'),('PUR_101675','SLM_100007', '156.55', '0', 'CASH', '1', '2018-12-01 00:00:00', '2018-12-01 00:00:00', '0', null, '1218SLG', 'PAID'),('PUR_101676','SLM_100018', '158.46', '0', 'CASH', '1', '2018-12-01 00:00:00', '2018-12-01 00:00:00', '0', null, '1218YM', 'PAID')
2025-04-05 11:31:02,610 - INFO - Next value of sequence pur_id_seq: 101677
2025-04-05 11:31:02,637 - INFO - Next value of sequence pur_id_seq: 101678
2025-04-05 11:31:02,669 - INFO - Next value of sequence pur_id_seq: 101679
2025-04-05 11:31:02,706 - INFO - Next value of sequence pur_id_seq: 101680
2025-04-05 11:31:02,736 - INFO - Next value of sequence pur_id_seq: 101681
2025-04-05 11:31:02,772 - INFO - Next value of sequence pur_id_seq: 101682
2025-04-05 11:31:02,814 - INFO - Next value of sequence pur_id_seq: 101683
2025-04-05 11:31:02,872 - INFO - Successfully inserted data into konghin.purchase.
2025-04-05 11:31:02,872 - INFO - Query: INSERT INTO konghin.purchase (pur_id, pur_slm_id, pur_gold_cost, pur_labor_cost, pur_method, pur_official_invoice, pur_date, pur_billing_date, pur_weight, pur_invoice_no, pur_code, pur_payment_status) VALUES ('PUR_101677','SLM_100010', '158.19', '0', 'CASH', '1', '2018-12-01 00:00:00', '2018-12-01 00:00:00', '0', null, '1218YX', 'PAID'),('PUR_101678','SLM_100011', '183.93', '0', 'CASH', '1', '2019-12-01 00:00:00', '2019-12-01 00:00:00', '0', null, '1219GBT', 'PAID'),('PUR_101679','SLM_100031', '185.65', '0', 'CASH', '1', '2019-12-01 00:00:00', '2019-12-01 00:00:00', '0', null, '1219MK', 'PAID'),('PUR_101680','SLM_100007', '186.23', '0', 'CASH', '1', '2019-12-01 00:00:00', '2019-12-01 00:00:00', '0', null, '1219SLG', 'PAID'),('PUR_101681','SLM_100017', '187.37', '0', 'CASH', '1', '2019-12-01 00:00:00', '2019-12-01 00:00:00', '0', null, '1219XW', 'PAID'),('PUR_101682','SLM_100018', '185.57', '0', 'CASH', '1', '2019-12-01 00:00:00', '2019-12-01 00:00:00', '0', null, '1219YM', 'PAID'),('PUR_101683','SLM_100010', '185.3', '0', 'CASH', '1', '2019-12-01 00:00:00', '2019-12-01 00:00:00', '0', null, '1219YX', 'PAID')
2025-04-05 11:31:02,917 - INFO - Next value of sequence pur_id_seq: 101684
2025-04-05 11:31:02,943 - INFO - Next value of sequence pur_id_seq: 101685
2025-04-05 11:31:02,966 - INFO - Next value of sequence pur_id_seq: 101686
2025-04-05 11:31:03,001 - INFO - Next value of sequence pur_id_seq: 101687
2025-04-05 11:31:03,023 - INFO - Next value of sequence pur_id_seq: 101688
2025-04-05 11:31:03,054 - INFO - Next value of sequence pur_id_seq: 101689
2025-04-05 11:31:03,076 - INFO - Next value of sequence pur_id_seq: 101690
2025-04-05 11:31:03,154 - INFO - Successfully inserted data into konghin.purchase.
2025-04-05 11:31:03,154 - INFO - Query: INSERT INTO konghin.purchase (pur_id, pur_slm_id, pur_gold_cost, pur_labor_cost, pur_method, pur_official_invoice, pur_date, pur_billing_date, pur_weight, pur_invoice_no, pur_code, pur_payment_status) VALUES ('PUR_101684','SLM_100007', '224.52', '0', 'CASH', '1', '2020-12-01 00:00:00', '2020-12-01 00:00:00', '0', null, '1220SLG', 'PAID'),('PUR_101685','SLM_100047', '228.93', '0', 'CASH', '1', '2020-12-01 00:00:00', '2020-12-01 00:00:00', '0', null, '1220TJ', 'PAID'),('PUR_101686','SLM_100017', '229.2', '0', 'CASH', '1', '2020-12-01 00:00:00', '2020-12-01 00:00:00', '0', null, '1220XW', 'PAID'),('PUR_101687','SLM_100018', '230.0', '0', 'CASH', '1', '2020-12-01 00:00:00', '2020-12-01 00:00:00', '0', null, '1220YM', 'PAID'),('PUR_101688','SLM_100020', '227.91', '0', 'CASH', '1', '2021-12-01 00:00:00', '2021-12-01 00:00:00', '0', null, '1221JJT', 'PAID'),('PUR_101689','SLM_100007', '229.95', '0', 'CASH', '1', '2021-12-01 00:00:00', '2021-12-01 00:00:00', '0', null, '1221SLG', 'PAID'),('PUR_101690','SLM_100018', '228.48', '0', 'CASH', '1', '2021-12-01 00:00:00', '2021-12-01 00:00:00', '0', null, '1221YM', 'PAID')
2025-04-05 11:31:03,223 - INFO - Next value of sequence pur_id_seq: 101691
2025-04-05 11:31:03,245 - INFO - Next value of sequence pur_id_seq: 101692
2025-04-05 11:31:03,267 - INFO - Next value of sequence pur_id_seq: 101693
2025-04-05 11:31:03,289 - INFO - Next value of sequence pur_id_seq: 101694
2025-04-05 11:31:03,309 - INFO - Next value of sequence pur_id_seq: 101695
2025-04-05 11:31:03,330 - INFO - Next value of sequence pur_id_seq: 101696
2025-04-05 11:31:03,356 - INFO - Next value of sequence pur_id_seq: 101697
2025-04-05 11:31:03,401 - INFO - Successfully inserted data into konghin.purchase.
2025-04-05 11:31:03,401 - INFO - Query: INSERT INTO konghin.purchase (pur_id, pur_slm_id, pur_gold_cost, pur_labor_cost, pur_method, pur_official_invoice, pur_date, pur_billing_date, pur_weight, pur_invoice_no, pur_code, pur_payment_status) VALUES ('PUR_101691','SLM_100010', '228.33', '0', 'CASH', '1', '2021-12-01 00:00:00', '2021-12-01 00:00:00', '0', null, '1221YX', 'PAID'),('PUR_101692','SLM_100021', '239.82', '0', 'CASH', '1', '2022-12-01 00:00:00', '2022-12-01 00:00:00', '0', null, '1222HJ', 'PAID'),('PUR_101693','SLM_100020', '238.5', '0', 'CASH', '1', '2022-12-01 00:00:00', '2022-12-01 00:00:00', '0', null, '1222JJT', 'PAID'),('PUR_101694','SLM_100034', '235.23', '0', 'CASH', '1', '2022-12-01 00:00:00', '2022-12-01 00:00:00', '0', null, '1222JS', 'PAID'),('PUR_101695','SLM_100007', '240.0', '0', 'CASH', '1', '2022-12-01 00:00:00', '2022-12-01 00:00:00', '0', null, '1222SLG', 'PAID'),('PUR_101696','SLM_100018', '237.78', '0', 'CASH', '1', '2022-12-01 00:00:00', '2022-12-01 00:00:00', '0', null, '1222YM', 'PAID'),('PUR_101697','SLM_100010', '242.82', '0', 'CASH', '1', '2022-12-01 00:00:00', '2022-12-01 00:00:00', '0', null, '1222YX', 'PAID')
2025-04-05 11:31:03,448 - INFO - Next value of sequence pur_id_seq: 101698
2025-04-05 11:31:03,470 - INFO - Next value of sequence pur_id_seq: 101699
2025-04-05 11:31:03,490 - INFO - Next value of sequence pur_id_seq: 101700
2025-04-05 11:31:03,511 - INFO - Next value of sequence pur_id_seq: 101701
2025-04-05 11:31:03,534 - INFO - Next value of sequence pur_id_seq: 101702
2025-04-05 11:31:03,555 - INFO - Next value of sequence pur_id_seq: 101703
2025-04-05 11:31:03,579 - INFO - Next value of sequence pur_id_seq: 101704
2025-04-05 11:31:03,633 - INFO - Successfully inserted data into konghin.purchase.
2025-04-05 11:31:03,634 - INFO - Query: INSERT INTO konghin.purchase (pur_id, pur_slm_id, pur_gold_cost, pur_labor_cost, pur_method, pur_official_invoice, pur_date, pur_billing_date, pur_weight, pur_invoice_no, pur_code, pur_payment_status) VALUES ('PUR_101698','SLM_100020', '286.68', '0', 'CASH', '1', '2023-12-01 00:00:00', '2023-12-01 00:00:00', '0', null, '1223JJT', 'PAID'),('PUR_101699','SLM_100022', '239.34', '0', 'CASH', '1', '2023-12-01 00:00:00', '2023-12-01 00:00:00', '0', null, '1223RB', 'PAID'),('PUR_101700','SLM_100024', '281.57', '0', 'CASH', '1', '2023-12-01 00:00:00', '2023-12-01 00:00:00', '0', null, '1223SF', 'PAID'),('PUR_101701','SLM_100007', '288.12', '0', 'CASH', '1', '2023-12-01 00:00:00', '2023-12-01 00:00:00', '0', null, '1223SLG', 'PAID'),('PUR_101702','SLM_100025', '286.07', '0', 'CASH', '1', '2023-12-01 00:00:00', '2023-12-01 00:00:00', '0', null, '1223TC', 'PAID'),('PUR_101703','SLM_100017', '290.18', '0', 'CASH', '1', '2023-12-01 00:00:00', '2023-12-01 00:00:00', '0', null, '1223XW', 'PAID'),('PUR_101704','SLM_100018', '285.03', '0', 'CASH', '1', '2023-12-01 00:00:00', '2023-12-01 00:00:00', '0', null, '1223YM', 'PAID')
2025-04-05 11:31:03,679 - INFO - Next value of sequence pur_id_seq: 101705
2025-04-05 11:31:03,709 - INFO - Next value of sequence pur_id_seq: 101706
2025-04-05 11:31:03,736 - INFO - Next value of sequence pur_id_seq: 101707
2025-04-05 11:31:03,758 - INFO - Next value of sequence pur_id_seq: 101708
2025-04-05 11:31:03,781 - INFO - Next value of sequence pur_id_seq: 101709
2025-04-05 11:31:03,811 - INFO - Next value of sequence pur_id_seq: 101710
2025-04-05 11:31:03,834 - INFO - Next value of sequence pur_id_seq: 101711
2025-04-05 11:31:03,879 - INFO - Successfully inserted data into konghin.purchase.
2025-04-05 11:31:03,880 - INFO - Query: INSERT INTO konghin.purchase (pur_id, pur_slm_id, pur_gold_cost, pur_labor_cost, pur_method, pur_official_invoice, pur_date, pur_billing_date, pur_weight, pur_invoice_no, pur_code, pur_payment_status) VALUES ('PUR_101705','SLM_100023', '351.75', '0', 'CASH', '1', '2024-12-01 00:00:00', '2024-12-01 00:00:00', '0', null, '1224CJ', 'PAID'),('PUR_101706','SLM_100020', '359.7', '0', 'CASH', '1', '2024-12-01 00:00:00', '2024-12-01 00:00:00', '0', null, '1224JJT', 'PAID'),('PUR_101707','SLM_100019', '354.61', '0', 'CASH', '1', '2024-12-01 00:00:00', '2024-12-01 00:00:00', '0', null, '1224LUX', 'PAID'),('PUR_101708','SLM_100022', '352.81', '0', 'CASH', '1', '2024-12-01 00:00:00', '2024-12-01 00:00:00', '0', null, '1224RB', 'PAID'),('PUR_101709','SLM_100007', '355.51', '0', 'CASH', '1', '2024-12-01 00:00:00', '2024-12-01 00:00:00', '0', null, '1224SLG', 'PAID'),('PUR_101710','SLM_100017', '346.51', '0', 'CASH', '1', '2024-12-01 00:00:00', '2024-12-01 00:00:00', '0', null, '1224XW', 'PAID'),('PUR_101711','SLM_100018', '353.66', '0', 'CASH', '1', '2024-12-01 00:00:00', '2024-12-01 00:00:00', '0', null, '1224YM', 'PAID')
2025-04-05 11:31:03,921 - INFO - Next value of sequence pur_id_seq: 101712
2025-04-05 11:31:03,943 - INFO - Next value of sequence pur_id_seq: 101713
2025-04-05 11:31:03,971 - INFO - Next value of sequence pur_id_seq: 101714
2025-04-05 11:31:03,998 - INFO - Next value of sequence pur_id_seq: 101715
2025-04-05 11:31:04,022 - INFO - Next value of sequence pur_id_seq: 101716
2025-04-05 11:31:04,044 - INFO - Next value of sequence pur_id_seq: 101717
2025-04-05 11:31:04,067 - INFO - Next value of sequence pur_id_seq: 101718
2025-04-05 11:31:04,085 - ERROR - Query: INSERT INTO konghin.purchase (pur_id, pur_slm_id, pur_gold_cost, pur_labor_cost, pur_method, pur_official_invoice, pur_date, pur_billing_date, pur_weight, pur_invoice_no, pur_code, pur_payment_status) VALUES ('PUR_101712','SLM_100010', '356.5', '0', 'CASH', '1', '2024-12-01 00:00:00', '2024-12-01 00:00:00', '0', null, '1224YX', 'PAID'),('PUR_101713','SLM_100017', '239.89', '0', 'CASH', '1', 'NaT', 'NaT', '0', null, '122XW', 'PAID'),('PUR_101714','SLM_100007', '128.5', '0', 'CASH', '1', '2014-01-01 00:00:00', '2014-01-01 00:00:00', '0', null, 'B0114SLG', 'PAID'),('PUR_101715','SLM_100007', '140.8', '0', 'CASH', '1', '2015-01-01 00:00:00', '2015-01-01 00:00:00', '0', null, 'B0115SLG', 'PAID'),('PUR_101716','SLM_100007', '146.5', '0', 'CASH', '1', '2016-01-01 00:00:00', '2016-01-01 00:00:00', '0', null, 'B0116SLG', 'PAID'),('PUR_101717','SLM_100007', '161.55', '0', 'CASH', '1', '2019-01-01 00:00:00', '2019-01-01 00:00:00', '0', null, 'B0119SLG', 'PAID'),('PUR_101718','SLM_100015', '162.96', '0', 'CASH', '1', '2019-01-01 00:00:00', '2019-01-01 00:00:00', '0', null, 'B0119YF', 'PAID')
2025-04-05 11:31:04,085 - ERROR - Database error: 22007 - ERROR:  parsing as type date: could not parse "NaT"

2025-04-05 11:31:04,085 - ERROR - Error details: None
2025-04-05 11:31:04,144 - INFO - Next value of sequence pur_id_seq: 101719
2025-04-05 11:31:04,168 - INFO - Next value of sequence pur_id_seq: 101720
2025-04-05 11:31:04,190 - INFO - Next value of sequence pur_id_seq: 101721
2025-04-05 11:31:04,212 - INFO - Next value of sequence pur_id_seq: 101722
2025-04-05 11:31:04,241 - INFO - Next value of sequence pur_id_seq: 101723
2025-04-05 11:31:04,269 - INFO - Next value of sequence pur_id_seq: 101724
2025-04-05 11:31:04,292 - INFO - Next value of sequence pur_id_seq: 101725
2025-04-05 11:31:04,344 - INFO - Successfully inserted data into konghin.purchase.
2025-04-05 11:31:04,344 - INFO - Query: INSERT INTO konghin.purchase (pur_id, pur_slm_id, pur_gold_cost, pur_labor_cost, pur_method, pur_official_invoice, pur_date, pur_billing_date, pur_weight, pur_invoice_no, pur_code, pur_payment_status) VALUES ('PUR_101719','SLM_100018', '163.71', '0', 'CASH', '1', '2019-01-01 00:00:00', '2019-01-01 00:00:00', '0', null, 'B0119YM', 'PAID'),('PUR_101720','SLM_100007', '193.73', '0', 'CASH', '1', '2020-01-01 00:00:00', '2020-01-01 00:00:00', '0', null, 'B0120SLG', 'PAID'),('PUR_101721','SLM_100007', '228.77', '0', 'CASH', '1', '2021-01-01 00:00:00', '2021-01-01 00:00:00', '0', null, 'B0121SLG', 'PAID'),('PUR_101722','SLM_100007', '233.41', '0', 'CASH', '1', '2022-01-01 00:00:00', '2022-01-01 00:00:00', '0', null, 'B0122SLG', 'PAID'),('PUR_101723','SLM_100018', '230.82', '0', 'CASH', '1', '2022-01-01 00:00:00', '2022-01-01 00:00:00', '0', null, 'B0122YM', 'PAID'),('PUR_101724','SLM_100018', '248.19', '0', 'CASH', '1', '2023-01-01 00:00:00', '2023-01-01 00:00:00', '0', null, 'B0123YM', 'PAID'),('PUR_101725','SLM_100007', '291.48', '0', 'CASH', '1', '2024-01-01 00:00:00', '2024-01-01 00:00:00', '0', null, 'B0124SLG', 'PAID')
2025-04-05 11:31:04,397 - INFO - Next value of sequence pur_id_seq: 101726
2025-04-05 11:31:04,425 - INFO - Next value of sequence pur_id_seq: 101727
2025-04-05 11:31:04,448 - INFO - Next value of sequence pur_id_seq: 101728
2025-04-05 11:31:04,469 - INFO - Next value of sequence pur_id_seq: 101729
2025-04-05 11:31:04,492 - INFO - Next value of sequence pur_id_seq: 101730
2025-04-05 11:31:04,518 - INFO - Next value of sequence pur_id_seq: 101731
2025-04-05 11:31:04,548 - INFO - Next value of sequence pur_id_seq: 101732
2025-04-05 11:31:04,631 - INFO - Successfully inserted data into konghin.purchase.
2025-04-05 11:31:04,631 - INFO - Query: INSERT INTO konghin.purchase (pur_id, pur_slm_id, pur_gold_cost, pur_labor_cost, pur_method, pur_official_invoice, pur_date, pur_billing_date, pur_weight, pur_invoice_no, pur_code, pur_payment_status) VALUES ('PUR_101726','SLM_100018', '288.18', '0', 'CASH', '1', '2024-01-01 00:00:00', '2024-01-01 00:00:00', '0', null, 'B0124YM', 'PAID'),('PUR_101727','SLM_100010', '289.39', '0', 'CASH', '1', '2024-01-01 00:00:00', '2024-01-01 00:00:00', '0', null, 'B0124YX', 'PAID'),('PUR_101728','SLM_100018', '366.5', '0', 'CASH', '1', '2025-01-01 00:00:00', '2025-01-01 00:00:00', '0', null, 'B0125YM', 'PAID'),('PUR_101729','SLM_100007', '160.0', '0', 'CASH', '1', '2012-02-01 00:00:00', '2012-02-01 00:00:00', '0', null, 'B0212SLG', 'PAID'),('PUR_101730','SLM_100007', '134.5', '0', 'CASH', '1', '2014-02-01 00:00:00', '2014-02-01 00:00:00', '0', null, 'B0214SLG', 'PAID'),('PUR_101731','SLM_100007', '132.8', '0', 'CASH', '1', '2015-02-01 00:00:00', '2015-02-01 00:00:00', '0', null, 'B0215SLG', 'PAID'),('PUR_101732','SLM_100007', '158.6', '0', 'CASH', '1', '2016-02-01 00:00:00', '2016-02-01 00:00:00', '0', null, 'B0216SLG', 'PAID')
2025-04-05 11:31:04,698 - INFO - Next value of sequence pur_id_seq: 101733
2025-04-05 11:31:04,721 - INFO - Next value of sequence pur_id_seq: 101734
2025-04-05 11:31:04,762 - INFO - Next value of sequence pur_id_seq: 101735
2025-04-05 11:31:04,792 - INFO - Next value of sequence pur_id_seq: 101736
2025-04-05 11:31:04,845 - INFO - Next value of sequence pur_id_seq: 101737
2025-04-05 11:31:04,870 - INFO - Next value of sequence pur_id_seq: 101738
2025-04-05 11:31:04,892 - INFO - Next value of sequence pur_id_seq: 101739
2025-04-05 11:31:04,944 - INFO - Successfully inserted data into konghin.purchase.
2025-04-05 11:31:04,944 - INFO - Query: INSERT INTO konghin.purchase (pur_id, pur_slm_id, pur_gold_cost, pur_labor_cost, pur_method, pur_official_invoice, pur_date, pur_billing_date, pur_weight, pur_invoice_no, pur_code, pur_payment_status) VALUES ('PUR_101733','SLM_100007', '167.9', '0', 'CASH', '1', '2017-02-01 00:00:00', '2017-02-01 00:00:00', '0', null, 'B0217SLG', 'PAID'),('PUR_101734','SLM_100007', '158.2', '0', 'CASH', '1', '2018-02-01 00:00:00', '2018-02-01 00:00:00', '0', null, 'B0218SLG', 'PAID'),('PUR_101735','SLM_100007', '165.16', '0', 'CASH', '1', '2019-02-01 00:00:00', '2019-02-01 00:00:00', '0', null, 'B0219SLG', 'PAID'),('PUR_101736','SLM_100007', '208.63', '0', 'CASH', '1', '2020-02-01 00:00:00', '2020-02-01 00:00:00', '0', null, 'B0220SLG', 'PAID'),('PUR_101737','SLM_100007', '219.88', '0', 'CASH', '1', '2021-02-01 00:00:00', '2021-02-01 00:00:00', '0', null, 'B0221SLG', 'PAID'),('PUR_101738','SLM_100018', '218.6', '0', 'CASH', '1', '2021-02-01 00:00:00', '2021-02-01 00:00:00', '0', null, 'B0221YM', 'PAID'),('PUR_101739','SLM_100033', '241.9', '0', 'CASH', '1', '2022-02-01 00:00:00', '2022-02-01 00:00:00', '0', null, 'B0222YK', 'PAID')
2025-04-05 11:31:04,992 - INFO - Next value of sequence pur_id_seq: 101740
2025-04-05 11:31:05,030 - INFO - Next value of sequence pur_id_seq: 101741
2025-04-05 11:31:05,095 - INFO - Next value of sequence pur_id_seq: 101742
2025-04-05 11:31:05,150 - INFO - Next value of sequence pur_id_seq: 101743
2025-04-05 11:31:05,179 - INFO - Next value of sequence pur_id_seq: 101744
2025-04-05 11:31:05,202 - INFO - Next value of sequence pur_id_seq: 101745
2025-04-05 11:31:05,225 - INFO - Next value of sequence pur_id_seq: 101746
2025-04-05 11:31:05,268 - INFO - Successfully inserted data into konghin.purchase.
2025-04-05 11:31:05,268 - INFO - Query: INSERT INTO konghin.purchase (pur_id, pur_slm_id, pur_gold_cost, pur_labor_cost, pur_method, pur_official_invoice, pur_date, pur_billing_date, pur_weight, pur_invoice_no, pur_code, pur_payment_status) VALUES ('PUR_101740','SLM_100021', '245.57', '0', 'CASH', '1', '2023-02-01 00:00:00', '2023-02-01 00:00:00', '0', null, 'B0223HJ', 'PAID'),('PUR_101741','SLM_100018', '243.69', '0', 'CASH', '1', '2023-02-01 00:00:00', '2023-02-01 00:00:00', '0', null, 'B0223YM', 'PAID'),('PUR_101742','SLM_100010', '244.31', '0', 'CASH', '1', '2023-02-01 00:00:00', '2023-02-01 00:00:00', '0', null, 'B0223YX', 'PAID'),('PUR_101743','SLM_100020', '293.17', '0', 'CASH', '1', '2024-02-01 00:00:00', '2024-02-01 00:00:00', '0', null, 'B0224JJT', 'PAID'),('PUR_101744','SLM_100007', '389.68', '0', 'CASH', '1', '2025-02-01 00:00:00', '2025-02-01 00:00:00', '0', null, 'B0225SLG', 'PAID'),('PUR_101745','SLM_100018', '386.37', '0', 'CASH', '1', '2025-02-01 00:00:00', '2025-02-01 00:00:00', '0', null, 'B0225YM', 'PAID'),('PUR_101746','SLM_100007', '132.0', '0', 'CASH', '1', '2011-03-01 00:00:00', '2011-03-01 00:00:00', '0', null, 'B0311SLG', 'PAID')
2025-04-05 11:31:05,317 - INFO - Next value of sequence pur_id_seq: 101747
2025-04-05 11:31:05,350 - INFO - Next value of sequence pur_id_seq: 101748
2025-04-05 11:31:05,380 - INFO - Next value of sequence pur_id_seq: 101749
2025-04-05 11:31:05,414 - INFO - Next value of sequence pur_id_seq: 101750
2025-04-05 11:31:05,470 - INFO - Next value of sequence pur_id_seq: 101751
2025-04-05 11:31:05,494 - INFO - Next value of sequence pur_id_seq: 101752
2025-04-05 11:31:05,520 - INFO - Next value of sequence pur_id_seq: 101753
2025-04-05 11:31:05,573 - INFO - Successfully inserted data into konghin.purchase.
2025-04-05 11:31:05,573 - INFO - Query: INSERT INTO konghin.purchase (pur_id, pur_slm_id, pur_gold_cost, pur_labor_cost, pur_method, pur_official_invoice, pur_date, pur_billing_date, pur_weight, pur_invoice_no, pur_code, pur_payment_status) VALUES ('PUR_101747','SLM_100007', '151.0', '0', 'CASH', '1', '2013-03-01 00:00:00', '2013-03-01 00:00:00', '0', null, 'B0313SLG', 'PAID'),('PUR_101748','SLM_100007', '137.5', '0', 'CASH', '1', '2014-03-01 00:00:00', '2014-03-01 00:00:00', '0', null, 'B0314SLG', 'PAID'),('PUR_101749','SLM_100007', '139.3', '0', 'CASH', '1', '2015-03-01 00:00:00', '2015-03-01 00:00:00', '0', null, 'B0315SLG', 'PAID'),('PUR_101750','SLM_100007', '151.1', '0', 'CASH', '1', '2016-03-01 00:00:00', '2016-03-01 00:00:00', '0', null, 'B0316SLG', 'PAID'),('PUR_101751','SLM_100007', '164.0', '0', 'CASH', '1', '2017-03-01 00:00:00', '2017-03-01 00:00:00', '0', null, 'B0317SLG', 'PAID'),('PUR_101752','SLM_100007', '157.6', '0', 'CASH', '1', '2018-03-01 00:00:00', '2018-03-01 00:00:00', '0', null, 'B0318SLG', 'PAID'),('PUR_101753','SLM_100018', '157.8', '0', 'CASH', '1', '2018-03-01 00:00:00', '2018-03-01 00:00:00', '0', null, 'B0318YM', 'PAID')
2025-04-05 11:31:05,613 - INFO - Next value of sequence pur_id_seq: 101754
2025-04-05 11:31:05,635 - INFO - Next value of sequence pur_id_seq: 101755
2025-04-05 11:31:05,678 - INFO - Next value of sequence pur_id_seq: 101756
2025-04-05 11:31:05,720 - INFO - Next value of sequence pur_id_seq: 101757
2025-04-05 11:31:05,779 - INFO - Next value of sequence pur_id_seq: 101758
2025-04-05 11:31:05,814 - INFO - Next value of sequence pur_id_seq: 101759
2025-04-05 11:31:05,849 - INFO - Next value of sequence pur_id_seq: 101760
2025-04-05 11:31:05,945 - INFO - Successfully inserted data into konghin.purchase.
2025-04-05 11:31:05,945 - INFO - Query: INSERT INTO konghin.purchase (pur_id, pur_slm_id, pur_gold_cost, pur_labor_cost, pur_method, pur_official_invoice, pur_date, pur_billing_date, pur_weight, pur_invoice_no, pur_code, pur_payment_status) VALUES ('PUR_101754','SLM_100007', '163.6', '0', 'CASH', '1', '2019-03-01 00:00:00', '2019-03-01 00:00:00', '0', null, 'B0319SLG', 'PAID'),('PUR_101755','SLM_100007', '215.96', '0', 'CASH', '1', '2021-03-01 00:00:00', '2021-03-01 00:00:00', '0', null, 'B0321SLG', 'PAID'),('PUR_101756','SLM_100018', '217.43', '0', 'CASH', '1', '2021-03-01 00:00:00', '2021-03-01 00:00:00', '0', null, 'B0321YM', 'PAID'),('PUR_101757','SLM_100007', '246.62', '0', 'CASH', '1', '2022-03-01 00:00:00', '2022-03-01 00:00:00', '0', null, 'B0322SLG', 'PAID'),('PUR_101758','SLM_100018', '246.11', '0', 'CASH', '1', '2022-03-01 00:00:00', '2022-03-01 00:00:00', '0', null, 'B0322YM', 'PAID'),('PUR_101759','SLM_100007', '265.96', '0', 'CASH', '1', '2023-03-01 00:00:00', '2023-03-01 00:00:00', '0', null, 'B0323SLG', 'PAID'),('PUR_101760','SLM_100018', '260.42', '0', 'CASH', '1', '2023-03-01 00:00:00', '2023-03-01 00:00:00', '0', null, 'B0323YM', 'PAID')
2025-04-05 11:31:05,991 - INFO - Next value of sequence pur_id_seq: 101761
2025-04-05 11:31:06,047 - INFO - Next value of sequence pur_id_seq: 101762
2025-04-05 11:31:06,089 - INFO - Next value of sequence pur_id_seq: 101763
2025-04-05 11:31:06,136 - INFO - Next value of sequence pur_id_seq: 101764
2025-04-05 11:31:06,176 - INFO - Next value of sequence pur_id_seq: 101765
2025-04-05 11:31:06,202 - INFO - Next value of sequence pur_id_seq: 101766
2025-04-05 11:31:06,305 - INFO - Next value of sequence pur_id_seq: 101767
2025-04-05 11:31:06,360 - INFO - Successfully inserted data into konghin.purchase.
2025-04-05 11:31:06,360 - INFO - Query: INSERT INTO konghin.purchase (pur_id, pur_slm_id, pur_gold_cost, pur_labor_cost, pur_method, pur_official_invoice, pur_date, pur_billing_date, pur_weight, pur_invoice_no, pur_code, pur_payment_status) VALUES ('PUR_101761','SLM_100023', '307.58', '0', 'CASH', '1', '2024-03-01 00:00:00', '2024-03-01 00:00:00', '0', null, 'B0324CJ', 'PAID'),('PUR_101762','SLM_100007', '311.15', '0', 'CASH', '1', '2024-03-01 00:00:00', '2024-03-01 00:00:00', '0', null, 'B0324SLG', 'PAID'),('PUR_101763','SLM_100018', '311.18', '0', 'CASH', '1', '2024-03-01 00:00:00', '2024-03-01 00:00:00', '0', null, 'B0324YM', 'PAID'),('PUR_101764','SLM_100007', '153.0', '0', 'CASH', '1', '2012-04-01 00:00:00', '2012-04-01 00:00:00', '0', null, 'B0412SLG', 'PAID'),('PUR_101765','SLM_100007', '136.0', '0', 'CASH', '1', '2013-04-01 00:00:00', '2013-04-01 00:00:00', '0', null, 'B0413SLG', 'PAID'),('PUR_101766','SLM_100007', '128.2', '0', 'CASH', '1', '2014-04-01 00:00:00', '2014-04-01 00:00:00', '0', null, 'B0414SLG', 'PAID'),('PUR_101767','SLM_100007', '147.4', '0', 'CASH', '1', '2016-04-01 00:00:00', '2016-04-01 00:00:00', '0', null, 'B0416SLG', 'PAID')
2025-04-05 11:31:06,400 - INFO - Next value of sequence pur_id_seq: 101768
2025-04-05 11:31:06,442 - INFO - Next value of sequence pur_id_seq: 101769
2025-04-05 11:31:06,508 - INFO - Next value of sequence pur_id_seq: 101770
2025-04-05 11:31:06,545 - INFO - Next value of sequence pur_id_seq: 101771
2025-04-05 11:31:06,576 - INFO - Next value of sequence pur_id_seq: 101772
2025-04-05 11:31:06,615 - INFO - Next value of sequence pur_id_seq: 101773
2025-04-05 11:31:06,678 - INFO - Next value of sequence pur_id_seq: 101774
2025-04-05 11:31:06,730 - INFO - Successfully inserted data into konghin.purchase.
2025-04-05 11:31:06,730 - INFO - Query: INSERT INTO konghin.purchase (pur_id, pur_slm_id, pur_gold_cost, pur_labor_cost, pur_method, pur_official_invoice, pur_date, pur_billing_date, pur_weight, pur_invoice_no, pur_code, pur_payment_status) VALUES ('PUR_101768','SLM_100007', '172.0', '0', 'CASH', '1', '2017-04-01 00:00:00', '2017-04-01 00:00:00', '0', null, 'B0417SLG', 'PAID'),('PUR_101769','SLM_100007', '160.13', '0', 'CASH', '1', '2018-04-01 00:00:00', '2018-04-01 00:00:00', '0', null, 'B0418SLG', 'PAID'),('PUR_101770','SLM_100007', '161.88', '0', 'CASH', '1', '2019-04-01 00:00:00', '2019-04-01 00:00:00', '0', null, 'B0419SLG', 'PAID'),('PUR_101771','SLM_100018', '160.82', '0', 'CASH', '1', '2019-04-01 00:00:00', '2019-04-01 00:00:00', '0', null, 'B0419YM', 'PAID'),('PUR_101772','SLM_100018', '222.33', '0', 'CASH', '1', '2021-04-01 00:00:00', '2021-04-01 00:00:00', '0', null, 'B0421YM', 'PAID'),('PUR_101773','SLM_100007', '251.34', '0', 'CASH', '1', '2022-04-01 00:00:00', '2022-04-01 00:00:00', '0', null, 'B0422SLG', 'PAID'),('PUR_101774','SLM_100018', '268.6', '0', 'CASH', '1', '2023-04-01 00:00:00', '2023-04-01 00:00:00', '0', null, 'B0423YM', 'PAID')
2025-04-05 11:31:06,782 - INFO - Next value of sequence pur_id_seq: 101775
2025-04-05 11:31:06,817 - INFO - Next value of sequence pur_id_seq: 101776
2025-04-05 11:31:06,870 - INFO - Next value of sequence pur_id_seq: 101777
2025-04-05 11:31:06,938 - INFO - Next value of sequence pur_id_seq: 101778
2025-04-05 11:31:06,986 - INFO - Next value of sequence pur_id_seq: 101779
2025-04-05 11:31:07,061 - INFO - Next value of sequence pur_id_seq: 101780
2025-04-05 11:31:07,095 - INFO - Next value of sequence pur_id_seq: 101781
2025-04-05 11:31:07,137 - INFO - Successfully inserted data into konghin.purchase.
2025-04-05 11:31:07,137 - INFO - Query: INSERT INTO konghin.purchase (pur_id, pur_slm_id, pur_gold_cost, pur_labor_cost, pur_method, pur_official_invoice, pur_date, pur_billing_date, pur_weight, pur_invoice_no, pur_code, pur_payment_status) VALUES ('PUR_101775','SLM_100023', '331.22', '0', 'CASH', '1', '2024-04-01 00:00:00', '2024-04-01 00:00:00', '0', null, 'B0424CJ', 'PAID'),('PUR_101776','SLM_100007', '335.72', '0', 'CASH', '1', '2024-04-01 00:00:00', '2024-04-01 00:00:00', '0', null, 'B0424SLG', 'PAID'),('PUR_101777','SLM_100018', '332.14', '0', 'CASH', '1', '2024-04-01 00:00:00', '2024-04-01 00:00:00', '0', null, 'B0424YM', 'PAID'),('PUR_101778','SLM_100007', '141.0', '0', 'CASH', '1', '2011-05-01 00:00:00', '2011-05-01 00:00:00', '0', null, 'B0511SLG', 'PAID'),('PUR_101779','SLM_100007', '131.5', '0', 'CASH', '1', '2013-05-01 00:00:00', '2013-05-01 00:00:00', '0', null, 'B0513SLG', 'PAID'),('PUR_101780','SLM_100007', '124.4', '0', 'CASH', '1', '2014-05-01 00:00:00', '2014-05-01 00:00:00', '0', null, 'B0514SLG', 'PAID'),('PUR_101781','SLM_100007', '131.7', '0', 'CASH', '1', '2015-05-01 00:00:00', '2015-05-01 00:00:00', '0', null, 'B0515SLG', 'PAID')
2025-04-05 11:31:07,197 - INFO - Next value of sequence pur_id_seq: 101782
2025-04-05 11:31:07,225 - INFO - Next value of sequence pur_id_seq: 101783
2025-04-05 11:31:07,283 - INFO - Next value of sequence pur_id_seq: 101784
2025-04-05 11:31:07,314 - INFO - Next value of sequence pur_id_seq: 101785
2025-04-05 11:31:07,341 - INFO - Next value of sequence pur_id_seq: 101786
2025-04-05 11:31:07,364 - INFO - Next value of sequence pur_id_seq: 101787
2025-04-05 11:31:07,426 - INFO - Next value of sequence pur_id_seq: 101788
2025-04-05 11:31:07,479 - INFO - Successfully inserted data into konghin.purchase.
2025-04-05 11:31:07,479 - INFO - Query: INSERT INTO konghin.purchase (pur_id, pur_slm_id, pur_gold_cost, pur_labor_cost, pur_method, pur_official_invoice, pur_date, pur_billing_date, pur_weight, pur_invoice_no, pur_code, pur_payment_status) VALUES ('PUR_101782','SLM_100007', '153.7', '0', 'CASH', '1', '2016-05-01 00:00:00', '2016-05-01 00:00:00', '0', null, 'B0516SLG', 'PAID'),('PUR_101783','SLM_100007', '164.4', '0', 'CASH', '1', '2017-05-01 00:00:00', '2017-05-01 00:00:00', '0', null, 'B0517SLG', 'PAID'),('PUR_101784','SLM_100007', '157.6', '0', 'CASH', '1', '2018-05-01 00:00:00', '2018-05-01 00:00:00', '0', null, 'B0518SLG', 'PAID'),('PUR_101785','SLM_100007', '163.38', '0', 'CASH', '1', '2019-05-01 00:00:00', '2019-05-01 00:00:00', '0', null, 'B0519SLG', 'PAID'),('PUR_101786','SLM_100018', '243.38', '0', 'CASH', '1', '2022-05-01 00:00:00', '2022-05-01 00:00:00', '0', null, 'B0522YM', 'PAID'),('PUR_101787','SLM_100020', '273.72', '0', 'CASH', '1', '2023-05-01 00:00:00', '2023-05-01 00:00:00', '0', null, 'B0523JJT', 'PAID'),('PUR_101788','SLM_100007', '273.55', '0', 'CASH', '1', '2023-05-01 00:00:00', '2023-05-01 00:00:00', '0', null, 'B0523SLG', 'PAID')
2025-04-05 11:31:07,524 - INFO - Next value of sequence pur_id_seq: 101789
2025-04-05 11:31:07,546 - INFO - Next value of sequence pur_id_seq: 101790
2025-04-05 11:31:07,568 - INFO - Next value of sequence pur_id_seq: 101791
2025-04-05 11:31:07,588 - INFO - Next value of sequence pur_id_seq: 101792
2025-04-05 11:31:07,622 - INFO - Next value of sequence pur_id_seq: 101793
2025-04-05 11:31:07,645 - INFO - Next value of sequence pur_id_seq: 101794
2025-04-05 11:31:07,667 - INFO - Next value of sequence pur_id_seq: 101795
2025-04-05 11:31:07,726 - INFO - Successfully inserted data into konghin.purchase.
2025-04-05 11:31:07,726 - INFO - Query: INSERT INTO konghin.purchase (pur_id, pur_slm_id, pur_gold_cost, pur_labor_cost, pur_method, pur_official_invoice, pur_date, pur_billing_date, pur_weight, pur_invoice_no, pur_code, pur_payment_status) VALUES ('PUR_101789','SLM_100018', '270.66', '0', 'CASH', '1', '2023-05-01 00:00:00', '2023-05-01 00:00:00', '0', null, 'B0523YM', 'PAID'),('PUR_101790','SLM_100007', '153.0', '0', 'CASH', '1', '2012-06-01 00:00:00', '2012-06-01 00:00:00', '0', null, 'B0612SLG', 'PAID'),('PUR_101791','SLM_100007', '135.7', '0', 'CASH', '1', '2015-06-01 00:00:00', '2015-06-01 00:00:00', '0', null, 'B0615SLG', 'PAID'),('PUR_101792','SLM_100007', '159.3', '0', 'CASH', '1', '2016-06-01 00:00:00', '2016-06-01 00:00:00', '0', null, 'B0616SLG', 'PAID'),('PUR_101793','SLM_100007', '164.8', '0', 'CASH', '1', '2017-06-01 00:00:00', '2017-06-01 00:00:00', '0', null, 'B0617SLG', 'PAID'),('PUR_101794','SLM_100018', '176.82', '0', 'CASH', '1', '2019-06-01 00:00:00', '2019-06-01 00:00:00', '0', null, 'B0619YM', 'PAID'),('PUR_101795','SLM_100007', '224.38', '0', 'CASH', '1', '2020-06-01 00:00:00', '2020-06-01 00:00:00', '0', null, 'B0620SLG', 'PAID')
2025-04-05 11:31:07,768 - INFO - Next value of sequence pur_id_seq: 101796
2025-04-05 11:31:07,790 - INFO - Next value of sequence pur_id_seq: 101797
2025-04-05 11:31:07,812 - INFO - Next value of sequence pur_id_seq: 101798
2025-04-05 11:31:07,834 - INFO - Next value of sequence pur_id_seq: 101799
2025-04-05 11:31:07,864 - INFO - Next value of sequence pur_id_seq: 101800
2025-04-05 11:31:07,888 - INFO - Next value of sequence pur_id_seq: 101801
2025-04-05 11:31:07,912 - INFO - Next value of sequence pur_id_seq: 101802
2025-04-05 11:31:07,975 - INFO - Successfully inserted data into konghin.purchase.
2025-04-05 11:31:07,975 - INFO - Query: INSERT INTO konghin.purchase (pur_id, pur_slm_id, pur_gold_cost, pur_labor_cost, pur_method, pur_official_invoice, pur_date, pur_billing_date, pur_weight, pur_invoice_no, pur_code, pur_payment_status) VALUES ('PUR_101796','SLM_100017', '223.32', '0', 'CASH', '1', '2020-06-01 00:00:00', '2020-06-01 00:00:00', '0', null, 'B0620XW', 'PAID'),('PUR_101797','SLM_100018', '224.57', '0', 'CASH', '1', '2020-06-01 00:00:00', '2020-06-01 00:00:00', '0', null, 'B0620YM', 'PAID'),('PUR_101798','SLM_100007', '337.43', '0', 'CASH', '1', '2024-06-01 00:00:00', '2024-06-01 00:00:00', '0', null, 'B0624SLG', 'PAID'),('PUR_101799','SLM_100007', '138.0', '0', 'CASH', '1', '2011-07-01 00:00:00', '2011-07-01 00:00:00', '0', null, 'B0711SLG', 'PAID'),('PUR_101800','SLM_100010', '145.0', '0', 'CASH', '1', '2011-07-01 00:00:00', '2011-07-01 00:00:00', '0', null, 'B0711YX', 'PAID'),('PUR_101801','SLM_100007', '154.0', '0', 'CASH', '1', '2012-07-01 00:00:00', '2012-07-01 00:00:00', '0', null, 'B0712SLG', 'PAID'),('PUR_101802','SLM_100011', '127.5', '0', 'CASH', '1', '2013-07-01 00:00:00', '2013-07-01 00:00:00', '0', null, 'B0713GBT', 'PAID')
2025-04-05 11:31:08,071 - INFO - Next value of sequence pur_id_seq: 101803
2025-04-05 11:31:08,092 - INFO - Next value of sequence pur_id_seq: 101804
2025-04-05 11:31:08,133 - INFO - Next value of sequence pur_id_seq: 101805
2025-04-05 11:31:08,179 - INFO - Next value of sequence pur_id_seq: 101806
2025-04-05 11:31:08,226 - INFO - Next value of sequence pur_id_seq: 101807
2025-04-05 11:31:08,251 - INFO - Next value of sequence pur_id_seq: 101808
2025-04-05 11:31:08,275 - INFO - Next value of sequence pur_id_seq: 101809
2025-04-05 11:31:08,328 - INFO - Successfully inserted data into konghin.purchase.
2025-04-05 11:31:08,328 - INFO - Query: INSERT INTO konghin.purchase (pur_id, pur_slm_id, pur_gold_cost, pur_labor_cost, pur_method, pur_official_invoice, pur_date, pur_billing_date, pur_weight, pur_invoice_no, pur_code, pur_payment_status) VALUES ('PUR_101803','SLM_100007', '127.2', '0', 'CASH', '1', '2014-07-01 00:00:00', '2014-07-01 00:00:00', '0', null, 'B0714SLG', 'PAID'),('PUR_101804','SLM_100007', '133.7', '0', 'CASH', '1', '2015-07-01 00:00:00', '2015-07-01 00:00:00', '0', null, 'B0715SLG', 'PAID'),('PUR_101805','SLM_100007', '161.1', '0', 'CASH', '1', '2016-07-01 00:00:00', '2016-07-01 00:00:00', '0', null, 'B0716SLG', 'PAID'),('PUR_101806','SLM_100007', '151.9', '0', 'CASH', '1', '2018-07-01 00:00:00', '2018-07-01 00:00:00', '0', null, 'B0718SLG', 'PAID'),('PUR_101807','SLM_100007', '177.33', '0', 'CASH', '1', '2019-07-01 00:00:00', '2019-07-01 00:00:00', '0', null, 'B0719SLG', 'PAID'),('PUR_101808','SLM_100007', '235.0', '0', 'CASH', '1', '2020-07-01 00:00:00', '2020-07-01 00:00:00', '0', null, 'B0720SLG', 'PAID'),('PUR_101809','SLM_100020', '229.1', '0', 'CASH', '1', '2022-07-01 00:00:00', '2022-07-01 00:00:00', '0', null, 'B0722JJT', 'PAID')
2025-04-05 11:31:08,403 - INFO - Next value of sequence pur_id_seq: 101810
2025-04-05 11:31:08,446 - INFO - Next value of sequence pur_id_seq: 101811
2025-04-05 11:31:08,628 - INFO - Next value of sequence pur_id_seq: 101812
2025-04-05 11:31:08,654 - INFO - Next value of sequence pur_id_seq: 101813
2025-04-05 11:31:08,682 - INFO - Next value of sequence pur_id_seq: 101814
2025-04-05 11:31:08,734 - INFO - Next value of sequence pur_id_seq: 101815
2025-04-05 11:31:08,775 - INFO - Next value of sequence pur_id_seq: 101816
2025-04-05 11:31:08,828 - INFO - Successfully inserted data into konghin.purchase.
2025-04-05 11:31:08,828 - INFO - Query: INSERT INTO konghin.purchase (pur_id, pur_slm_id, pur_gold_cost, pur_labor_cost, pur_method, pur_official_invoice, pur_date, pur_billing_date, pur_weight, pur_invoice_no, pur_code, pur_payment_status) VALUES ('PUR_101810','SLM_100018', '230.47', '0', 'CASH', '1', '2022-07-01 00:00:00', '2022-07-01 00:00:00', '0', null, 'B0722YM', 'PAID'),('PUR_101811','SLM_100007', '336.66', '0', 'CASH', '1', '2024-07-01 00:00:00', '2024-07-01 00:00:00', '0', null, 'B0724SLG', 'PAID'),('PUR_101812','SLM_100018', '336.0', '0', 'CASH', '1', '2024-07-01 00:00:00', '2024-07-01 00:00:00', '0', null, 'B0724YM', 'PAID'),('PUR_101813','SLM_100007', '168.0', '0', 'CASH', '1', '2011-08-01 00:00:00', '2011-08-01 00:00:00', '0', null, 'B0811SLG', 'PAID'),('PUR_101814','SLM_100011', '157.5', '0', 'CASH', '1', '2012-08-01 00:00:00', '2012-08-01 00:00:00', '0', null, 'B0812GBT', 'PAID'),('PUR_101815','SLM_100007', '160.5', '0', 'CASH', '1', '2012-08-01 00:00:00', '2012-08-01 00:00:00', '0', null, 'B0812SLG', 'PAID'),('PUR_101816','SLM_100029', '144.0', '0', 'CASH', '1', '2013-08-01 00:00:00', '2013-08-01 00:00:00', '0', null, 'B0813KP', 'PAID')
2025-04-05 11:31:08,884 - INFO - Next value of sequence pur_id_seq: 101817
2025-04-05 11:31:08,944 - INFO - Next value of sequence pur_id_seq: 101818
2025-04-05 11:31:08,967 - INFO - Next value of sequence pur_id_seq: 101819
2025-04-05 11:31:08,992 - INFO - Next value of sequence pur_id_seq: 101820
2025-04-05 11:31:09,051 - INFO - Next value of sequence pur_id_seq: 101821
2025-04-05 11:31:09,084 - INFO - Next value of sequence pur_id_seq: 101822
2025-04-05 11:31:09,124 - INFO - Next value of sequence pur_id_seq: 101823
2025-04-05 11:31:09,180 - INFO - Successfully inserted data into konghin.purchase.
2025-04-05 11:31:09,180 - INFO - Query: INSERT INTO konghin.purchase (pur_id, pur_slm_id, pur_gold_cost, pur_labor_cost, pur_method, pur_official_invoice, pur_date, pur_billing_date, pur_weight, pur_invoice_no, pur_code, pur_payment_status) VALUES ('PUR_101817','SLM_100007', '123.0', '0', 'CASH', '1', '2013-08-01 00:00:00', '2013-08-01 00:00:00', '0', null, 'B0813SLG', 'PAID'),('PUR_101818','SLM_100012', '122.1', '0', 'CASH', '1', '2014-08-01 00:00:00', '2014-08-01 00:00:00', '0', null, 'B0814MGI', 'PAID'),('PUR_101819','SLM_100007', '125.2', '0', 'CASH', '1', '2014-08-01 00:00:00', '2014-08-01 00:00:00', '0', null, 'B0814SLG', 'PAID'),('PUR_101820','SLM_100012', '126.55', '0', 'CASH', '1', '2015-08-01 00:00:00', '2015-08-01 00:00:00', '0', null, 'B0815MGI', 'PAID'),('PUR_101821','SLM_100007', '166.8', '0', 'CASH', '1', '2017-08-01 00:00:00', '2017-08-01 00:00:00', '0', null, 'B0817SLG', 'PAID'),('PUR_101822','SLM_100018', '150.4', '0', 'CASH', '1', '2018-08-01 00:00:00', '2018-08-01 00:00:00', '0', null, 'B0818YM', 'PAID'),('PUR_101823','SLM_100007', '190.75', '0', 'CASH', '1', '2019-08-01 00:00:00', '2019-08-01 00:00:00', '0', null, 'B0819SLG', 'PAID')
2025-04-05 11:31:09,223 - INFO - Next value of sequence pur_id_seq: 101824
2025-04-05 11:31:09,245 - INFO - Next value of sequence pur_id_seq: 101825
2025-04-05 11:31:09,272 - INFO - Next value of sequence pur_id_seq: 101826
2025-04-05 11:31:09,298 - INFO - Next value of sequence pur_id_seq: 101827
2025-04-05 11:31:09,328 - INFO - Next value of sequence pur_id_seq: 101828
2025-04-05 11:31:09,352 - INFO - Next value of sequence pur_id_seq: 101829
2025-04-05 11:31:09,374 - INFO - Next value of sequence pur_id_seq: 101830
2025-04-05 11:31:09,425 - INFO - Successfully inserted data into konghin.purchase.
2025-04-05 11:31:09,425 - INFO - Query: INSERT INTO konghin.purchase (pur_id, pur_slm_id, pur_gold_cost, pur_labor_cost, pur_method, pur_official_invoice, pur_date, pur_billing_date, pur_weight, pur_invoice_no, pur_code, pur_payment_status) VALUES ('PUR_101824','SLM_100018', '192.24', '0', 'CASH', '1', '2019-08-01 00:00:00', '2019-08-01 00:00:00', '0', null, 'B0819YM', 'PAID'),('PUR_101825','SLM_100007', '246.3', '0', 'CASH', '1', '2020-08-01 00:00:00', '2020-08-01 00:00:00', '0', null, 'B0820SLG', 'PAID'),('PUR_101826','SLM_100018', '260.12', '0', 'CASH', '1', '2020-08-01 00:00:00', '2020-08-01 00:00:00', '0', null, 'B0820YM', 'PAID'),('PUR_101827','SLM_100007', '239.3', '0', 'CASH', '1', '2022-08-01 00:00:00', '2022-08-01 00:00:00', '0', null, 'B0822SLG', 'PAID'),('PUR_101828','SLM_100018', '241.04', '0', 'CASH', '1', '2022-08-01 00:00:00', '2022-08-01 00:00:00', '0', null, 'B0822YM', 'PAID'),('PUR_101829','SLM_100007', '164.5', '0', 'CASH', '1', '2012-09-01 00:00:00', '2012-09-01 00:00:00', '0', null, 'B0912SLG', 'PAID'),('PUR_101830','SLM_100007', '116.5', '0', 'CASH', '1', '2013-09-01 00:00:00', '2013-09-01 00:00:00', '0', null, 'B0913SLG', 'PAID')
2025-04-05 11:31:09,481 - INFO - Next value of sequence pur_id_seq: 101831
2025-04-05 11:31:09,504 - INFO - Next value of sequence pur_id_seq: 101832
2025-04-05 11:31:09,534 - INFO - Next value of sequence pur_id_seq: 101833
2025-04-05 11:31:09,567 - INFO - Next value of sequence pur_id_seq: 101834
2025-04-05 11:31:09,589 - INFO - Next value of sequence pur_id_seq: 101835
2025-04-05 11:31:09,612 - INFO - Next value of sequence pur_id_seq: 101836
2025-04-05 11:31:09,634 - INFO - Next value of sequence pur_id_seq: 101837
2025-04-05 11:31:09,677 - INFO - Successfully inserted data into konghin.purchase.
2025-04-05 11:31:09,677 - INFO - Query: INSERT INTO konghin.purchase (pur_id, pur_slm_id, pur_gold_cost, pur_labor_cost, pur_method, pur_official_invoice, pur_date, pur_billing_date, pur_weight, pur_invoice_no, pur_code, pur_payment_status) VALUES ('PUR_101831','SLM_100014', '151.0', '0', 'CASH', '1', '2015-09-01 00:00:00', '2015-09-01 00:00:00', '0', null, 'B0915FS', 'PAID'),('PUR_101832','SLM_100007', '148.0', '0', 'CASH', '1', '2015-09-01 00:00:00', '2015-09-01 00:00:00', '0', null, 'B0915SLG', 'PAID'),('PUR_101833','SLM_100007', '168.1', '0', 'CASH', '1', '2017-09-01 00:00:00', '2017-09-01 00:00:00', '0', null, 'B0917SLG', 'PAID'),('PUR_101834','SLM_100007', '150.38', '0', 'CASH', '1', '2018-09-01 00:00:00', '2018-09-01 00:00:00', '0', null, 'B0918SLG', 'PAID'),('PUR_101835','SLM_100007', '191.38', '0', 'CASH', '1', '2019-09-01 00:00:00', '2019-09-01 00:00:00', '0', null, 'B0919SLG', 'PAID'),('PUR_101836','SLM_100007', '238.38', '0', 'CASH', '1', '2020-09-01 00:00:00', '2020-09-01 00:00:00', '0', null, 'B0920SLG', 'PAID'),('PUR_101837','SLM_100018', '222.98', '0', 'CASH', '1', '2021-09-01 00:00:00', '2021-09-01 00:00:00', '0', null, 'B0921YM', 'PAID')
2025-04-05 11:31:09,733 - INFO - Next value of sequence pur_id_seq: 101838
2025-04-05 11:31:09,754 - INFO - Next value of sequence pur_id_seq: 101839
2025-04-05 11:31:09,776 - INFO - Next value of sequence pur_id_seq: 101840
2025-04-05 11:31:09,805 - INFO - Next value of sequence pur_id_seq: 101841
2025-04-05 11:31:09,834 - INFO - Next value of sequence pur_id_seq: 101842
2025-04-05 11:31:09,861 - INFO - Next value of sequence pur_id_seq: 101843
2025-04-05 11:31:09,885 - INFO - Next value of sequence pur_id_seq: 101844
2025-04-05 11:31:09,945 - INFO - Successfully inserted data into konghin.purchase.
2025-04-05 11:31:09,945 - INFO - Query: INSERT INTO konghin.purchase (pur_id, pur_slm_id, pur_gold_cost, pur_labor_cost, pur_method, pur_official_invoice, pur_date, pur_billing_date, pur_weight, pur_invoice_no, pur_code, pur_payment_status) VALUES ('PUR_101838','SLM_100018', '233.95', '0', 'CASH', '1', '2022-09-01 00:00:00', '2022-09-01 00:00:00', '0', null, 'B0922YM', 'PAID'),('PUR_101839','SLM_100018', '266.7', '0', 'CASH', '1', '2023-09-01 00:00:00', '2023-09-01 00:00:00', '0', null, 'B0923YM', 'PAID'),('PUR_101840','SLM_100007', '335.52', '0', 'CASH', '1', '2024-09-01 00:00:00', '2024-09-01 00:00:00', '0', null, 'B0924SLG', 'PAID'),('PUR_101841','SLM_100007', '126.5', '0', 'CASH', '1', '2010-10-01 00:00:00', '2010-10-01 00:00:00', '0', null, 'B1010SLG', 'PAID'),('PUR_101842','SLM_100007', '158.5', '0', 'CASH', '1', '2011-10-01 00:00:00', '2011-10-01 00:00:00', '0', null, 'B1011SLG', 'PAID'),('PUR_101843','SLM_100007', '159.5', '0', 'CASH', '1', '2012-10-01 00:00:00', '2012-10-01 00:00:00', '0', null, 'B1012SLG', 'PAID'),('PUR_101844','SLM_100007', '124.3', '0', 'CASH', '1', '2014-10-01 00:00:00', '2014-10-01 00:00:00', '0', null, 'B1014SLG', 'PAID')
2025-04-05 11:31:10,005 - INFO - Next value of sequence pur_id_seq: 101845
2025-04-05 11:31:10,028 - INFO - Next value of sequence pur_id_seq: 101846
2025-04-05 11:31:10,058 - INFO - Next value of sequence pur_id_seq: 101847
2025-04-05 11:31:10,084 - INFO - Next value of sequence pur_id_seq: 101848
2025-04-05 11:31:10,110 - INFO - Next value of sequence pur_id_seq: 101849
2025-04-05 11:31:10,132 - INFO - Next value of sequence pur_id_seq: 101850
2025-04-05 11:31:10,190 - INFO - Next value of sequence pur_id_seq: 101851
2025-04-05 11:31:10,247 - INFO - Successfully inserted data into konghin.purchase.
2025-04-05 11:31:10,247 - INFO - Query: INSERT INTO konghin.purchase (pur_id, pur_slm_id, pur_gold_cost, pur_labor_cost, pur_method, pur_official_invoice, pur_date, pur_billing_date, pur_weight, pur_invoice_no, pur_code, pur_payment_status) VALUES ('PUR_101845','SLM_100014', '148.9', '0', 'CASH', '1', '2015-10-01 00:00:00', '2015-10-01 00:00:00', '0', null, 'B1015FS', 'PAID'),('PUR_101846','SLM_100007', '150.5', '0', 'CASH', '1', '2015-10-01 00:00:00', '2015-10-01 00:00:00', '0', null, 'B1015SLG', 'PAID'),('PUR_101847','SLM_100007', '162.3', '0', 'CASH', '1', '2016-10-01 00:00:00', '2016-10-01 00:00:00', '0', null, 'B1016SLG', 'PAID'),('PUR_101848','SLM_100007', '165.3', '0', 'CASH', '1', '2017-10-01 00:00:00', '2017-10-01 00:00:00', '0', null, 'B1017SLG', 'PAID'),('PUR_101849','SLM_100018', '189.2', '0', 'CASH', '1', '2019-10-01 00:00:00', '2019-10-01 00:00:00', '0', null, 'B1019YM', 'PAID'),('PUR_101850','SLM_100007', '242.18', '0', 'CASH', '1', '2020-10-01 00:00:00', '2020-10-01 00:00:00', '0', null, 'B1020SLG', 'PAID'),('PUR_101851','SLM_100007', '225.13', '0', 'CASH', '1', '2021-10-01 00:00:00', '2021-10-01 00:00:00', '0', null, 'B1021SLG', 'PAID')
2025-04-05 11:31:10,311 - INFO - Next value of sequence pur_id_seq: 101852
2025-04-05 11:31:10,333 - INFO - Next value of sequence pur_id_seq: 101853
2025-04-05 11:31:10,365 - INFO - Next value of sequence pur_id_seq: 101854
2025-04-05 11:31:10,389 - INFO - Next value of sequence pur_id_seq: 101855
2025-04-05 11:31:10,413 - INFO - Next value of sequence pur_id_seq: 101856
2025-04-05 11:31:10,435 - INFO - Next value of sequence pur_id_seq: 101857
2025-04-05 11:31:10,456 - INFO - Next value of sequence pur_id_seq: 101858
2025-04-05 11:31:10,497 - INFO - Successfully inserted data into konghin.purchase.
2025-04-05 11:31:10,497 - INFO - Query: INSERT INTO konghin.purchase (pur_id, pur_slm_id, pur_gold_cost, pur_labor_cost, pur_method, pur_official_invoice, pur_date, pur_billing_date, pur_weight, pur_invoice_no, pur_code, pur_payment_status) VALUES ('PUR_101852','SLM_100020', '236.2', '0', 'CASH', '1', '2022-10-01 00:00:00', '2022-10-01 00:00:00', '0', null, 'B1022JJT', 'PAID'),('PUR_101853','SLM_100007', '239.38', '0', 'CASH', '1', '2022-10-01 00:00:00', '2022-10-01 00:00:00', '0', null, 'B1022SLG', 'PAID'),('PUR_101854','SLM_100018', '237.18', '0', 'CASH', '1', '2022-10-01 00:00:00', '2022-10-01 00:00:00', '0', null, 'B1022YM', 'PAID'),('PUR_101855','SLM_100022', '284.41', '0', 'CASH', '1', '2023-10-01 00:00:00', '2023-10-01 00:00:00', '0', null, 'B1023RB', 'PAID'),('PUR_101856','SLM_100007', '287.52', '0', 'CASH', '1', '2023-10-01 00:00:00', '2023-10-01 00:00:00', '0', null, 'B1023SLG', 'PAID'),('PUR_101857','SLM_100025', '265.93', '0', 'CASH', '1', '2023-10-01 00:00:00', '2023-10-01 00:00:00', '0', null, 'B1023TC', 'PAID'),('PUR_101858','SLM_100018', '286.86', '0', 'CASH', '1', '2023-10-01 00:00:00', '2023-10-01 00:00:00', '0', null, 'B1023YM', 'PAID')
2025-04-05 11:31:10,546 - INFO - Next value of sequence pur_id_seq: 101859
2025-04-05 11:31:10,574 - INFO - Next value of sequence pur_id_seq: 101860
2025-04-05 11:31:10,598 - INFO - Next value of sequence pur_id_seq: 101861
2025-04-05 11:31:10,622 - INFO - Next value of sequence pur_id_seq: 101862
2025-04-05 11:31:10,643 - INFO - Next value of sequence pur_id_seq: 101863
2025-04-05 11:31:10,671 - INFO - Next value of sequence pur_id_seq: 101864
2025-04-05 11:31:10,694 - INFO - Next value of sequence pur_id_seq: 101865
2025-04-05 11:31:10,737 - INFO - Successfully inserted data into konghin.purchase.
2025-04-05 11:31:10,737 - INFO - Query: INSERT INTO konghin.purchase (pur_id, pur_slm_id, pur_gold_cost, pur_labor_cost, pur_method, pur_official_invoice, pur_date, pur_billing_date, pur_weight, pur_invoice_no, pur_code, pur_payment_status) VALUES ('PUR_101859','SLM_100007', '358.98', '0', 'CASH', '1', '2024-10-01 00:00:00', '2024-10-01 00:00:00', '0', null, 'B1024SLG', 'PAID'),('PUR_101860','SLM_100018', '360.78', '0', 'CASH', '1', '2024-10-01 00:00:00', '2024-10-01 00:00:00', '0', null, 'B1024YM', 'PAID'),('PUR_101861','SLM_100011', '159.5', '0', 'CASH', '1', '2012-11-01 00:00:00', '2012-11-01 00:00:00', '0', null, 'B1112GBT', 'PAID'),('PUR_101862','SLM_100007', '163.0', '0', 'CASH', '1', '2012-11-01 00:00:00', '2012-11-01 00:00:00', '0', null, 'B1112SLG', 'PAID'),('PUR_101863','SLM_100007', '162.2', '0', 'CASH', '1', '2017-11-01 00:00:00', '2017-11-01 00:00:00', '0', null, 'B1117SLG', 'PAID'),('PUR_101864','SLM_100007', '156.55', '0', 'CASH', '1', '2018-11-01 00:00:00', '2018-11-01 00:00:00', '0', null, 'B1118SLG', 'PAID'),('PUR_101865','SLM_100018', '152.7', '0', 'CASH', '1', '2018-11-01 00:00:00', '2018-11-01 00:00:00', '0', null, 'B1118YM', 'PAID')
2025-04-05 11:31:10,782 - INFO - Next value of sequence pur_id_seq: 101866
2025-04-05 11:31:10,805 - INFO - Next value of sequence pur_id_seq: 101867
2025-04-05 11:31:10,835 - INFO - Next value of sequence pur_id_seq: 101868
2025-04-05 11:31:10,863 - INFO - Next value of sequence pur_id_seq: 101869
2025-04-05 11:31:10,898 - INFO - Next value of sequence pur_id_seq: 101870
2025-04-05 11:31:10,921 - INFO - Next value of sequence pur_id_seq: 101871
2025-04-05 11:31:10,970 - INFO - Next value of sequence pur_id_seq: 101872
2025-04-05 11:31:11,014 - INFO - Successfully inserted data into konghin.purchase.
2025-04-05 11:31:11,014 - INFO - Query: INSERT INTO konghin.purchase (pur_id, pur_slm_id, pur_gold_cost, pur_labor_cost, pur_method, pur_official_invoice, pur_date, pur_billing_date, pur_weight, pur_invoice_no, pur_code, pur_payment_status) VALUES ('PUR_101866','SLM_100007', '185.13', '0', 'CASH', '1', '2019-11-01 00:00:00', '2019-11-01 00:00:00', '0', null, 'B1119SLG', 'PAID'),('PUR_101867','SLM_100018', '186.44', '0', 'CASH', '1', '2019-11-01 00:00:00', '2019-11-01 00:00:00', '0', null, 'B1119YM', 'PAID'),('PUR_101868','SLM_100018', '233.3', '0', 'CASH', '1', '2020-11-01 00:00:00', '2020-11-01 00:00:00', '0', null, 'B1120YM', 'PAID'),('PUR_101869','SLM_100007', '234.05', '0', 'CASH', '1', '2021-11-01 00:00:00', '2021-11-01 00:00:00', '0', null, 'B1121SLG', 'PAID'),('PUR_101870','SLM_100018', '236.26', '0', 'CASH', '1', '2021-11-01 00:00:00', '2021-11-01 00:00:00', '0', null, 'B1121YM', 'PAID'),('PUR_101871','SLM_100021', '241.31', '0', 'CASH', '1', '2022-11-01 00:00:00', '2022-11-01 00:00:00', '0', null, 'B1122HJ', 'PAID'),('PUR_101872','SLM_100022', '242.49', '0', 'CASH', '1', '2022-11-01 00:00:00', '2022-11-01 00:00:00', '0', null, 'B1122RB', 'PAID')
2025-04-05 11:31:11,060 - INFO - Next value of sequence pur_id_seq: 101873
2025-04-05 11:31:11,087 - INFO - Next value of sequence pur_id_seq: 101874
2025-04-05 11:31:11,109 - INFO - Next value of sequence pur_id_seq: 101875
2025-04-05 11:31:11,140 - INFO - Next value of sequence pur_id_seq: 101876
2025-04-05 11:31:11,170 - INFO - Next value of sequence pur_id_seq: 101877
2025-04-05 11:31:11,196 - INFO - Next value of sequence pur_id_seq: 101878
2025-04-05 11:31:11,218 - INFO - Next value of sequence pur_id_seq: 101879
2025-04-05 11:31:11,268 - INFO - Successfully inserted data into konghin.purchase.
2025-04-05 11:31:11,268 - INFO - Query: INSERT INTO konghin.purchase (pur_id, pur_slm_id, pur_gold_cost, pur_labor_cost, pur_method, pur_official_invoice, pur_date, pur_billing_date, pur_weight, pur_invoice_no, pur_code, pur_payment_status) VALUES ('PUR_101873','SLM_100018', '237.83', '0', 'CASH', '1', '2022-11-01 00:00:00', '2022-11-01 00:00:00', '0', null, 'B1122YM', 'PAID'),('PUR_101874','SLM_100018', '282.36', '0', 'CASH', '1', '2023-11-01 00:00:00', '2023-11-01 00:00:00', '0', null, 'B1123YM', 'PAID'),('PUR_101875','SLM_100007', '130.5', '0', 'CASH', '1', '2010-12-01 00:00:00', '2010-12-01 00:00:00', '0', null, 'B1210SLG', 'PAID'),('PUR_101876','SLM_100007', '154.5', '0', 'CASH', '1', '2011-12-01 00:00:00', '2011-12-01 00:00:00', '0', null, 'B1211SLG', 'PAID'),('PUR_101877','SLM_100007', '156.0', '0', 'CASH', '1', '2012-12-01 00:00:00', '2012-12-01 00:00:00', '0', null, 'B1212SLG', 'PAID'),('PUR_101878','SLM_100007', '123.0', '0', 'CASH', '1', '2013-12-01 00:00:00', '2013-12-01 00:00:00', '0', null, 'B1213SLG', 'PAID'),('PUR_101879','SLM_100007', '125.9', '0', 'CASH', '1', '2014-12-01 00:00:00', '2014-12-01 00:00:00', '0', null, 'B1214SLG', 'PAID')
2025-04-05 11:31:11,312 - INFO - Next value of sequence pur_id_seq: 101880
2025-04-05 11:31:11,336 - INFO - Next value of sequence pur_id_seq: 101881
2025-04-05 11:31:11,393 - INFO - Next value of sequence pur_id_seq: 101882
2025-04-05 11:31:11,415 - INFO - Next value of sequence pur_id_seq: 101883
2025-04-05 11:31:11,443 - INFO - Next value of sequence pur_id_seq: 101884
2025-04-05 11:31:11,472 - INFO - Next value of sequence pur_id_seq: 101885
2025-04-05 11:31:11,496 - INFO - Next value of sequence pur_id_seq: 101886
2025-04-05 11:31:11,545 - INFO - Successfully inserted data into konghin.purchase.
2025-04-05 11:31:11,545 - INFO - Query: INSERT INTO konghin.purchase (pur_id, pur_slm_id, pur_gold_cost, pur_labor_cost, pur_method, pur_official_invoice, pur_date, pur_billing_date, pur_weight, pur_invoice_no, pur_code, pur_payment_status) VALUES ('PUR_101880','SLM_100014', '138.6', '0', 'CASH', '1', '2015-12-01 00:00:00', '2015-12-01 00:00:00', '0', null, 'B1215FS', 'PAID'),('PUR_101881','SLM_100007', '140.6', '0', 'CASH', '1', '2015-12-01 00:00:00', '2015-12-01 00:00:00', '0', null, 'B1215SLG', 'PAID'),('PUR_101882','SLM_100007', '156.5', '0', 'CASH', '1', '2016-12-01 00:00:00', '2016-12-01 00:00:00', '0', null, 'B1216SLG', 'PAID'),('PUR_101883','SLM_100007', '159.43', '0', 'CASH', '1', '2018-12-01 00:00:00', '2018-12-01 00:00:00', '0', null, 'B1218SLG', 'PAID'),('PUR_101884','SLM_100031', '187.82', '0', 'CASH', '1', '2019-12-01 00:00:00', '2019-12-01 00:00:00', '0', null, 'B1219MK', 'PAID'),('PUR_101885','SLM_100018', '185.65', '0', 'CASH', '1', '2019-12-01 00:00:00', '2019-12-01 00:00:00', '0', null, 'B1219YM', 'PAID'),('PUR_101886','SLM_100007', '232.47', '0', 'CASH', '1', '2020-12-01 00:00:00', '2020-12-01 00:00:00', '0', null, 'B1220SLG', 'PAID')
2025-04-05 11:31:11,597 - INFO - Next value of sequence pur_id_seq: 101887
2025-04-05 11:31:11,621 - INFO - Next value of sequence pur_id_seq: 101888
2025-04-05 11:31:11,643 - INFO - Next value of sequence pur_id_seq: 101889
2025-04-05 11:31:11,677 - INFO - Next value of sequence pur_id_seq: 101890
2025-04-05 11:31:11,701 - INFO - Next value of sequence pur_id_seq: 101891
2025-04-05 11:31:11,729 - INFO - Next value of sequence pur_id_seq: 101892
2025-04-05 11:31:11,762 - INFO - Next value of sequence pur_id_seq: 101893
2025-04-05 11:31:11,811 - INFO - Successfully inserted data into konghin.purchase.
2025-04-05 11:31:11,811 - INFO - Query: INSERT INTO konghin.purchase (pur_id, pur_slm_id, pur_gold_cost, pur_labor_cost, pur_method, pur_official_invoice, pur_date, pur_billing_date, pur_weight, pur_invoice_no, pur_code, pur_payment_status) VALUES ('PUR_101887','SLM_100017', '226.32', '0', 'CASH', '1', '2021-12-01 00:00:00', '2021-12-01 00:00:00', '0', null, 'B1221XW', 'PAID'),('PUR_101888','SLM_100018', '226.76', '0', 'CASH', '1', '2021-12-01 00:00:00', '2021-12-01 00:00:00', '0', null, 'B1221YM', 'PAID'),('PUR_101889','SLM_100018', '238.85', '0', 'CASH', '1', '2022-12-01 00:00:00', '2022-12-01 00:00:00', '0', null, 'B1222YM', 'PAID'),('PUR_101890','SLM_100020', '286.61', '0', 'CASH', '1', '2023-12-01 00:00:00', '2023-12-01 00:00:00', '0', null, 'B1223JJT', 'PAID'),('PUR_101891','SLM_100024', '286.68', '0', 'CASH', '1', '2023-12-01 00:00:00', '2023-12-01 00:00:00', '0', null, 'B1223SF', 'PAID'),('PUR_101892','SLM_100018', '285.95', '0', 'CASH', '1', '2023-12-01 00:00:00', '2023-12-01 00:00:00', '0', null, 'B1223YM', 'PAID'),('PUR_101893','SLM_100007', '359.97', '0', 'CASH', '1', '2024-12-01 00:00:00', '2024-12-01 00:00:00', '0', null, 'B1224SLG', 'PAID')
2025-04-05 11:31:11,889 - INFO - Next value of sequence pur_id_seq: 101894
2025-04-05 11:31:11,912 - INFO - Next value of sequence pur_id_seq: 101895
2025-04-05 11:31:11,934 - INFO - Next value of sequence pur_id_seq: 101896
2025-04-05 11:31:11,962 - INFO - Next value of sequence pur_id_seq: 101897
2025-04-05 11:31:11,985 - INFO - Next value of sequence pur_id_seq: 101898
2025-04-05 11:31:12,010 - INFO - Next value of sequence pur_id_seq: 101899
2025-04-05 11:31:12,043 - INFO - Next value of sequence pur_id_seq: 101900
2025-04-05 11:31:12,087 - INFO - Successfully inserted data into konghin.purchase.
2025-04-05 11:31:12,087 - INFO - Query: INSERT INTO konghin.purchase (pur_id, pur_slm_id, pur_gold_cost, pur_labor_cost, pur_method, pur_official_invoice, pur_date, pur_billing_date, pur_weight, pur_invoice_no, pur_code, pur_payment_status) VALUES ('PUR_101894','SLM_100018', '353.43', '0', 'CASH', '1', '2024-12-01 00:00:00', '2024-12-01 00:00:00', '0', null, 'B1224YM', 'PAID'),('PUR_101895','SLM_100007', '135.0', '0', 'CASH', '1', '2015-03-01 00:00:00', '2015-03-01 00:00:00', '0', null, 'C0315SLG', 'PAID'),('PUR_101896','SLM_100018', '245.59', '0', 'CASH', '1', '2022-03-01 00:00:00', '2022-03-01 00:00:00', '0', null, 'C0322YM', 'PAID'),('PUR_101897','SLM_100018', '263.93', '0', 'CASH', '1', '2023-03-01 00:00:00', '2023-03-01 00:00:00', '0', null, 'C0323YM', 'PAID'),('PUR_101898','SLM_100007', '158.15', '0', 'CASH', '1', '2018-04-01 00:00:00', '2018-04-01 00:00:00', '0', null, 'C0418SLG', 'PAID'),('PUR_101899','SLM_100007', '150.0', '0', 'CASH', '1', '2013-05-01 00:00:00', '2013-05-01 00:00:00', '0', null, 'C0513SLG', 'PAID'),('PUR_101900','SLM_100007', '231.91', '0', 'CASH', '1', '2020-06-01 00:00:00', '2020-06-01 00:00:00', '0', null, 'C0620SLG', 'PAID')
2025-04-05 11:31:12,156 - INFO - Next value of sequence pur_id_seq: 101901
2025-04-05 11:31:12,183 - INFO - Next value of sequence pur_id_seq: 101902
2025-04-05 11:31:12,211 - INFO - Next value of sequence pur_id_seq: 101903
2025-04-05 11:31:12,239 - INFO - Next value of sequence pur_id_seq: 101904
2025-04-05 11:31:12,271 - INFO - Next value of sequence pur_id_seq: 101905
2025-04-05 11:31:12,295 - INFO - Next value of sequence pur_id_seq: 101906
2025-04-05 11:31:12,317 - INFO - Next value of sequence pur_id_seq: 101907
2025-04-05 11:31:12,374 - INFO - Successfully inserted data into konghin.purchase.
2025-04-05 11:31:12,374 - INFO - Query: INSERT INTO konghin.purchase (pur_id, pur_slm_id, pur_gold_cost, pur_labor_cost, pur_method, pur_official_invoice, pur_date, pur_billing_date, pur_weight, pur_invoice_no, pur_code, pur_payment_status) VALUES ('PUR_101901','SLM_100007', '145.5', '0', 'CASH', '1', '2011-07-01 00:00:00', '2011-07-01 00:00:00', '0', null, 'C0711SLG', 'PAID'),('PUR_101902','SLM_100007', '249.92', '0', 'CASH', '1', '2020-07-01 00:00:00', '2020-07-01 00:00:00', '0', null, 'C0720SLG', 'PAID'),('PUR_101903','SLM_100018', '228.55', '0', 'CASH', '1', '2022-07-01 00:00:00', '2022-07-01 00:00:00', '0', null, 'C0722YM', 'PAID'),('PUR_101904','SLM_100018', '246.91', '0', 'CASH', '1', '2020-08-01 00:00:00', '2020-08-01 00:00:00', '0', null, 'C0820YM', 'PAID'),('PUR_101905','SLM_100007', '226.63', '0', 'CASH', '1', '2021-10-01 00:00:00', '2021-10-01 00:00:00', '0', null, 'C1021SLG', 'PAID'),('PUR_101906','SLM_100018', '232.81', '0', 'CASH', '1', '2022-10-01 00:00:00', '2022-10-01 00:00:00', '0', null, 'C1022YM', 'PAID'),('PUR_101907','SLM_100018', '155.25', '0', 'CASH', '1', '2018-11-01 00:00:00', '2018-11-01 00:00:00', '0', null, 'C1118YM', 'PAID')
2025-04-05 11:31:12,416 - INFO - Next value of sequence pur_id_seq: 101908
2025-04-05 11:31:12,438 - INFO - Next value of sequence pur_id_seq: 101909
2025-04-05 11:31:12,461 - INFO - Next value of sequence pur_id_seq: 101910
2025-04-05 11:31:12,521 - INFO - Successfully inserted data into konghin.purchase.
2025-04-05 11:31:12,522 - INFO - Query: INSERT INTO konghin.purchase (pur_id, pur_slm_id, pur_gold_cost, pur_labor_cost, pur_method, pur_official_invoice, pur_date, pur_billing_date, pur_weight, pur_invoice_no, pur_code, pur_payment_status) VALUES ('PUR_101908','SLM_100007', '161.28', '0', 'CASH', '1', '2018-12-01 00:00:00', '2018-12-01 00:00:00', '0', null, 'C1218SLG', 'PAID'),('PUR_101909','SLM_100018', '241.74', '0', 'CASH', '1', '2022-12-01 00:00:00', '2022-12-01 00:00:00', '0', null, 'C1222YM', 'PAID'),('PUR_101910','SLM_100007', '129.5', '0', 'CASH', '1', '2013-05-01 00:00:00', '2013-05-01 00:00:00', '0', null, 'D0513SLG', 'PAID')
2025-04-05 11:31:12,522 - INFO - Imported and moved: purchase_BulkInsert.xlsx
2025-04-05 11:31:12,523 - INFO - Import process completed.
2025-04-05 11:31:12,585 - INFO - PURCHASE IMPORT STDOUT:

2025-04-05 11:31:12,585 - INFO - PURCHASE IMPORT RETURN CODE: 0
2025-04-05 11:31:12,585 - INFO - 127.0.0.1 - - [05/Apr/2025 11:31:12] "POST /batch-import-stock HTTP/1.1" 200 -
2025-04-05 11:31:41,934 - INFO - kjunqiang@gmail.com successfully login at 2025-04-05 11:31:41.934937
2025-04-05 11:31:41,984 - INFO - Successfully selected data from konghin.stock.
2025-04-05 11:31:41,984 - INFO - Query: SELECT * FROM "konghin"."stock"
2025-04-05 11:31:41,997 - INFO - 127.0.0.1 - - [05/Apr/2025 11:31:41] "POST /login HTTP/1.1" 200 -
2025-04-05 11:31:42,026 - INFO - 127.0.0.1 - - [05/Apr/2025 11:31:42] "[36mGET /static/css/bootstrap/styles.css HTTP/1.1[0m" 304 -
2025-04-05 11:31:42,133 - INFO - 127.0.0.1 - - [05/Apr/2025 11:31:42] "[33mGET /static/js/script.js HTTP/1.1[0m" 404 -
2025-04-05 11:31:42,138 - INFO - 127.0.0.1 - - [05/Apr/2025 11:31:42] "[33mGET /static/js/bootstrap/scripts.js HTTP/1.1[0m" 404 -
2025-04-05 11:31:42,142 - INFO - 127.0.0.1 - - [05/Apr/2025 11:31:42] "[33mGET /static/js/datatables-demo.js HTTP/1.1[0m" 404 -
2025-04-05 11:31:48,807 - INFO - Successfully selected data from konghin.purchase.
2025-04-05 11:31:48,807 - INFO - Query: SELECT * FROM "konghin"."purchase"
2025-04-05 11:31:48,945 - INFO - 127.0.0.1 - - [05/Apr/2025 11:31:48] "GET /purchases HTTP/1.1" 200 -
2025-04-05 11:31:48,975 - INFO - 127.0.0.1 - - [05/Apr/2025 11:31:48] "[36mGET /static/css/bootstrap/styles.css HTTP/1.1[0m" 304 -
2025-04-05 11:31:48,980 - INFO - 127.0.0.1 - - [05/Apr/2025 11:31:48] "[33mGET /static/js/bootstrap/scripts.js HTTP/1.1[0m" 404 -
2025-04-05 11:31:48,985 - INFO - 127.0.0.1 - - [05/Apr/2025 11:31:48] "[33mGET /static/js/datatables-demo.js HTTP/1.1[0m" 404 -
2025-04-05 11:31:48,989 - INFO - 127.0.0.1 - - [05/Apr/2025 11:31:48] "[33mGET /static/js/script.js HTTP/1.1[0m" 404 -
2025-04-05 11:34:28,584 - INFO - Successfully selected data from konghin.purchase.
2025-04-05 11:34:28,584 - INFO - Query: SELECT * FROM "konghin"."purchase"
2025-04-05 11:34:28,732 - INFO - 127.0.0.1 - - [05/Apr/2025 11:34:28] "GET /purchases HTTP/1.1" 200 -
2025-04-05 11:34:28,755 - INFO - 127.0.0.1 - - [05/Apr/2025 11:34:28] "[36mGET /static/css/bootstrap/styles.css HTTP/1.1[0m" 304 -
2025-04-05 11:34:28,830 - INFO - 127.0.0.1 - - [05/Apr/2025 11:34:28] "[33mGET /static/js/bootstrap/scripts.js HTTP/1.1[0m" 404 -
2025-04-05 11:34:28,842 - INFO - 127.0.0.1 - - [05/Apr/2025 11:34:28] "[33mGET /static/js/datatables-demo.js HTTP/1.1[0m" 404 -
2025-04-05 11:34:28,856 - INFO - 127.0.0.1 - - [05/Apr/2025 11:34:28] "[33mGET /static/js/script.js HTTP/1.1[0m" 404 -
2025-04-05 11:35:26,689 - INFO - Successfully selected data from konghin.stock.
2025-04-05 11:35:26,689 - INFO - Query: SELECT * FROM "konghin"."stock"
2025-04-05 11:35:26,704 - INFO - 127.0.0.1 - - [05/Apr/2025 11:35:26] "GET /stocks HTTP/1.1" 200 -
2025-04-05 11:35:26,736 - INFO - 127.0.0.1 - - [05/Apr/2025 11:35:26] "[36mGET /static/css/bootstrap/styles.css HTTP/1.1[0m" 304 -
2025-04-05 11:35:26,744 - INFO - 127.0.0.1 - - [05/Apr/2025 11:35:26] "[33mGET /static/js/bootstrap/scripts.js HTTP/1.1[0m" 404 -
2025-04-05 11:35:26,749 - INFO - 127.0.0.1 - - [05/Apr/2025 11:35:26] "[33mGET /static/js/datatables-demo.js HTTP/1.1[0m" 404 -
2025-04-05 11:35:26,755 - INFO - 127.0.0.1 - - [05/Apr/2025 11:35:26] "[33mGET /static/js/script.js HTTP/1.1[0m" 404 -
2025-04-05 12:21:21,043 - INFO -  * Detected change in 'C:\\Users\\keong\\Desktop\\IMTools\\IMtool\\IMtool app\\website\\Import.py', reloading
2025-04-05 12:21:21,203 - INFO -  * Restarting with stat
2025-04-05 12:21:23,927 - WARNING -  * Debugger is active!
2025-04-05 12:21:23,934 - INFO -  * Debugger PIN: 121-563-143
2025-04-05 13:01:46,243 - INFO - [31m[1mWARNING: This is a development server. Do not use it in a production deployment. Use a production WSGI server instead.[0m
 * Running on http://127.0.0.1:5000
2025-04-05 13:01:46,243 - INFO - [33mPress CTRL+C to quit[0m
2025-04-05 13:01:46,245 - INFO -  * Restarting with stat
2025-04-05 13:01:48,166 - WARNING -  * Debugger is active!
2025-04-05 13:01:48,172 - INFO -  * Debugger PIN: 121-563-143
2025-04-05 13:01:49,095 - INFO - 127.0.0.1 - - [05/Apr/2025 13:01:49] "GET / HTTP/1.1" 200 -
2025-04-05 13:01:49,247 - INFO - 127.0.0.1 - - [05/Apr/2025 13:01:49] "[36mGET /static/css/bootstrap/login_style.css HTTP/1.1[0m" 304 -
2025-04-05 13:01:53,682 - INFO - kjunqiang@gmail.com successfully login at 2025-04-05 13:01:53.682382
2025-04-05 13:01:53,757 - INFO - Successfully selected data from konghin.stock.
2025-04-05 13:01:53,758 - INFO - Query: SELECT * FROM "konghin"."stock"
2025-04-05 13:01:53,772 - INFO - 127.0.0.1 - - [05/Apr/2025 13:01:53] "POST /login HTTP/1.1" 200 -
2025-04-05 13:01:53,791 - INFO - 127.0.0.1 - - [05/Apr/2025 13:01:53] "[36mGET /static/css/bootstrap/styles.css HTTP/1.1[0m" 304 -
2025-04-05 13:01:53,816 - INFO - 127.0.0.1 - - [05/Apr/2025 13:01:53] "[33mGET /static/js/bootstrap/scripts.js HTTP/1.1[0m" 404 -
2025-04-05 13:01:53,893 - INFO - 127.0.0.1 - - [05/Apr/2025 13:01:53] "[33mGET /static/js/datatables-demo.js HTTP/1.1[0m" 404 -
2025-04-05 13:01:53,925 - INFO - 127.0.0.1 - - [05/Apr/2025 13:01:53] "[33mGET /static/js/script.js HTTP/1.1[0m" 404 -
2025-04-05 13:02:10,148 - INFO - Starting import process...
2025-04-05 13:02:10,251 - INFO - Next value of sequence pur_id_seq: 100957
2025-04-05 13:02:10,278 - INFO - Next value of sequence pur_id_seq: 100958
2025-04-05 13:02:10,315 - INFO - Next value of sequence pur_id_seq: 100959
2025-04-05 13:02:10,380 - INFO - Next value of sequence pur_id_seq: 100960
2025-04-05 13:02:10,429 - INFO - Next value of sequence pur_id_seq: 100961
2025-04-05 13:02:10,452 - INFO - Next value of sequence pur_id_seq: 100962
2025-04-05 13:02:10,480 - INFO - Next value of sequence pur_id_seq: 100963
2025-04-05 13:02:10,508 - INFO - Next value of sequence pur_id_seq: 100964
2025-04-05 13:02:10,533 - INFO - Next value of sequence pur_id_seq: 100965
2025-04-05 13:02:10,552 - ERROR - Query: INSERT INTO konghin.purchase (pur_id, pur_code, stk_type, stk_pattern, stk_weight, stk_size, stk_length, stk_labor_cost, stk_gold_cost, stk_gold_type, stk_returned, stk_remark, stk_tag, stk_pur_id) VALUES ('PUR_100957','1021YF', 'RING', 'BERBENTUK', '1.58', '14.0', null, '28.0', '223.48', '916', '0', null, 'LOVE,SINOVAC', 'PUR_100591'),('PUR_100958','1021YF', 'RING', 'BERBENTUK', '1.53', '16.0', null, '28.0', '223.48', '916', '0', null, 'LOVE,SINOVAC', 'PUR_100591'),('PUR_100959','1021YF', 'RING', 'BERBENTUK', '1.46', '18.0', null, '28.0', '223.48', '916', '0', null, 'LOVE,SINOVAC', 'PUR_100591'),('PUR_100960','0717YX', 'RING', 'BERBENTUK', '3.48', '15.0', null, '42.0', '162.7', '916', '0', null, '2C, BUTTERFLY, FLOWER', 'PUR_100411'),('PUR_100961','0717YX', 'RING', 'BERBENTUK', '3.16', '16.0', null, '42.0', '162.7', '916', '0', null, '2C, 2 BUTTERFLY', 'PUR_100411'),('PUR_100962','0418WK', 'RING', 'BERBENTUK', '4.65', '14.0', null, '30.0', '157.52', '916', '0', null, '\u8f6c\u8fd0\u7b97\u76d8', 'PUR_100242'),('PUR_100963','0418WK', 'RING', 'BERBENTUK', '4.7', '14.0', null, '30.0', '157.52', '916', '0', null, '\u8f6c\u8fd0\u7b97\u76d8', 'PUR_100242'),('PUR_100964','0717YX', 'RING', 'BERBENTUK', '5.19', '22.0', null, '45.0', '162.7', '916', '0', null, '\u8f6c\u8fd0$', 'PUR_100411'),('PUR_100965','1217YX', 'RING', 'BELAH ROTAN', '6.13', '17.0', null, '34.0', '155.7', '916', '0', null, '6\u5bff\u4e34\u95e8', 'PUR_100719')
2025-04-05 13:02:10,581 - ERROR - Database error: 42703 - ERROR:  column "stk_type" does not exist

2025-04-05 13:02:10,581 - ERROR - Error details: None
2025-04-05 13:02:10,723 - INFO - Next value of sequence pur_id_seq: 100966
2025-04-05 13:02:10,766 - INFO - Next value of sequence pur_id_seq: 100967
2025-04-05 13:02:10,806 - INFO - Next value of sequence pur_id_seq: 100968
2025-04-05 13:02:11,151 - INFO - Next value of sequence pur_id_seq: 100969
2025-04-05 13:02:11,626 - INFO - Next value of sequence pur_id_seq: 100970
2025-04-05 13:02:11,656 - INFO - Next value of sequence pur_id_seq: 100971
2025-04-05 13:02:11,874 - INFO - Next value of sequence pur_id_seq: 100972
2025-04-05 13:02:11,908 - INFO - Next value of sequence pur_id_seq: 100973
2025-04-05 13:02:11,935 - INFO - Next value of sequence pur_id_seq: 100974
2025-04-05 13:02:12,279 - ERROR - Query: INSERT INTO konghin.purchase (pur_id, pur_code, stk_type, stk_pattern, stk_weight, stk_size, stk_length, stk_labor_cost, stk_gold_cost, stk_gold_type, stk_returned, stk_remark, stk_tag, stk_pur_id) VALUES ('PUR_100966','1217YX', 'RING', 'BELAH ROTAN', '5.37', '22.0', null, '34.0', '155.7', '916', '0', null, '6\u5bff\u4e34\u95e8', 'PUR_100719'),('PUR_100967','0214MGI', 'RING', 'BERBENTUK', '6.43', '17.0', null, '51.0', '127.0', '916', '0', null, '2C, FLOWER', 'PUR_100086'),('PUR_100968','0213GBT', 'RING', 'BERBENTUK', '4.61', '16.0', null, '38.0', '153.5', '916', '0', null, '2C, CURVE LINE', 'PUR_100956'),('PUR_100969','0618DE', 'RING', 'BERBENTUK', '3.93', '16.0', null, '22.0', '153.86', '916', '0', null, 'OVERLAP NET', 'PUR_100356'),('PUR_100970','1017XW', 'RING', 'BERBENTUK', '5.0', '18.0', null, '40.0', '164.2', '916', '0', null, '2C, FLOWER', 'PUR_100574'),('PUR_100971','0325XW', 'PENDANT', 'CHARM_\u5e73\u5b89\u9501', '3.76', null, null, '55.0', '386.0', '916', '0', null, '\u798f\u5b57', 'PUR_100211'),('PUR_100972','0325SLG', 'PENDANT', 'CHARM_CLOVER', '1.92', null, null, '34.0', '407.98', '916', '0', null, null, 'PUR_100210'),('PUR_100973','0320RG', 'PENDANT', 'CHARM_LION FISH', '3.56', null, null, '27.0', '199.08', '916', '0', null, 'SINGAPORE,2C', 'PUR_100176'),('PUR_100974','1021YM', 'PENDANT', 'CHARM_BADMINTON BALL', '1.3', null, null, '26.0', '225.29', '916', '0', null, null, 'PUR_100592')
2025-04-05 13:02:12,279 - ERROR - Database error: 42703 - ERROR:  column "stk_type" does not exist

2025-04-05 13:02:12,279 - ERROR - Error details: None
2025-04-05 13:02:12,373 - INFO - Next value of sequence pur_id_seq: 100975
2025-04-05 13:02:12,398 - INFO - Next value of sequence pur_id_seq: 100976
2025-04-05 13:02:12,733 - INFO - Next value of sequence pur_id_seq: 100977
2025-04-05 13:02:12,758 - INFO - Next value of sequence pur_id_seq: 100978
2025-04-05 13:02:12,804 - INFO - Next value of sequence pur_id_seq: 100979
2025-04-05 13:02:12,831 - INFO - Next value of sequence pur_id_seq: 100980
2025-04-05 13:02:12,896 - INFO - Next value of sequence pur_id_seq: 100981
2025-04-05 13:02:12,941 - INFO - Next value of sequence pur_id_seq: 100982
2025-04-05 13:02:12,960 - ERROR - Query: INSERT INTO konghin.purchase (pur_id, pur_code, stk_type, stk_pattern, stk_weight, stk_size, stk_length, stk_labor_cost, stk_gold_cost, stk_gold_type, stk_returned, stk_remark, stk_tag, stk_pur_id) VALUES ('PUR_100975','0719YX', 'PENDANT', 'CHARM_HEADPHONE', '2.57', null, null, '25.0', '179.58', '916', '0', null, null, 'PUR_100419'),('PUR_100976','0822SLG', 'PENDANT', 'CHARM_MONEY BAG', '2.35', null, null, '36.0', '240.83', '916', '0', null, '$ rotatable', 'PUR_100479'),('PUR_100977','0723LUX', 'PENDANT', 'CHARM_PURFUME', '2.14', null, null, '26.0', '271.65', '916', '0', null, 'VIC SEC', 'PUR_100957'),('PUR_100978','0923LUX', 'PENDANT', 'CHARM_GUN', '2.88', null, null, '25.0', '264.82', '916', '0', null, 'WHEEL GUN', 'PUR_100536'),('PUR_100979','0521YM', 'PENDANT', 'CHARM_BYCYCLE', '1.39', null, null, '22.0', '234.02', '916', '0', null, 'RACING BYCYCLE', 'PUR_100309'),('PUR_100980','B0715SLG', 'PENDANT', 'CHARM_BECA', '1.87', null, null, '24.5', '133.7', '916', '0', null, '2C', 'PUR_100849'),('PUR_100981','0316YF', 'PENDANT', 'CHARM_ BIKE', '1.62', null, null, '17.0', '153.9', '916', '0', null, '2C,RACING BIKE', 'PUR_100160'),('PUR_100982','0118YF', 'PENDANT', 'CHARM_CAR', '2.49', null, null, '23.0', '159.7', '916', '0', null, 'VINTAGE CAR', 'PUR_100033')
2025-04-05 13:02:12,960 - ERROR - Database error: 42703 - ERROR:  column "stk_type" does not exist

2025-04-05 13:02:12,960 - ERROR - Error details: None
2025-04-05 13:02:13,003 - INFO - Imported and moved: online_stock.xlsx
2025-04-05 13:02:13,003 - INFO - Import process completed.
2025-04-05 13:02:13,107 - INFO - PURCHASE IMPORT STDOUT:

2025-04-05 13:02:13,107 - INFO - PURCHASE IMPORT RETURN CODE: 0
2025-04-05 13:02:13,108 - INFO - 127.0.0.1 - - [05/Apr/2025 13:02:13] "POST /batch-import-stock HTTP/1.1" 200 -
2025-04-05 13:03:23,278 - INFO - kjunqiang@gmail.com successfully login at 2025-04-05 13:03:23.278219
2025-04-05 13:03:23,342 - INFO - Successfully selected data from konghin.stock.
2025-04-05 13:03:23,342 - INFO - Query: SELECT * FROM "konghin"."stock"
2025-04-05 13:03:23,350 - INFO - 127.0.0.1 - - [05/Apr/2025 13:03:23] "POST /login HTTP/1.1" 200 -
2025-04-05 13:03:23,372 - INFO - 127.0.0.1 - - [05/Apr/2025 13:03:23] "[36mGET /static/css/bootstrap/styles.css HTTP/1.1[0m" 304 -
2025-04-05 13:03:23,381 - INFO - 127.0.0.1 - - [05/Apr/2025 13:03:23] "[33mGET /static/js/bootstrap/scripts.js HTTP/1.1[0m" 404 -
2025-04-05 13:03:23,383 - INFO - 127.0.0.1 - - [05/Apr/2025 13:03:23] "[33mGET /static/js/datatables-demo.js HTTP/1.1[0m" 404 -
2025-04-05 13:03:23,385 - INFO - 127.0.0.1 - - [05/Apr/2025 13:03:23] "[33mGET /static/js/script.js HTTP/1.1[0m" 404 -
2025-04-05 13:03:32,679 - INFO - Starting import process...
2025-04-05 13:03:32,764 - INFO - Next value of sequence stk_id_seq: 100154
2025-04-05 13:03:32,786 - INFO - Next value of sequence stk_id_seq: 100155
2025-04-05 13:03:32,811 - INFO - Next value of sequence stk_id_seq: 100156
2025-04-05 13:03:32,860 - INFO - Next value of sequence stk_id_seq: 100157
2025-04-05 13:03:32,885 - INFO - Next value of sequence stk_id_seq: 100158
2025-04-05 13:03:32,908 - INFO - Next value of sequence stk_id_seq: 100159
2025-04-05 13:03:32,941 - INFO - Next value of sequence stk_id_seq: 100160
2025-04-05 13:03:32,964 - INFO - Next value of sequence stk_id_seq: 100161
2025-04-05 13:03:32,989 - INFO - Next value of sequence stk_id_seq: 100162
2025-04-05 13:03:33,006 - ERROR - Query: INSERT INTO konghin.stock (stk_id, stk_barcode, stk_type, stk_pattern, stk_weight, stk_size, stk_length, stk_labor_cost, stk_gold_cost, stk_gold_type, stk_returned, stk_remark, stk_tag, stk_pur_id, pur_code) VALUES ('STK_100154','JB2400390154', 'RING', 'BERBENTUK', '1.58', '14.0', null, '28.0', '223.48', '916', '0', null, 'LOVE,SINOVAC', 'PUR_100591', '1021YF'),('STK_100155','JB2400390155', 'RING', 'BERBENTUK', '1.53', '16.0', null, '28.0', '223.48', '916', '0', null, 'LOVE,SINOVAC', 'PUR_100591', '1021YF'),('STK_100156','JB2400390156', 'RING', 'BERBENTUK', '1.46', '18.0', null, '28.0', '223.48', '916', '0', null, 'LOVE,SINOVAC', 'PUR_100591', '1021YF'),('STK_100157','JA6300530157', 'RING', 'BERBENTUK', '3.48', '15.0', null, '42.0', '162.7', '916', '0', null, '2C, BUTTERFLY, FLOWER', 'PUR_100411', '0717YX'),('STK_100158','JA6300530158', 'RING', 'BERBENTUK', '3.16', '16.0', null, '42.0', '162.7', '916', '0', null, '2C, 2 BUTTERFLY', 'PUR_100411', '0717YX'),('STK_100159','JA5800410159', 'RING', 'BERBENTUK', '4.65', '14.0', null, '30.0', '157.52', '916', '0', null, '\u8f6c\u8fd0\u7b97\u76d8', 'PUR_100242', '0418WK'),('STK_100160','JA5800410160', 'RING', 'BERBENTUK', '4.7', '14.0', null, '30.0', '157.52', '916', '0', null, '\u8f6c\u8fd0\u7b97\u76d8', 'PUR_100242', '0418WK'),('STK_100161','JA6300560161', 'RING', 'BERBENTUK', '5.19', '22.0', null, '45.0', '162.7', '916', '0', null, '\u8f6c\u8fd0$', 'PUR_100411', '0717YX'),('STK_100162','JA5600450162', 'RING', 'BELAH ROTAN', '6.13', '17.0', null, '34.0', '155.7', '916', '0', null, '6\u5bff\u4e34\u95e8', 'PUR_100719', '1217YX')
2025-04-05 13:03:33,006 - ERROR - Database error: 42703 - ERROR:  column "pur_code" does not exist

2025-04-05 13:03:33,006 - ERROR - Error details: None
2025-04-05 13:03:33,077 - INFO - Next value of sequence stk_id_seq: 100163
2025-04-05 13:03:33,104 - INFO - Next value of sequence stk_id_seq: 100164
2025-04-05 13:03:33,126 - INFO - Next value of sequence stk_id_seq: 100165
2025-04-05 13:03:33,156 - INFO - Next value of sequence stk_id_seq: 100166
2025-04-05 13:03:33,178 - INFO - Next value of sequence stk_id_seq: 100167
2025-04-05 13:03:33,200 - INFO - Next value of sequence stk_id_seq: 100168
2025-04-05 13:03:33,223 - INFO - Next value of sequence stk_id_seq: 100169
2025-04-05 13:03:33,243 - INFO - Next value of sequence stk_id_seq: 100170
2025-04-05 13:03:33,269 - INFO - Next value of sequence stk_id_seq: 100171
2025-04-05 13:03:33,288 - ERROR - Query: INSERT INTO konghin.stock (stk_id, stk_barcode, stk_type, stk_pattern, stk_weight, stk_size, stk_length, stk_labor_cost, stk_gold_cost, stk_gold_type, stk_returned, stk_remark, stk_tag, stk_pur_id, pur_code) VALUES ('STK_100163','JA5600450163', 'RING', 'BELAH ROTAN', '5.37', '22.0', null, '34.0', '155.7', '916', '0', null, '6\u5bff\u4e34\u95e8', 'PUR_100719', '1217YX'),('STK_100164','JA2700620164', 'RING', 'BERBENTUK', '6.43', '17.0', null, '51.0', '127.0', '916', '0', null, '2C, FLOWER', 'PUR_100086', '0214MGI'),('STK_100165','JA5400490165', 'RING', 'BERBENTUK', '4.61', '16.0', null, '38.0', '153.5', '916', '0', null, '2C, CURVE LINE', 'PUR_100956', '0213GBT'),('STK_100166','JA5400330166', 'RING', 'BERBENTUK', '3.93', '16.0', null, '22.0', '153.86', '916', '0', null, 'OVERLAP NET', 'PUR_100356', '0618DE'),('STK_100167','JA6500510167', 'RING', 'BERBENTUK', '5.0', '18.0', null, '40.0', '164.2', '916', '0', null, '2C, FLOWER', 'PUR_100574', '1017XW'),('STK_100168','JC8600660168', 'PENDANT', 'CHARM_\u5e73\u5b89\u9501', '3.76', null, null, '55.0', '386.0', '916', '0', null, '\u798f\u5b57', 'PUR_100211', '0325XW'),('STK_100169','JD0800450169', 'PENDANT', 'CHARM_CLOVER', '1.92', null, null, '34.0', '407.98', '916', '0', null, null, 'PUR_100210', '0325SLG'),('STK_100170','JB0000380170', 'PENDANT', 'CHARM_LION FISH', '3.56', null, null, '27.0', '199.08', '916', '0', null, 'SINGAPORE,2C', 'PUR_100176', '0320RG'),('STK_100171','JB2600370171', 'PENDANT', 'CHARM_BADMINTON BALL', '1.3', null, null, '26.0', '225.29', '916', '0', null, null, 'PUR_100592', '1021YM')
2025-04-05 13:03:33,288 - ERROR - Database error: 42703 - ERROR:  column "pur_code" does not exist

2025-04-05 13:03:33,288 - ERROR - Error details: None
2025-04-05 13:03:33,352 - INFO - Next value of sequence stk_id_seq: 100172
2025-04-05 13:03:33,374 - INFO - Next value of sequence stk_id_seq: 100173
2025-04-05 13:03:33,396 - INFO - Next value of sequence stk_id_seq: 100174
2025-04-05 13:03:33,425 - INFO - Next value of sequence stk_id_seq: 100175
2025-04-05 13:03:33,447 - INFO - Next value of sequence stk_id_seq: 100176
2025-04-05 13:03:33,474 - INFO - Next value of sequence stk_id_seq: 100177
2025-04-05 13:03:33,496 - INFO - Next value of sequence stk_id_seq: 100178
2025-04-05 13:03:33,518 - INFO - Next value of sequence stk_id_seq: 100179
2025-04-05 13:03:33,541 - ERROR - Query: INSERT INTO konghin.stock (stk_id, stk_barcode, stk_type, stk_pattern, stk_weight, stk_size, stk_length, stk_labor_cost, stk_gold_cost, stk_gold_type, stk_returned, stk_remark, stk_tag, stk_pur_id, pur_code) VALUES ('STK_100172','JA8000360172', 'PENDANT', 'CHARM_HEADPHONE', '2.57', null, null, '25.0', '179.58', '916', '0', null, null, 'PUR_100419', '0719YX'),('STK_100173','JB4100470173', 'PENDANT', 'CHARM_MONEY BAG', '2.35', null, null, '36.0', '240.83', '916', '0', null, '$ rotatable', 'PUR_100479', '0822SLG'),('STK_100174','JB7200370174', 'PENDANT', 'CHARM_PURFUME', '2.14', null, null, '26.0', '271.65', '916', '0', null, 'VIC SEC', 'PUR_100957', '0723LUX'),('STK_100175','JB6500360175', 'PENDANT', 'CHARM_GUN', '2.88', null, null, '25.0', '264.82', '916', '0', null, 'WHEEL GUN', 'PUR_100536', '0923LUX'),('STK_100176','JB3500330176', 'PENDANT', 'CHARM_BYCYCLE', '1.39', null, null, '22.0', '234.02', '916', '0', null, 'RACING BYCYCLE', 'PUR_100309', '0521YM'),('STK_100177','JA3400360177', 'PENDANT', 'CHARM_BECA', '1.87', null, null, '24.5', '133.7', '916', '0', null, '2C', 'PUR_100849', 'B0715SLG'),('STK_100178','JA5400280178', 'PENDANT', 'CHARM_ BIKE', '1.62', null, null, '17.0', '153.9', '916', '0', null, '2C,RACING BIKE', 'PUR_100160', '0316YF'),('STK_100179','JA6000340179', 'PENDANT', 'CHARM_CAR', '2.49', null, null, '23.0', '159.7', '916', '0', null, 'VINTAGE CAR', 'PUR_100033', '0118YF')
2025-04-05 13:03:33,541 - ERROR - Database error: 42703 - ERROR:  column "pur_code" does not exist

2025-04-05 13:03:33,541 - ERROR - Error details: None
2025-04-05 13:03:33,568 - INFO - Imported and moved: online_stock.xlsx
2025-04-05 13:03:33,568 - INFO - Import process completed.
2025-04-05 13:03:33,645 - INFO - PURCHASE IMPORT STDOUT:

2025-04-05 13:03:33,645 - INFO - PURCHASE IMPORT RETURN CODE: 0
2025-04-05 13:03:33,645 - INFO - 127.0.0.1 - - [05/Apr/2025 13:03:33] "POST /batch-import-stock HTTP/1.1" 200 -
2025-04-05 13:03:52,837 - INFO - 127.0.0.1 - - [05/Apr/2025 13:03:52] "[33mGET /ockstocks HTTP/1.1[0m" 404 -
2025-04-05 13:03:58,131 - INFO - Successfully selected data from konghin.stock.
2025-04-05 13:03:58,131 - INFO - Query: SELECT * FROM "konghin"."stock"
2025-04-05 13:03:58,143 - INFO - 127.0.0.1 - - [05/Apr/2025 13:03:58] "GET /stocks HTTP/1.1" 200 -
2025-04-05 13:03:58,168 - INFO - 127.0.0.1 - - [05/Apr/2025 13:03:58] "[36mGET /static/css/bootstrap/styles.css HTTP/1.1[0m" 304 -
2025-04-05 13:03:58,173 - INFO - 127.0.0.1 - - [05/Apr/2025 13:03:58] "[33mGET /static/js/bootstrap/scripts.js HTTP/1.1[0m" 404 -
2025-04-05 13:03:58,175 - INFO - 127.0.0.1 - - [05/Apr/2025 13:03:58] "[33mGET /static/js/datatables-demo.js HTTP/1.1[0m" 404 -
2025-04-05 13:03:58,179 - INFO - 127.0.0.1 - - [05/Apr/2025 13:03:58] "[33mGET /static/js/script.js HTTP/1.1[0m" 404 -
2025-04-05 13:06:03,129 - INFO - Starting import process...
2025-04-05 13:06:03,240 - INFO - Next value of sequence stk_id_seq: 100001
2025-04-05 13:06:03,304 - INFO - Next value of sequence stk_id_seq: 100002
2025-04-05 13:06:03,412 - INFO - Next value of sequence stk_id_seq: 100003
2025-04-05 13:06:03,632 - INFO - Next value of sequence stk_id_seq: 100004
2025-04-05 13:06:04,303 - INFO - Next value of sequence stk_id_seq: 100005
2025-04-05 13:06:04,383 - INFO - Next value of sequence stk_id_seq: 100006
2025-04-05 13:06:04,422 - INFO - Next value of sequence stk_id_seq: 100007
2025-04-05 13:06:04,479 - INFO - Next value of sequence stk_id_seq: 100008
2025-04-05 13:06:04,507 - INFO - Next value of sequence stk_id_seq: 100009
2025-04-05 13:06:04,548 - INFO - Next value of sequence stk_id_seq: 100010
2025-04-05 13:06:04,684 - INFO - Successfully inserted data into konghin.stock.
2025-04-05 13:06:04,684 - INFO - Query: INSERT INTO konghin.stock (stk_id, stk_barcode, stk_type, stk_pattern, stk_weight, stk_size, stk_length, stk_labor_cost, stk_gold_cost, stk_gold_type, stk_returned, stk_remark, stk_tag, stk_pur_id) VALUES ('STK_100001','JB2400390001', 'RING', 'BERBENTUK', '1.58', '14.0', null, '28.0', '223.48', '916', '0', null, 'LOVE,SINOVAC', 'PUR_100591'),('STK_100002','JB2400390002', 'RING', 'BERBENTUK', '1.53', '16.0', null, '28.0', '223.48', '916', '0', null, 'LOVE,SINOVAC', 'PUR_100591'),('STK_100003','JB2400390003', 'RING', 'BERBENTUK', '1.46', '18.0', null, '28.0', '223.48', '916', '0', null, 'LOVE,SINOVAC', 'PUR_100591'),('STK_100004','JA6300530004', 'RING', 'BERBENTUK', '3.48', '15.0', null, '42.0', '162.7', '916', '0', null, '2C, BUTTERFLY, FLOWER', 'PUR_100411'),('STK_100005','JA6300530005', 'RING', 'BERBENTUK', '3.16', '16.0', null, '42.0', '162.7', '916', '0', null, '2C, 2 BUTTERFLY', 'PUR_100411'),('STK_100006','JA5800410006', 'RING', 'BERBENTUK', '4.65', '14.0', null, '30.0', '157.52', '916', '0', null, '\u8f6c\u8fd0\u7b97\u76d8', 'PUR_100242'),('STK_100007','JA5800410007', 'RING', 'BERBENTUK', '4.7', '14.0', null, '30.0', '157.52', '916', '0', null, '\u8f6c\u8fd0\u7b97\u76d8', 'PUR_100242'),('STK_100008','JA6300560008', 'RING', 'BERBENTUK', '5.19', '22.0', null, '45.0', '162.7', '916', '0', null, '\u8f6c\u8fd0$', 'PUR_100411'),('STK_100009','JA5600450009', 'RING', 'BELAH ROTAN', '6.13', '17.0', null, '34.0', '155.7', '916', '0', null, '6\u5bff\u4e34\u95e8', 'PUR_100719'),('STK_100010','JA5600450010', 'RING', 'BELAH ROTAN', '5.37', '22.0', null, '34.0', '155.7', '916', '0', null, '6\u5bff\u4e34\u95e8', 'PUR_100719')
2025-04-05 13:06:04,746 - INFO - Next value of sequence stk_id_seq: 100011
2025-04-05 13:06:04,776 - INFO - Next value of sequence stk_id_seq: 100012
2025-04-05 13:06:04,777 - ERROR - Failed to import C:\Users\keong\Desktop\IMTools\IMtool\IMtool app\system_files\Import\online_stock.xlsx: cannot convert float NaN to integer
Traceback (most recent call last):
  File "C:\Users\keong\Desktop\IMTools\IMtool\IMtool app\website\Import.py", line 57, in process_import_files
    db.batch_insert(table=table, values=insert_values, columns=df_columns)
  File "C:\Users\keong\Desktop\IMTools\IMtool\IMtool app\website\models.py", line 376, in batch_insert
    barcode = barcode_gen.generate(gp,labor,str(seq))
  File "C:\Users\keong\Desktop\IMTools\IMtool\IMtool app\website\barcode.py", line 15, in generate
    gp_code = self._gp_encryptor(gp)
  File "C:\Users\keong\Desktop\IMTools\IMtool\IMtool app\website\barcode.py", line 26, in _gp_encryptor
    gp = int(math.ceil(gp))
ValueError: cannot convert float NaN to integer
2025-04-05 13:06:04,778 - INFO - Import process completed.
2025-04-05 13:06:04,927 - INFO - PURCHASE IMPORT STDOUT:

2025-04-05 13:06:04,927 - INFO - PURCHASE IMPORT RETURN CODE: 0
2025-04-05 13:06:04,929 - INFO - 127.0.0.1 - - [05/Apr/2025 13:06:04] "POST /batch-import-stock HTTP/1.1" 200 -
2025-04-05 13:11:11,009 - INFO - Starting import process...
2025-04-05 13:11:11,114 - INFO - Next value of sequence stk_id_seq: 100013
2025-04-05 13:11:11,142 - INFO - Next value of sequence stk_id_seq: 100014
2025-04-05 13:11:11,200 - INFO - Next value of sequence stk_id_seq: 100015
2025-04-05 13:11:11,225 - INFO - Next value of sequence stk_id_seq: 100016
2025-04-05 13:11:11,267 - INFO - Next value of sequence stk_id_seq: 100017
2025-04-05 13:11:11,300 - INFO - Next value of sequence stk_id_seq: 100018
2025-04-05 13:11:11,325 - INFO - Next value of sequence stk_id_seq: 100019
2025-04-05 13:11:11,349 - INFO - Next value of sequence stk_id_seq: 100020
2025-04-05 13:11:11,374 - INFO - Next value of sequence stk_id_seq: 100021
2025-04-05 13:11:11,403 - INFO - Next value of sequence stk_id_seq: 100022
2025-04-05 13:11:11,452 - INFO - Successfully inserted data into konghin.stock.
2025-04-05 13:11:11,452 - INFO - Query: INSERT INTO konghin.stock (stk_id, stk_barcode, stk_type, stk_pattern, stk_weight, stk_size, stk_length, stk_labor_cost, stk_gold_cost, stk_gold_type, stk_returned, stk_remark, stk_tag, stk_pur_id) VALUES ('STK_100013','JB2400390013', 'RING', 'BERBENTUK', '1.58', '14.0', null, '28.0', '223.48', '916', '0', null, 'LOVE,SINOVAC', 'PUR_100591'),('STK_100014','JB2400390014', 'RING', 'BERBENTUK', '1.53', '16.0', null, '28.0', '223.48', '916', '0', null, 'LOVE,SINOVAC', 'PUR_100591'),('STK_100015','JB2400390015', 'RING', 'BERBENTUK', '1.46', '18.0', null, '28.0', '223.48', '916', '0', null, 'LOVE,SINOVAC', 'PUR_100591'),('STK_100016','JA6300530016', 'RING', 'BERBENTUK', '3.48', '15.0', null, '42.0', '162.7', '916', '0', null, '2C, BUTTERFLY, FLOWER', 'PUR_100411'),('STK_100017','JA6300530017', 'RING', 'BERBENTUK', '3.16', '16.0', null, '42.0', '162.7', '916', '0', null, '2C, 2 BUTTERFLY', 'PUR_100411'),('STK_100018','JA5800410018', 'RING', 'BERBENTUK', '4.65', '14.0', null, '30.0', '157.52', '916', '0', null, '\u8f6c\u8fd0\u7b97\u76d8', 'PUR_100242'),('STK_100019','JA5800410019', 'RING', 'BERBENTUK', '4.7', '14.0', null, '30.0', '157.52', '916', '0', null, '\u8f6c\u8fd0\u7b97\u76d8', 'PUR_100242'),('STK_100020','JA6300560020', 'RING', 'BERBENTUK', '5.19', '22.0', null, '45.0', '162.7', '916', '0', null, '\u8f6c\u8fd0$', 'PUR_100411'),('STK_100021','JA5600450021', 'RING', 'BELAH ROTAN', '6.13', '17.0', null, '34.0', '155.7', '916', '0', null, '6\u5bff\u4e34\u95e8', 'PUR_100719'),('STK_100022','JA5600450022', 'RING', 'BELAH ROTAN', '5.37', '22.0', null, '34.0', '155.7', '916', '0', null, '6\u5bff\u4e34\u95e8', 'PUR_100719')
2025-04-05 13:11:11,495 - INFO - Next value of sequence stk_id_seq: 100023
2025-04-05 13:11:11,542 - INFO - Next value of sequence stk_id_seq: 100024
2025-04-05 13:11:11,567 - INFO - Next value of sequence stk_id_seq: 100025
2025-04-05 13:11:11,594 - INFO - Next value of sequence stk_id_seq: 100026
2025-04-05 13:11:11,621 - INFO - Next value of sequence stk_id_seq: 100027
2025-04-05 13:11:11,649 - INFO - Next value of sequence stk_id_seq: 100028
2025-04-05 13:11:11,674 - INFO - Next value of sequence stk_id_seq: 100029
2025-04-05 13:11:11,698 - INFO - Next value of sequence stk_id_seq: 100030
2025-04-05 13:11:11,723 - INFO - Next value of sequence stk_id_seq: 100031
2025-04-05 13:11:11,748 - INFO - Next value of sequence stk_id_seq: 100032
2025-04-05 13:11:11,827 - INFO - Successfully inserted data into konghin.stock.
2025-04-05 13:11:11,827 - INFO - Query: INSERT INTO konghin.stock (stk_id, stk_barcode, stk_type, stk_pattern, stk_weight, stk_size, stk_length, stk_labor_cost, stk_gold_cost, stk_gold_type, stk_returned, stk_remark, stk_tag, stk_pur_id) VALUES ('STK_100023','JA2700620023', 'RING', 'BERBENTUK', '6.43', '17.0', null, '51.0', '127.0', '916', '0', null, '2C, FLOWER', 'PUR_100086'),('STK_100024','JA5400490024', 'RING', 'BERBENTUK', '4.61', '16.0', null, '38.0', '153.5', '916', '0', null, '2C, CURVE LINE', 'PUR_100956'),('STK_100025','JA5400330025', 'RING', 'BERBENTUK', '3.93', '16.0', null, '22.0', '153.86', '916', '0', null, 'OVERLAP NET', 'PUR_100356'),('STK_100026','JA6500510026', 'RING', 'BERBENTUK', '5.0', '18.0', null, '40.0', '164.2', '916', '0', null, '2C, FLOWER', 'PUR_100574'),('STK_100027','JC8600660027', 'PENDANT', 'CHARM_\u5e73\u5b89\u9501', '3.76', null, null, '55.0', '386.0', '916', '0', null, '\u798f\u5b57', 'PUR_100211'),('STK_100028','JD0800450028', 'PENDANT', 'CHARM_CLOVER', '1.92', null, null, '34.0', '407.98', '916', '0', null, null, 'PUR_100210'),('STK_100029','JB0000380029', 'PENDANT', 'CHARM_LION FISH', '3.56', null, null, '27.0', '199.08', '916', '0', null, 'SINGAPORE,2C', 'PUR_100176'),('STK_100030','JB2600370030', 'PENDANT', 'CHARM_BADMINTON BALL', '1.3', null, null, '26.0', '225.29', '916', '0', null, null, 'PUR_100592'),('STK_100031','JA8000360031', 'PENDANT', 'CHARM_HEADPHONE', '2.57', null, null, '25.0', '179.58', '916', '0', null, null, 'PUR_100419'),('STK_100032','JB4100470032', 'PENDANT', 'CHARM_MONEY BAG', '2.35', null, null, '36.0', '240.83', '916', '0', null, '$ rotatable', 'PUR_100479')
2025-04-05 13:11:11,880 - INFO - Next value of sequence stk_id_seq: 100033
2025-04-05 13:11:11,930 - INFO - Next value of sequence stk_id_seq: 100034
2025-04-05 13:11:11,954 - INFO - Next value of sequence stk_id_seq: 100035
2025-04-05 13:11:11,977 - INFO - Next value of sequence stk_id_seq: 100036
2025-04-05 13:11:12,030 - INFO - Next value of sequence stk_id_seq: 100037
2025-04-05 13:11:12,055 - INFO - Next value of sequence stk_id_seq: 100038
2025-04-05 13:11:12,102 - INFO - Successfully inserted data into konghin.stock.
2025-04-05 13:11:12,102 - INFO - Query: INSERT INTO konghin.stock (stk_id, stk_barcode, stk_type, stk_pattern, stk_weight, stk_size, stk_length, stk_labor_cost, stk_gold_cost, stk_gold_type, stk_returned, stk_remark, stk_tag, stk_pur_id) VALUES ('STK_100033','JB7200370033', 'PENDANT', 'CHARM_PURFUME', '2.14', null, null, '26.0', '271.65', '916', '0', null, 'VIC SEC', 'PUR_100957'),('STK_100034','JB6500360034', 'PENDANT', 'CHARM_GUN', '2.88', null, null, '25.0', '264.82', '916', '0', null, 'WHEEL GUN', 'PUR_100536'),('STK_100035','JB3500330035', 'PENDANT', 'CHARM_BYCYCLE', '1.39', null, null, '22.0', '234.02', '916', '0', null, 'RACING BYCYCLE', 'PUR_100309'),('STK_100036','JA3400360036', 'PENDANT', 'CHARM_BECA', '1.87', null, null, '24.5', '133.7', '916', '0', null, '2C', 'PUR_100849'),('STK_100037','JA5400280037', 'PENDANT', 'CHARM_ BIKE', '1.62', null, null, '17.0', '153.9', '916', '0', null, '2C,RACING BIKE', 'PUR_100160'),('STK_100038','JA6000340038', 'PENDANT', 'CHARM_CAR', '2.49', null, null, '23.0', '159.7', '916', '0', null, 'VINTAGE CAR', 'PUR_100033')
2025-04-05 13:11:12,103 - INFO - Imported and moved: online_stock.xlsx
2025-04-05 13:11:12,103 - INFO - Import process completed.
2025-04-05 13:11:12,179 - INFO - PURCHASE IMPORT STDOUT:

2025-04-05 13:11:12,179 - INFO - PURCHASE IMPORT RETURN CODE: 0
2025-04-05 13:11:12,179 - INFO - 127.0.0.1 - - [05/Apr/2025 13:11:12] "POST /batch-import-stock HTTP/1.1" 200 -
2025-04-05 13:11:35,802 - INFO - Successfully selected data from konghin.stock.
2025-04-05 13:11:35,803 - INFO - Query: SELECT * FROM "konghin"."stock"
2025-04-05 13:11:35,812 - INFO - 127.0.0.1 - - [05/Apr/2025 13:11:35] "GET /stocks HTTP/1.1" 200 -
2025-04-05 13:11:35,838 - INFO - 127.0.0.1 - - [05/Apr/2025 13:11:35] "[36mGET /static/css/bootstrap/styles.css HTTP/1.1[0m" 304 -
2025-04-05 13:11:35,845 - INFO - 127.0.0.1 - - [05/Apr/2025 13:11:35] "[33mGET /static/js/bootstrap/scripts.js HTTP/1.1[0m" 404 -
2025-04-05 13:11:35,847 - INFO - 127.0.0.1 - - [05/Apr/2025 13:11:35] "[33mGET /static/js/datatables-demo.js HTTP/1.1[0m" 404 -
2025-04-05 13:11:35,850 - INFO - 127.0.0.1 - - [05/Apr/2025 13:11:35] "[33mGET /static/js/script.js HTTP/1.1[0m" 404 -
2025-04-05 13:12:10,189 - INFO - [31m[1mWARNING: This is a development server. Do not use it in a production deployment. Use a production WSGI server instead.[0m
 * Running on http://127.0.0.1:5000
2025-04-05 13:12:10,189 - INFO - [33mPress CTRL+C to quit[0m
2025-04-05 13:12:10,190 - INFO -  * Restarting with stat
2025-04-05 13:12:11,958 - WARNING -  * Debugger is active!
2025-04-05 13:12:11,963 - INFO -  * Debugger PIN: 121-563-143
2025-04-05 13:12:13,561 - INFO - Successfully selected data from konghin.stock.
2025-04-05 13:12:13,561 - INFO - Query: SELECT * FROM "konghin"."stock"
2025-04-05 13:12:13,575 - INFO - 127.0.0.1 - - [05/Apr/2025 13:12:13] "GET /stocks HTTP/1.1" 200 -
2025-04-05 13:12:13,599 - INFO - 127.0.0.1 - - [05/Apr/2025 13:12:13] "[33mGET /static/js/bootstrap/scripts.js HTTP/1.1[0m" 404 -
2025-04-05 13:12:13,600 - INFO - 127.0.0.1 - - [05/Apr/2025 13:12:13] "[33mGET /static/js/datatables-demo.js HTTP/1.1[0m" 404 -
2025-04-05 13:12:13,602 - INFO - 127.0.0.1 - - [05/Apr/2025 13:12:13] "[33mGET /static/js/script.js HTTP/1.1[0m" 404 -
2025-04-05 13:12:13,686 - INFO - 127.0.0.1 - - [05/Apr/2025 13:12:13] "[36mGET /static/css/bootstrap/styles.css HTTP/1.1[0m" 304 -
2025-04-05 19:07:14,428 - INFO - [31m[1mWARNING: This is a development server. Do not use it in a production deployment. Use a production WSGI server instead.[0m
 * Running on http://127.0.0.1:5000
2025-04-05 19:07:14,428 - INFO - [33mPress CTRL+C to quit[0m
2025-04-05 19:07:14,430 - INFO -  * Restarting with stat
2025-04-05 19:07:15,391 - WARNING -  * Debugger is active!
2025-04-05 19:07:15,394 - INFO -  * Debugger PIN: 310-690-463
2025-04-05 19:07:19,112 - INFO - 127.0.0.1 - - [05/Apr/2025 19:07:19] "GET / HTTP/1.1" 200 -
2025-04-05 19:07:19,452 - INFO - 127.0.0.1 - - [05/Apr/2025 19:07:19] "[36mGET /static/css/bootstrap/login_style.css HTTP/1.1[0m" 304 -
2025-04-05 19:07:19,490 - INFO - 127.0.0.1 - - [05/Apr/2025 19:07:19] "[33mGET /favicon.ico HTTP/1.1[0m" 404 -
2025-04-05 19:07:26,913 - INFO - 127.0.0.1 - - [05/Apr/2025 19:07:26] "POST /login HTTP/1.1" 200 -
2025-04-05 19:07:26,934 - INFO - 127.0.0.1 - - [05/Apr/2025 19:07:26] "[36mGET /static/css/bootstrap/login_style.css HTTP/1.1[0m" 304 -
2025-04-05 19:07:35,045 - INFO - kjunqiang@gmail.com successfully login at 2025-04-05 19:07:35.044042
2025-04-05 19:07:35,124 - INFO - Successfully selected data from konghin.stock.
2025-04-05 19:07:35,125 - INFO - Query: SELECT * FROM "konghin"."stock"
2025-04-05 19:07:35,220 - INFO - 127.0.0.1 - - [05/Apr/2025 19:07:35] "POST /login HTTP/1.1" 200 -
2025-04-05 19:07:35,248 - INFO - 127.0.0.1 - - [05/Apr/2025 19:07:35] "[33mGET /static/js/datatables-demo.js HTTP/1.1[0m" 404 -
2025-04-05 19:07:35,249 - INFO - 127.0.0.1 - - [05/Apr/2025 19:07:35] "[33mGET /static/js/bootstrap/scripts.js HTTP/1.1[0m" 404 -
2025-04-05 19:07:35,252 - INFO - 127.0.0.1 - - [05/Apr/2025 19:07:35] "[33mGET /static/js/script.js HTTP/1.1[0m" 404 -
2025-04-05 19:07:35,255 - INFO - 127.0.0.1 - - [05/Apr/2025 19:07:35] "[36mGET /static/css/bootstrap/styles.css HTTP/1.1[0m" 304 -
2025-04-05 19:07:39,582 - INFO - Successfully selected data from konghin.purchase.
2025-04-05 19:07:39,582 - INFO - Query: SELECT * FROM "konghin"."purchase"
2025-04-05 19:07:39,700 - INFO - 127.0.0.1 - - [05/Apr/2025 19:07:39] "GET /purchases HTTP/1.1" 200 -
2025-04-05 19:07:39,725 - INFO - 127.0.0.1 - - [05/Apr/2025 19:07:39] "[36mGET /static/css/bootstrap/styles.css HTTP/1.1[0m" 304 -
2025-04-05 19:07:39,725 - INFO - 127.0.0.1 - - [05/Apr/2025 19:07:39] "[33mGET /static/js/bootstrap/scripts.js HTTP/1.1[0m" 404 -
2025-04-05 19:07:39,728 - INFO - 127.0.0.1 - - [05/Apr/2025 19:07:39] "[33mGET /static/js/datatables-demo.js HTTP/1.1[0m" 404 -
2025-04-05 19:07:39,730 - INFO - 127.0.0.1 - - [05/Apr/2025 19:07:39] "[33mGET /static/js/script.js HTTP/1.1[0m" 404 -
2025-04-05 19:07:41,311 - INFO - Successfully selected data from konghin.salesman.
2025-04-05 19:07:41,311 - INFO - Query: SELECT * FROM "konghin"."salesman"
2025-04-05 19:07:41,339 - INFO - 127.0.0.1 - - [05/Apr/2025 19:07:41] "GET /add-purchases HTTP/1.1" 200 -
2025-04-05 19:07:41,357 - INFO - 127.0.0.1 - - [05/Apr/2025 19:07:41] "[36mGET /static/css/bootstrap/styles.css HTTP/1.1[0m" 304 -
2025-04-05 19:07:41,365 - INFO - 127.0.0.1 - - [05/Apr/2025 19:07:41] "[33mGET /static/js/bootstrap/scripts.js HTTP/1.1[0m" 404 -
2025-04-05 19:07:41,371 - INFO - 127.0.0.1 - - [05/Apr/2025 19:07:41] "[33mGET /static/js/datatables-demo.js HTTP/1.1[0m" 404 -
2025-04-05 19:07:41,375 - INFO - 127.0.0.1 - - [05/Apr/2025 19:07:41] "[33mGET /static/js/script.js HTTP/1.1[0m" 404 -
2025-04-05 19:07:53,795 - INFO - Successfully selected data from konghin.salesman.
2025-04-05 19:07:53,795 - INFO - Query: SELECT * FROM "konghin"."salesman"
2025-04-05 19:07:53,851 - INFO - 127.0.0.1 - - [05/Apr/2025 19:07:53] "GET /salesmen HTTP/1.1" 200 -
2025-04-05 19:07:53,870 - INFO - 127.0.0.1 - - [05/Apr/2025 19:07:53] "[36mGET /static/css/bootstrap/styles.css HTTP/1.1[0m" 304 -
2025-04-05 19:07:53,878 - INFO - 127.0.0.1 - - [05/Apr/2025 19:07:53] "[33mGET /static/js/bootstrap/scripts.js HTTP/1.1[0m" 404 -
2025-04-05 19:07:53,880 - INFO - 127.0.0.1 - - [05/Apr/2025 19:07:53] "[33mGET /static/js/datatables-demo.js HTTP/1.1[0m" 404 -
2025-04-05 19:07:53,884 - INFO - 127.0.0.1 - - [05/Apr/2025 19:07:53] "[33mGET /static/js/script.js HTTP/1.1[0m" 404 -
2025-04-05 19:07:55,066 - INFO - 127.0.0.1 - - [05/Apr/2025 19:07:55] "GET /add-salesman HTTP/1.1" 200 -
2025-04-05 19:07:55,084 - INFO - 127.0.0.1 - - [05/Apr/2025 19:07:55] "[36mGET /static/css/bootstrap/styles.css HTTP/1.1[0m" 304 -
2025-04-05 19:07:55,091 - INFO - 127.0.0.1 - - [05/Apr/2025 19:07:55] "[33mGET /static/js/bootstrap/scripts.js HTTP/1.1[0m" 404 -
2025-04-05 19:07:55,094 - INFO - 127.0.0.1 - - [05/Apr/2025 19:07:55] "[33mGET /static/js/datatables-demo.js HTTP/1.1[0m" 404 -
2025-04-05 19:07:55,095 - INFO - 127.0.0.1 - - [05/Apr/2025 19:07:55] "[33mGET /static/js/script.js HTTP/1.1[0m" 404 -
2025-04-05 19:08:46,914 - INFO - Next value of sequence slm_id_seq: 100048
2025-04-05 19:08:46,957 - INFO - Successfully inserted data into konghin.salesman.
2025-04-05 19:08:46,957 - INFO - Query: INSERT INTO "konghin"."salesman" ("slm_id", "slm_supplier_id", "slm_company_name", "slm_address", "slm_desc", "slm_tin", "slm_reg_no", "slm_msic", "slm_name", "slm_email_address", "slm_phone_number") VALUES (%s, %s, %s, %s, %s, %s, %s, %s, %s, %s, %s)
2025-04-05 19:08:46,959 - INFO - Values: ['SLM_100048', 'a', 'CUST', 'a', 'a', 'a', 'a', 'a', 'CUST', 'a', 'a']
2025-04-05 19:08:47,017 - INFO - Successfully selected data from konghin.salesman.
2025-04-05 19:08:47,017 - INFO - Query: SELECT * FROM "konghin"."salesman"
2025-04-05 19:08:47,019 - INFO - 127.0.0.1 - - [05/Apr/2025 19:08:47] "POST /add-salesman HTTP/1.1" 200 -
2025-04-05 19:08:47,037 - INFO - 127.0.0.1 - - [05/Apr/2025 19:08:47] "[36mGET /static/css/bootstrap/styles.css HTTP/1.1[0m" 304 -
2025-04-05 19:08:47,040 - INFO - 127.0.0.1 - - [05/Apr/2025 19:08:47] "[33mGET /static/js/bootstrap/scripts.js HTTP/1.1[0m" 404 -
2025-04-05 19:08:47,042 - INFO - 127.0.0.1 - - [05/Apr/2025 19:08:47] "[33mGET /static/js/datatables-demo.js HTTP/1.1[0m" 404 -
2025-04-05 19:08:47,045 - INFO - 127.0.0.1 - - [05/Apr/2025 19:08:47] "[33mGET /static/js/script.js HTTP/1.1[0m" 404 -
2025-04-05 19:11:31,391 - INFO - Successfully selected data from konghin.purchase.
2025-04-05 19:11:31,391 - INFO - Query: SELECT * FROM "konghin"."purchase"
2025-04-05 19:11:31,419 - INFO - 127.0.0.1 - - [05/Apr/2025 19:11:31] "GET /purchases HTTP/1.1" 200 -
2025-04-05 19:11:31,457 - INFO - 127.0.0.1 - - [05/Apr/2025 19:11:31] "[36mGET /static/css/bootstrap/styles.css HTTP/1.1[0m" 304 -
2025-04-05 19:11:31,464 - INFO - 127.0.0.1 - - [05/Apr/2025 19:11:31] "[33mGET /static/js/bootstrap/scripts.js HTTP/1.1[0m" 404 -
2025-04-05 19:11:31,466 - INFO - 127.0.0.1 - - [05/Apr/2025 19:11:31] "[33mGET /static/js/datatables-demo.js HTTP/1.1[0m" 404 -
2025-04-05 19:11:31,468 - INFO - 127.0.0.1 - - [05/Apr/2025 19:11:31] "[33mGET /static/js/script.js HTTP/1.1[0m" 404 -
2025-04-05 19:11:33,547 - INFO - Successfully selected data from konghin.salesman.
2025-04-05 19:11:33,547 - INFO - Query: SELECT * FROM "konghin"."salesman"
2025-04-05 19:11:33,548 - INFO - 127.0.0.1 - - [05/Apr/2025 19:11:33] "GET /add-purchases HTTP/1.1" 200 -
2025-04-05 19:11:33,570 - INFO - 127.0.0.1 - - [05/Apr/2025 19:11:33] "[36mGET /static/css/bootstrap/styles.css HTTP/1.1[0m" 304 -
2025-04-05 19:11:33,576 - INFO - 127.0.0.1 - - [05/Apr/2025 19:11:33] "[33mGET /static/js/bootstrap/scripts.js HTTP/1.1[0m" 404 -
2025-04-05 19:11:33,577 - INFO - 127.0.0.1 - - [05/Apr/2025 19:11:33] "[33mGET /static/js/datatables-demo.js HTTP/1.1[0m" 404 -
2025-04-05 19:11:33,580 - INFO - 127.0.0.1 - - [05/Apr/2025 19:11:33] "[33mGET /static/js/script.js HTTP/1.1[0m" 404 -
2025-04-05 19:15:53,697 - INFO - Next value of sequence pur_id_seq: 100983
2025-04-05 19:15:53,746 - ERROR - Query: INSERT INTO "konghin"."purchase" ("pur_id", "pur_official_invoice", "pur_method", "pur_slm_id", "pur_invoice_no", "pur_date", "pur_billing_date", "pur_gold_cost", "pur_labor_cost", "pur_weight", "pur_total_cash_amt", "pur_total_amt") VALUES (%s, %s, %s, %s, %s, %s, %s, %s, %s, %s, %s, %s)
2025-04-05 19:15:53,746 - ERROR - Database error: 40001 - ERROR:  restart transaction: TransactionRetryWithProtoRefreshError: TransactionAbortedError(ABORT_REASON_CLIENT_REJECT): "sql txn" meta={id=e1f48863 key=/Tenant/7458/Table/108/16/"PUR_100983"/0 iso=Serializable pri=0.00609211 epo=0 ts=1743851749.838571289,2 min=1743851326.119529516,0 seq=1} lock=true stat=PENDING rts=1743851326.119529516,0 wto=false gul=1743851326.369529516,0
HINT:  See: https://www.cockroachlabs.com/docs/v24.3/transaction-retry-error-reference.html#abort_reason_client_reject

2025-04-05 19:15:53,746 - ERROR - Error details: None
2025-04-05 19:15:53,916 - INFO - Successfully selected data from konghin.purchase.
2025-04-05 19:15:53,916 - INFO - Query: SELECT * FROM "konghin"."purchase"
2025-04-05 19:15:54,011 - INFO - 127.0.0.1 - - [05/Apr/2025 19:15:54] "POST /add-purchases HTTP/1.1" 200 -
2025-04-05 19:15:54,035 - INFO - 127.0.0.1 - - [05/Apr/2025 19:15:54] "[36mGET /static/css/bootstrap/styles.css HTTP/1.1[0m" 304 -
2025-04-05 19:15:54,221 - INFO - 127.0.0.1 - - [05/Apr/2025 19:15:54] "[33mGET /static/js/bootstrap/scripts.js HTTP/1.1[0m" 404 -
2025-04-05 19:15:54,223 - INFO - 127.0.0.1 - - [05/Apr/2025 19:15:54] "[33mGET /static/js/datatables-demo.js HTTP/1.1[0m" 404 -
2025-04-05 19:15:54,225 - INFO - 127.0.0.1 - - [05/Apr/2025 19:15:54] "[33mGET /static/js/script.js HTTP/1.1[0m" 404 -
2025-04-05 19:18:14,633 - INFO - Successfully selected data from konghin.salesman.
2025-04-05 19:18:14,633 - INFO - Query: SELECT * FROM "konghin"."salesman"
2025-04-05 19:18:14,635 - INFO - 127.0.0.1 - - [05/Apr/2025 19:18:14] "GET /add-purchases HTTP/1.1" 200 -
2025-04-05 19:18:14,659 - INFO - 127.0.0.1 - - [05/Apr/2025 19:18:14] "[36mGET /static/css/bootstrap/styles.css HTTP/1.1[0m" 304 -
2025-04-05 19:18:14,661 - INFO - 127.0.0.1 - - [05/Apr/2025 19:18:14] "[33mGET /static/js/bootstrap/scripts.js HTTP/1.1[0m" 404 -
2025-04-05 19:18:14,664 - INFO - 127.0.0.1 - - [05/Apr/2025 19:18:14] "[33mGET /static/js/datatables-demo.js HTTP/1.1[0m" 404 -
2025-04-05 19:18:14,668 - INFO - 127.0.0.1 - - [05/Apr/2025 19:18:14] "[33mGET /static/js/script.js HTTP/1.1[0m" 404 -
2025-04-05 19:18:34,979 - INFO - Next value of sequence pur_id_seq: 100984
2025-04-05 19:18:35,030 - INFO - Successfully inserted data into konghin.purchase.
2025-04-05 19:18:35,031 - INFO - Query: INSERT INTO "konghin"."purchase" ("pur_id", "pur_official_invoice", "pur_method", "pur_slm_id", "pur_invoice_no", "pur_date", "pur_billing_date", "pur_gold_cost", "pur_labor_cost", "pur_weight", "pur_total_cash_amt", "pur_total_amt") VALUES (%s, %s, %s, %s, %s, %s, %s, %s, %s, %s, %s, %s)
2025-04-05 19:18:35,031 - INFO - Values: ['PUR_100984', '0', 'Cash', 'SLM_100048', 'INV_CUST', '2025-04-05', '2025-04-05', '0', '0', '0', '0', '0.00']
2025-04-05 19:18:35,206 - INFO - Successfully selected data from konghin.purchase.
2025-04-05 19:18:35,206 - INFO - Query: SELECT * FROM "konghin"."purchase"
2025-04-05 19:18:35,247 - INFO - 127.0.0.1 - - [05/Apr/2025 19:18:35] "POST /add-purchases HTTP/1.1" 200 -
2025-04-05 19:18:35,281 - INFO - 127.0.0.1 - - [05/Apr/2025 19:18:35] "[36mGET /static/css/bootstrap/styles.css HTTP/1.1[0m" 304 -
2025-04-05 19:18:35,281 - INFO - 127.0.0.1 - - [05/Apr/2025 19:18:35] "[33mGET /static/js/bootstrap/scripts.js HTTP/1.1[0m" 404 -
2025-04-05 19:18:35,282 - INFO - 127.0.0.1 - - [05/Apr/2025 19:18:35] "[33mGET /static/js/datatables-demo.js HTTP/1.1[0m" 404 -
2025-04-05 19:18:35,285 - INFO - 127.0.0.1 - - [05/Apr/2025 19:18:35] "[33mGET /static/js/script.js HTTP/1.1[0m" 404 -
2025-04-07 23:05:51,257 - ERROR - Query: SELECT * FROM "konghin"."stock"
2025-04-07 23:05:51,258 - ERROR - Database error: None - server closed the connection unexpectedly
	This probably means the server terminated abnormally
	before or while processing the request.
server closed the connection unexpectedly
	This probably means the server terminated abnormally
	before or while processing the request.

2025-04-07 23:05:51,258 - ERROR - Error details: None
2025-04-07 23:05:51,258 - INFO - 127.0.0.1 - - [07/Apr/2025 23:05:51] "GET /stocks HTTP/1.1" 200 -
2025-04-07 23:05:51,286 - INFO - 127.0.0.1 - - [07/Apr/2025 23:05:51] "[33mGET /static/js/script.js HTTP/1.1[0m" 404 -
2025-04-07 23:05:51,286 - INFO - 127.0.0.1 - - [07/Apr/2025 23:05:51] "[36mGET /static/css/bootstrap/styles.css HTTP/1.1[0m" 304 -
2025-04-07 23:05:51,288 - INFO - 127.0.0.1 - - [07/Apr/2025 23:05:51] "[33mGET /static/js/bootstrap/scripts.js HTTP/1.1[0m" 404 -
2025-04-07 23:05:51,291 - INFO - 127.0.0.1 - - [07/Apr/2025 23:05:51] "[33mGET /static/js/datatables-demo.js HTTP/1.1[0m" 404 -
